ISO-10303-21;
HEADER;
FILE_DESCRIPTION(('FreeCAD Model'),'2;1');
FILE_NAME('Open CASCADE Shape Model','2026-09-05T15:50:07',(''),(''),
  'Open CASCADE STEP processor 7.8','FreeCAD','Unknown');
FILE_SCHEMA(('AUTOMOTIVE_DESIGN { 1 0 10303 214 1 1 1 1 }'));
ENDSEC;
DATA;
#1 = APPLICATION_PROTOCOL_DEFINITION('international standard',
  'automotive_design',2000,#2);
#2 = APPLICATION_CONTEXT(
  'core data for automotive mechanical design processes');
#3 = SHAPE_DEFINITION_REPRESENTATION(#4,#10);
#4 = PRODUCT_DEFINITION_SHAPE('','',#5);
#5 = PRODUCT_DEFINITION('design','',#6,#9);
#6 = PRODUCT_DEFINITION_FORMATION('','',#7);
#7 = PRODUCT('front cover','front cover','',(#8));
#8 = PRODUCT_CONTEXT('',#2,'mechanical');
#9 = PRODUCT_DEFINITION_CONTEXT('part definition',#2,'design');
#10 = ADVANCED_BREP_SHAPE_REPRESENTATION('',(#11,#15),#12179);
#11 = AXIS2_PLACEMENT_3D('',#12,#13,#14);
#12 = CARTESIAN_POINT('',(0.,0.,0.));
#13 = DIRECTION('',(0.,0.,1.));
#14 = DIRECTION('',(1.,0.,-0.));
#15 = MANIFOLD_SOLID_BREP('',#16);
#16 = CLOSED_SHELL('',(#17,#115,#198,#223,#331,#355,#380,#456,#2822,
    #2846,#2870,#3370,#3409,#3433,#3460,#3487,#3509,#3526,#3543,#3555,
    #3586,#3610,#3634,#3651,#3668,#3702,#3719,#3748,#3773,#3806,#3832,
    #3858,#3884,#3910,#3936,#3962,#3988,#4012,#4038,#4064,#4090,#4116,
    #4142,#4168,#4194,#4220,#4246,#4272,#4298,#4324,#4350,#4376,#4402,
    #4428,#4454,#4480,#4506,#4532,#4556,#4582,#4608,#4634,#4660,#4686,
    #4712,#4738,#4764,#4790,#4816,#4835,#4866,#4890,#4914,#4938,#4962,
    #4986,#5010,#5034,#5058,#5082,#5106,#5123,#5154,#5178,#5202,#5226,
    #5250,#5274,#5298,#5315,#5348,#5374,#5400,#5426,#5452,#5478,#5504,
    #5530,#5556,#5582,#5608,#5634,#5660,#5686,#5712,#5738,#5764,#5790,
    #5816,#5842,#5868,#5894,#5913,#5944,#5968,#5992,#6009,#6034,#6067,
    #6093,#6119,#6145,#6171,#6197,#6223,#6247,#6273,#6299,#6325,#6351,
    #6377,#6401,#6425,#6449,#6473,#6497,#6521,#6547,#6573,#6599,#6625,
    #6651,#6677,#6703,#6727,#6753,#6779,#6805,#6831,#6857,#6883,#6907,
    #6931,#6955,#6979,#7003,#7020,#7051,#7075,#7099,#7123,#7147,#7171,
    #7195,#7212,#7243,#7267,#7291,#7308,#7341,#7367,#7393,#7419,#7445,
    #7471,#7495,#7519,#7545,#7571,#7597,#7623,#7649,#7675,#7699,#7723,
    #7747,#7771,#7795,#7821,#7847,#7873,#7899,#7925,#7951,#7975,#8001,
    #8027,#8053,#8079,#8105,#8131,#8157,#8183,#8207,#8231,#8255,#8281,
    #8307,#8333,#8359,#8385,#8411,#8437,#8461,#8487,#8513,#8539,#8565,
    #8591,#8617,#8641,#8665,#8689,#8713,#8730,#8761,#8785,#8809,#8833,
    #8857,#8881,#8905,#8929,#8953,#8977,#9001,#9018,#9049,#9073,#9097,
    #9114,#9145,#9169,#9193,#9210,#9241,#9265,#9289,#9306,#9337,#9361,
    #9385,#9402,#9433,#9457,#9481,#9498,#9529,#9553,#9577,#9594,#9625,
    #9649,#9673,#9690,#9721,#9745,#9769,#9786,#9817,#9841,#9865,#9882,
    #9913,#9937,#9961,#9978,#10009,#10033,#10057,#10074,#10105,#10129,
    #10153,#10170,#10195,#10220,#10240,#10260,#10344,#10364,#10384,
    #10404,#10453,#10473,#10595,#10796,#10808,#10828,#10875,#10891,
    #10903,#10967,#10987,#11007,#11027,#11044,#11061,#11078,#11109,
    #11133,#11162,#11190,#11218,#11246,#11274,#11298,#11322,#11351,
    #11379,#11408,#11425,#11465,#11496,#11525,#11558,#11591,#11624,
    #11657,#11690,#11731,#11764,#11797,#11826,#11855,#11888,#11921,
    #11954,#11987,#12020,#12053,#12086,#12112,#12129,#12150));
#17 = ADVANCED_FACE('',(#18),#110,.T.);
#18 = FACE_BOUND('',#19,.T.);
#19 = EDGE_LOOP('',(#20,#30,#38,#47,#55,#63,#71,#79,#87,#95,#103));
#20 = ORIENTED_EDGE('',*,*,#21,.F.);
#21 = EDGE_CURVE('',#22,#24,#26,.T.);
#22 = VERTEX_POINT('',#23);
#23 = CARTESIAN_POINT('',(200.,27.563750644657,126.12616667255));
#24 = VERTEX_POINT('',#25);
#25 = CARTESIAN_POINT('',(200.,29.217589842516,131.8937339269));
#26 = LINE('',#27,#28);
#27 = CARTESIAN_POINT('',(200.,27.563765707614,126.12616375127));
#28 = VECTOR('',#29,1.);
#29 = DIRECTION('',(0.,0.275637355817,0.961261695938));
#30 = ORIENTED_EDGE('',*,*,#31,.F.);
#31 = EDGE_CURVE('',#32,#22,#34,.T.);
#32 = VERTEX_POINT('',#33);
#33 = CARTESIAN_POINT('',(200.,0.387383040617,31.350965211146));
#34 = LINE('',#35,#36);
#35 = CARTESIAN_POINT('',(200.,0.,30.));
#36 = VECTOR('',#37,1.);
#37 = DIRECTION('',(0.,0.275637355817,0.961261695938));
#38 = ORIENTED_EDGE('',*,*,#39,.T.);
#39 = EDGE_CURVE('',#32,#40,#42,.T.);
#40 = VERTEX_POINT('',#41);
#41 = CARTESIAN_POINT('',(200.,-4.E-15,28.594591652976));
#42 = CIRCLE('',#43,10.);
#43 = AXIS2_PLACEMENT_3D('',#44,#45,#46);
#44 = CARTESIAN_POINT('',(200.,10.,28.594591652976));
#45 = DIRECTION('',(1.,0.,-0.));
#46 = DIRECTION('',(0.,0.,1.));
#47 = ORIENTED_EDGE('',*,*,#48,.F.);
#48 = EDGE_CURVE('',#49,#40,#51,.T.);
#49 = VERTEX_POINT('',#50);
#50 = CARTESIAN_POINT('',(200.,0.,0.));
#51 = LINE('',#52,#53);
#52 = CARTESIAN_POINT('',(200.,0.,0.));
#53 = VECTOR('',#54,1.);
#54 = DIRECTION('',(0.,0.,1.));
#55 = ORIENTED_EDGE('',*,*,#56,.T.);
#56 = EDGE_CURVE('',#49,#57,#59,.T.);
#57 = VERTEX_POINT('',#58);
#58 = CARTESIAN_POINT('',(200.,5.,0.));
#59 = LINE('',#60,#61);
#60 = CARTESIAN_POINT('',(200.,0.,0.));
#61 = VECTOR('',#62,1.);
#62 = DIRECTION('',(0.,1.,0.));
#63 = ORIENTED_EDGE('',*,*,#64,.T.);
#64 = EDGE_CURVE('',#57,#65,#67,.T.);
#65 = VERTEX_POINT('',#66);
#66 = CARTESIAN_POINT('',(200.,5.,30.));
#67 = LINE('',#68,#69);
#68 = CARTESIAN_POINT('',(200.,5.,0.));
#69 = VECTOR('',#70,1.);
#70 = DIRECTION('',(0.,0.,1.));
#71 = ORIENTED_EDGE('',*,*,#72,.T.);
#72 = EDGE_CURVE('',#65,#73,#75,.T.);
#73 = VERTEX_POINT('',#74);
#74 = CARTESIAN_POINT('',(200.,32.183855822091,124.80137143324));
#75 = LINE('',#76,#77);
#76 = CARTESIAN_POINT('',(200.,5.,30.));
#77 = VECTOR('',#78,1.);
#78 = DIRECTION('',(0.,0.275637355817,0.961261695938));
#79 = ORIENTED_EDGE('',*,*,#80,.F.);
#80 = EDGE_CURVE('',#81,#73,#83,.T.);
#81 = VERTEX_POINT('',#82);
#82 = CARTESIAN_POINT('',(200.,32.177821848118,124.80310444334));
#83 = LINE('',#84,#85);
#84 = CARTESIAN_POINT('',(200.,27.5637355817,126.12616959383));
#85 = VECTOR('',#86,1.);
#86 = DIRECTION('',(0.,0.961261695938,-0.275637355817));
#87 = ORIENTED_EDGE('',*,*,#88,.T.);
#88 = EDGE_CURVE('',#81,#89,#91,.T.);
#89 = VERTEX_POINT('',#90);
#90 = CARTESIAN_POINT('',(200.,34.934195406288,134.41572140273));
#91 = LINE('',#92,#93);
#92 = CARTESIAN_POINT('',(200.,32.177821848118,124.80310444334));
#93 = VECTOR('',#94,1.);
#94 = DIRECTION('',(0.,0.275637355817,0.961261695938));
#95 = ORIENTED_EDGE('',*,*,#96,.F.);
#96 = EDGE_CURVE('',#97,#89,#99,.T.);
#97 = VERTEX_POINT('',#98);
#98 = CARTESIAN_POINT('',(200.,34.165186049537,134.63623128738));
#99 = LINE('',#100,#101);
#100 = CARTESIAN_POINT('',(200.,30.320139265784,135.73878071065));
#101 = VECTOR('',#102,1.);
#102 = DIRECTION('',(0.,0.961261695938,-0.275637355817));
#103 = ORIENTED_EDGE('',*,*,#104,.F.);
#104 = EDGE_CURVE('',#24,#97,#105,.T.);
#105 = CIRCLE('',#106,4.);
#106 = AXIS2_PLACEMENT_3D('',#107,#108,#109);
#107 = CARTESIAN_POINT('',(200.,33.062636626269,130.79118450363));
#108 = DIRECTION('',(-1.,0.,-0.));
#109 = DIRECTION('',(-0.,0.,1.));
#110 = PLANE('',#111);
#111 = AXIS2_PLACEMENT_3D('',#112,#113,#114);
#112 = CARTESIAN_POINT('',(200.,14.409305443916,67.934706105157));
#113 = DIRECTION('',(1.,0.,0.));
#114 = DIRECTION('',(0.,0.,1.));
#115 = ADVANCED_FACE('',(#116),#193,.F.);
#116 = FACE_BOUND('',#117,.F.);
#117 = EDGE_LOOP('',(#118,#119,#127,#136,#145,#153,#162,#171,#179,#187)
  );
#118 = ORIENTED_EDGE('',*,*,#21,.F.);
#119 = ORIENTED_EDGE('',*,*,#120,.F.);
#120 = EDGE_CURVE('',#121,#22,#123,.T.);
#121 = VERTEX_POINT('',#122);
#122 = CARTESIAN_POINT('',(194.36574348557,27.563765707614,
    126.12616375127));
#123 = LINE('',#124,#125);
#124 = CARTESIAN_POINT('',(0.,27.563765707614,126.12616375127));
#125 = VECTOR('',#126,1.);
#126 = DIRECTION('',(1.,0.,0.));
#127 = ORIENTED_EDGE('',*,*,#128,.F.);
#128 = EDGE_CURVE('',#129,#121,#131,.T.);
#129 = VERTEX_POINT('',#130);
#130 = CARTESIAN_POINT('',(194.4,27.696464638822,126.58893992064));
#131 = CIRCLE('',#132,3.4);
#132 = AXIS2_PLACEMENT_3D('',#133,#134,#135);
#133 = CARTESIAN_POINT('',(191.,27.696464638822,126.58893992064));
#134 = DIRECTION('',(0.,0.961261695938,-0.275637355817));
#135 = DIRECTION('',(1.,0.,0.));
#136 = ORIENTED_EDGE('',*,*,#137,.F.);
#137 = EDGE_CURVE('',#138,#129,#140,.T.);
#138 = VERTEX_POINT('',#139);
#139 = CARTESIAN_POINT('',(187.63425651442,27.563765707614,
    126.12616375127));
#140 = CIRCLE('',#141,3.4);
#141 = AXIS2_PLACEMENT_3D('',#142,#143,#144);
#142 = CARTESIAN_POINT('',(191.,27.696464638822,126.58893992064));
#143 = DIRECTION('',(0.,0.961261695938,-0.275637355817));
#144 = DIRECTION('',(1.,0.,0.));
#145 = ORIENTED_EDGE('',*,*,#146,.F.);
#146 = EDGE_CURVE('',#147,#138,#149,.T.);
#147 = VERTEX_POINT('',#148);
#148 = CARTESIAN_POINT('',(12.365743485579,27.563765707614,
    126.12616375127));
#149 = LINE('',#150,#151);
#150 = CARTESIAN_POINT('',(0.,27.563765707614,126.12616375127));
#151 = VECTOR('',#152,1.);
#152 = DIRECTION('',(1.,0.,0.));
#153 = ORIENTED_EDGE('',*,*,#154,.F.);
#154 = EDGE_CURVE('',#155,#147,#157,.T.);
#155 = VERTEX_POINT('',#156);
#156 = CARTESIAN_POINT('',(12.4,27.696464638822,126.58893992064));
#157 = CIRCLE('',#158,3.4);
#158 = AXIS2_PLACEMENT_3D('',#159,#160,#161);
#159 = CARTESIAN_POINT('',(9.,27.696464638822,126.58893992064));
#160 = DIRECTION('',(0.,0.961261695938,-0.275637355817));
#161 = DIRECTION('',(1.,0.,0.));
#162 = ORIENTED_EDGE('',*,*,#163,.F.);
#163 = EDGE_CURVE('',#164,#155,#166,.T.);
#164 = VERTEX_POINT('',#165);
#165 = CARTESIAN_POINT('',(5.634256514421,27.563765707614,
    126.12616375127));
#166 = CIRCLE('',#167,3.4);
#167 = AXIS2_PLACEMENT_3D('',#168,#169,#170);
#168 = CARTESIAN_POINT('',(9.,27.696464638822,126.58893992064));
#169 = DIRECTION('',(0.,0.961261695938,-0.275637355817));
#170 = DIRECTION('',(1.,0.,0.));
#171 = ORIENTED_EDGE('',*,*,#172,.F.);
#172 = EDGE_CURVE('',#173,#164,#175,.T.);
#173 = VERTEX_POINT('',#174);
#174 = CARTESIAN_POINT('',(0.,27.563750644657,126.12616667255));
#175 = LINE('',#176,#177);
#176 = CARTESIAN_POINT('',(0.,27.563765707614,126.12616375127));
#177 = VECTOR('',#178,1.);
#178 = DIRECTION('',(1.,0.,0.));
#179 = ORIENTED_EDGE('',*,*,#180,.T.);
#180 = EDGE_CURVE('',#173,#181,#183,.T.);
#181 = VERTEX_POINT('',#182);
#182 = CARTESIAN_POINT('',(0.,29.217589842516,131.8937339269));
#183 = LINE('',#184,#185);
#184 = CARTESIAN_POINT('',(0.,27.563765707614,126.12616375127));
#185 = VECTOR('',#186,1.);
#186 = DIRECTION('',(0.,0.275637355817,0.961261695938));
#187 = ORIENTED_EDGE('',*,*,#188,.T.);
#188 = EDGE_CURVE('',#181,#24,#189,.T.);
#189 = LINE('',#190,#191);
#190 = CARTESIAN_POINT('',(0.,29.217589842516,131.8937339269));
#191 = VECTOR('',#192,1.);
#192 = DIRECTION('',(1.,0.,0.));
#193 = PLANE('',#194);
#194 = AXIS2_PLACEMENT_3D('',#195,#196,#197);
#195 = CARTESIAN_POINT('',(0.,27.563765707614,126.12616375127));
#196 = DIRECTION('',(0.,0.961261695938,-0.275637355817));
#197 = DIRECTION('',(0.,0.275637355817,0.961261695938));
#198 = ADVANCED_FACE('',(#199),#218,.T.);
#199 = FACE_BOUND('',#200,.F.);
#200 = EDGE_LOOP('',(#201,#210,#216,#217));
#201 = ORIENTED_EDGE('',*,*,#202,.T.);
#202 = EDGE_CURVE('',#181,#203,#205,.T.);
#203 = VERTEX_POINT('',#204);
#204 = CARTESIAN_POINT('',(0.,34.165186049537,134.63623128738));
#205 = CIRCLE('',#206,4.);
#206 = AXIS2_PLACEMENT_3D('',#207,#208,#209);
#207 = CARTESIAN_POINT('',(0.,33.062636626269,130.79118450363));
#208 = DIRECTION('',(-1.,0.,-0.));
#209 = DIRECTION('',(-0.,0.,1.));
#210 = ORIENTED_EDGE('',*,*,#211,.T.);
#211 = EDGE_CURVE('',#203,#97,#212,.T.);
#212 = LINE('',#213,#214);
#213 = CARTESIAN_POINT('',(0.,34.165186049537,134.63623128738));
#214 = VECTOR('',#215,1.);
#215 = DIRECTION('',(1.,0.,0.));
#216 = ORIENTED_EDGE('',*,*,#104,.F.);
#217 = ORIENTED_EDGE('',*,*,#188,.F.);
#218 = CYLINDRICAL_SURFACE('',#219,4.);
#219 = AXIS2_PLACEMENT_3D('',#220,#221,#222);
#220 = CARTESIAN_POINT('',(0.,33.062636626269,130.79118450363));
#221 = DIRECTION('',(1.,0.,0.));
#222 = DIRECTION('',(0.,-0.961261695938,0.275637355817));
#223 = ADVANCED_FACE('',(#224,#258,#292),#326,.F.);
#224 = FACE_BOUND('',#225,.F.);
#225 = EDGE_LOOP('',(#226,#227,#235,#241,#242,#249,#250,#257));
#226 = ORIENTED_EDGE('',*,*,#31,.F.);
#227 = ORIENTED_EDGE('',*,*,#228,.F.);
#228 = EDGE_CURVE('',#229,#32,#231,.T.);
#229 = VERTEX_POINT('',#230);
#230 = CARTESIAN_POINT('',(0.,0.387383040617,31.350965211146));
#231 = LINE('',#232,#233);
#232 = CARTESIAN_POINT('',(0.,0.387383040617,31.350965211146));
#233 = VECTOR('',#234,1.);
#234 = DIRECTION('',(1.,0.,0.));
#235 = ORIENTED_EDGE('',*,*,#236,.T.);
#236 = EDGE_CURVE('',#229,#173,#237,.T.);
#237 = LINE('',#238,#239);
#238 = CARTESIAN_POINT('',(0.,0.,30.));
#239 = VECTOR('',#240,1.);
#240 = DIRECTION('',(0.,0.275637355817,0.961261695938));
#241 = ORIENTED_EDGE('',*,*,#172,.T.);
#242 = ORIENTED_EDGE('',*,*,#243,.F.);
#243 = EDGE_CURVE('',#147,#164,#244,.T.);
#244 = CIRCLE('',#245,3.4);
#245 = AXIS2_PLACEMENT_3D('',#246,#247,#248);
#246 = CARTESIAN_POINT('',(9.,27.696435253709,126.58894834669));
#247 = DIRECTION('',(0.,0.961261695938,-0.275637355817));
#248 = DIRECTION('',(1.,0.,0.));
#249 = ORIENTED_EDGE('',*,*,#146,.T.);
#250 = ORIENTED_EDGE('',*,*,#251,.F.);
#251 = EDGE_CURVE('',#121,#138,#252,.T.);
#252 = CIRCLE('',#253,3.4);
#253 = AXIS2_PLACEMENT_3D('',#254,#255,#256);
#254 = CARTESIAN_POINT('',(191.,27.696435253709,126.58894834669));
#255 = DIRECTION('',(0.,0.961261695938,-0.275637355817));
#256 = DIRECTION('',(1.,0.,0.));
#257 = ORIENTED_EDGE('',*,*,#120,.T.);
#258 = FACE_BOUND('',#259,.F.);
#259 = EDGE_LOOP('',(#260,#270,#278,#286));
#260 = ORIENTED_EDGE('',*,*,#261,.F.);
#261 = EDGE_CURVE('',#262,#264,#266,.T.);
#262 = VERTEX_POINT('',#263);
#263 = CARTESIAN_POINT('',(11.,21.49210925409,104.95189224132));
#264 = VERTEX_POINT('',#265);
#265 = CARTESIAN_POINT('',(70.,21.49210925409,104.95189224132));
#266 = LINE('',#267,#268);
#267 = CARTESIAN_POINT('',(5.5,21.49210925409,104.95189224132));
#268 = VECTOR('',#269,1.);
#269 = DIRECTION('',(1.,0.,0.));
#270 = ORIENTED_EDGE('',*,*,#271,.T.);
#271 = EDGE_CURVE('',#262,#272,#274,.T.);
#272 = VERTEX_POINT('',#273);
#273 = CARTESIAN_POINT('',(11.,9.088428242325,61.695115924095));
#274 = LINE('',#275,#276);
#275 = CARTESIAN_POINT('',(11.,4.544214121162,45.847557962048));
#276 = VECTOR('',#277,1.);
#277 = DIRECTION('',(0.,-0.275637355817,-0.961261695938));
#278 = ORIENTED_EDGE('',*,*,#279,.T.);
#279 = EDGE_CURVE('',#272,#280,#282,.T.);
#280 = VERTEX_POINT('',#281);
#281 = CARTESIAN_POINT('',(70.,9.088428242325,61.695115924095));
#282 = LINE('',#283,#284);
#283 = CARTESIAN_POINT('',(5.5,9.088428242325,61.695115924095));
#284 = VECTOR('',#285,1.);
#285 = DIRECTION('',(1.,0.,0.));
#286 = ORIENTED_EDGE('',*,*,#287,.F.);
#287 = EDGE_CURVE('',#264,#280,#288,.T.);
#288 = LINE('',#289,#290);
#289 = CARTESIAN_POINT('',(70.,4.544214121162,45.847557962048));
#290 = VECTOR('',#291,1.);
#291 = DIRECTION('',(0.,-0.275637355817,-0.961261695938));
#292 = FACE_BOUND('',#293,.F.);
#293 = EDGE_LOOP('',(#294,#304,#312,#320));
#294 = ORIENTED_EDGE('',*,*,#295,.F.);
#295 = EDGE_CURVE('',#296,#298,#300,.T.);
#296 = VERTEX_POINT('',#297);
#297 = CARTESIAN_POINT('',(82.,22.559768854038,108.67526375128));
#298 = VERTEX_POINT('',#299);
#299 = CARTESIAN_POINT('',(161.,22.559768854038,108.67526375128));
#300 = LINE('',#301,#302);
#301 = CARTESIAN_POINT('',(41.,22.559768854038,108.67526375128));
#302 = VECTOR('',#303,1.);
#303 = DIRECTION('',(1.,0.,0.));
#304 = ORIENTED_EDGE('',*,*,#305,.T.);
#305 = EDGE_CURVE('',#296,#306,#308,.T.);
#306 = VERTEX_POINT('',#307);
#307 = CARTESIAN_POINT('',(82.,6.021527505018,50.999561994984));
#308 = LINE('',#309,#310);
#309 = CARTESIAN_POINT('',(82.,3.010763752509,40.499780997492));
#310 = VECTOR('',#311,1.);
#311 = DIRECTION('',(0.,-0.275637355817,-0.961261695938));
#312 = ORIENTED_EDGE('',*,*,#313,.T.);
#313 = EDGE_CURVE('',#306,#314,#316,.T.);
#314 = VERTEX_POINT('',#315);
#315 = CARTESIAN_POINT('',(161.,6.021527505018,50.999561994984));
#316 = LINE('',#317,#318);
#317 = CARTESIAN_POINT('',(41.,6.021527505018,50.999561994984));
#318 = VECTOR('',#319,1.);
#319 = DIRECTION('',(1.,0.,0.));
#320 = ORIENTED_EDGE('',*,*,#321,.F.);
#321 = EDGE_CURVE('',#298,#314,#322,.T.);
#322 = LINE('',#323,#324);
#323 = CARTESIAN_POINT('',(161.,3.010763752509,40.499780997492));
#324 = VECTOR('',#325,1.);
#325 = DIRECTION('',(0.,-0.275637355817,-0.961261695938));
#326 = PLANE('',#327);
#327 = AXIS2_PLACEMENT_3D('',#328,#329,#330);
#328 = CARTESIAN_POINT('',(0.,0.,30.));
#329 = DIRECTION('',(0.,0.961261695938,-0.275637355817));
#330 = DIRECTION('',(0.,0.275637355817,0.961261695938));
#331 = ADVANCED_FACE('',(#332),#350,.T.);
#332 = FACE_BOUND('',#333,.T.);
#333 = EDGE_LOOP('',(#334,#342,#343,#344));
#334 = ORIENTED_EDGE('',*,*,#335,.F.);
#335 = EDGE_CURVE('',#203,#336,#338,.T.);
#336 = VERTEX_POINT('',#337);
#337 = CARTESIAN_POINT('',(0.,34.934195406288,134.41572140273));
#338 = LINE('',#339,#340);
#339 = CARTESIAN_POINT('',(0.,30.320139265784,135.73878071065));
#340 = VECTOR('',#341,1.);
#341 = DIRECTION('',(0.,0.961261695938,-0.275637355817));
#342 = ORIENTED_EDGE('',*,*,#211,.T.);
#343 = ORIENTED_EDGE('',*,*,#96,.T.);
#344 = ORIENTED_EDGE('',*,*,#345,.F.);
#345 = EDGE_CURVE('',#336,#89,#346,.T.);
#346 = LINE('',#347,#348);
#347 = CARTESIAN_POINT('',(0.,34.934195406288,134.41572140273));
#348 = VECTOR('',#349,1.);
#349 = DIRECTION('',(1.,0.,0.));
#350 = PLANE('',#351);
#351 = AXIS2_PLACEMENT_3D('',#352,#353,#354);
#352 = CARTESIAN_POINT('',(0.,30.320139265784,135.73878071065));
#353 = DIRECTION('',(0.,0.275637355817,0.961261695938));
#354 = DIRECTION('',(1.,0.,0.));
#355 = ADVANCED_FACE('',(#356),#375,.T.);
#356 = FACE_BOUND('',#357,.T.);
#357 = EDGE_LOOP('',(#358,#367,#373,#374));
#358 = ORIENTED_EDGE('',*,*,#359,.T.);
#359 = EDGE_CURVE('',#229,#360,#362,.T.);
#360 = VERTEX_POINT('',#361);
#361 = CARTESIAN_POINT('',(0.,-4.E-15,28.594591652976));
#362 = CIRCLE('',#363,10.);
#363 = AXIS2_PLACEMENT_3D('',#364,#365,#366);
#364 = CARTESIAN_POINT('',(0.,10.,28.594591652976));
#365 = DIRECTION('',(1.,0.,-0.));
#366 = DIRECTION('',(0.,0.,1.));
#367 = ORIENTED_EDGE('',*,*,#368,.T.);
#368 = EDGE_CURVE('',#360,#40,#369,.T.);
#369 = LINE('',#370,#371);
#370 = CARTESIAN_POINT('',(0.,-3.55E-15,28.594591652976));
#371 = VECTOR('',#372,1.);
#372 = DIRECTION('',(1.,0.,0.));
#373 = ORIENTED_EDGE('',*,*,#39,.F.);
#374 = ORIENTED_EDGE('',*,*,#228,.F.);
#375 = CYLINDRICAL_SURFACE('',#376,10.);
#376 = AXIS2_PLACEMENT_3D('',#377,#378,#379);
#377 = CARTESIAN_POINT('',(0.,10.,28.594591652976));
#378 = DIRECTION('',(1.,0.,0.));
#379 = DIRECTION('',(0.,-0.961261695938,0.275637355817));
#380 = ADVANCED_FACE('',(#381),#451,.T.);
#381 = FACE_BOUND('',#382,.T.);
#382 = EDGE_LOOP('',(#383,#393,#399,#400,#401,#409,#418,#427,#435,#444)
  );
#383 = ORIENTED_EDGE('',*,*,#384,.F.);
#384 = EDGE_CURVE('',#385,#387,#389,.T.);
#385 = VERTEX_POINT('',#386);
#386 = CARTESIAN_POINT('',(0.,32.177821848118,124.80310444334));
#387 = VERTEX_POINT('',#388);
#388 = CARTESIAN_POINT('',(5.634256514421,32.177821848118,
    124.80310444334));
#389 = LINE('',#390,#391);
#390 = CARTESIAN_POINT('',(0.,32.177821848118,124.80310444334));
#391 = VECTOR('',#392,1.);
#392 = DIRECTION('',(1.,0.,0.));
#393 = ORIENTED_EDGE('',*,*,#394,.T.);
#394 = EDGE_CURVE('',#385,#336,#395,.T.);
#395 = LINE('',#396,#397);
#396 = CARTESIAN_POINT('',(0.,32.177821848118,124.80310444334));
#397 = VECTOR('',#398,1.);
#398 = DIRECTION('',(0.,0.275637355817,0.961261695938));
#399 = ORIENTED_EDGE('',*,*,#345,.T.);
#400 = ORIENTED_EDGE('',*,*,#88,.F.);
#401 = ORIENTED_EDGE('',*,*,#402,.F.);
#402 = EDGE_CURVE('',#403,#81,#405,.T.);
#403 = VERTEX_POINT('',#404);
#404 = CARTESIAN_POINT('',(194.36574348557,32.177821848118,
    124.80310444334));
#405 = LINE('',#406,#407);
#406 = CARTESIAN_POINT('',(0.,32.177821848118,124.80310444334));
#407 = VECTOR('',#408,1.);
#408 = DIRECTION('',(1.,0.,0.));
#409 = ORIENTED_EDGE('',*,*,#410,.F.);
#410 = EDGE_CURVE('',#411,#403,#413,.T.);
#411 = VERTEX_POINT('',#412);
#412 = CARTESIAN_POINT('',(194.4,32.310520779326,125.26588061272));
#413 = CIRCLE('',#414,3.4);
#414 = AXIS2_PLACEMENT_3D('',#415,#416,#417);
#415 = CARTESIAN_POINT('',(191.,32.310520779326,125.26588061272));
#416 = DIRECTION('',(0.,0.961261695938,-0.275637355817));
#417 = DIRECTION('',(1.,0.,0.));
#418 = ORIENTED_EDGE('',*,*,#419,.F.);
#419 = EDGE_CURVE('',#420,#411,#422,.T.);
#420 = VERTEX_POINT('',#421);
#421 = CARTESIAN_POINT('',(187.63425651442,32.177821848118,
    124.80310444334));
#422 = CIRCLE('',#423,3.4);
#423 = AXIS2_PLACEMENT_3D('',#424,#425,#426);
#424 = CARTESIAN_POINT('',(191.,32.310520779326,125.26588061272));
#425 = DIRECTION('',(0.,0.961261695938,-0.275637355817));
#426 = DIRECTION('',(1.,0.,0.));
#427 = ORIENTED_EDGE('',*,*,#428,.F.);
#428 = EDGE_CURVE('',#429,#420,#431,.T.);
#429 = VERTEX_POINT('',#430);
#430 = CARTESIAN_POINT('',(12.365743485579,32.177821848118,
    124.80310444334));
#431 = LINE('',#432,#433);
#432 = CARTESIAN_POINT('',(0.,32.177821848118,124.80310444334));
#433 = VECTOR('',#434,1.);
#434 = DIRECTION('',(1.,0.,0.));
#435 = ORIENTED_EDGE('',*,*,#436,.F.);
#436 = EDGE_CURVE('',#437,#429,#439,.T.);
#437 = VERTEX_POINT('',#438);
#438 = CARTESIAN_POINT('',(12.4,32.310520779326,125.26588061272));
#439 = CIRCLE('',#440,3.4);
#440 = AXIS2_PLACEMENT_3D('',#441,#442,#443);
#441 = CARTESIAN_POINT('',(9.,32.310520779326,125.26588061272));
#442 = DIRECTION('',(0.,0.961261695938,-0.275637355817));
#443 = DIRECTION('',(1.,0.,0.));
#444 = ORIENTED_EDGE('',*,*,#445,.F.);
#445 = EDGE_CURVE('',#387,#437,#446,.T.);
#446 = CIRCLE('',#447,3.4);
#447 = AXIS2_PLACEMENT_3D('',#448,#449,#450);
#448 = CARTESIAN_POINT('',(9.,32.310520779326,125.26588061272));
#449 = DIRECTION('',(0.,0.961261695938,-0.275637355817));
#450 = DIRECTION('',(1.,0.,0.));
#451 = PLANE('',#452);
#452 = AXIS2_PLACEMENT_3D('',#453,#454,#455);
#453 = CARTESIAN_POINT('',(0.,32.177821848118,124.80310444334));
#454 = DIRECTION('',(0.,0.961261695938,-0.275637355817));
#455 = DIRECTION('',(0.,0.275637355817,0.961261695938));
#456 = ADVANCED_FACE('',(#457,#475,#486,#1099,#1197,#1263,#1631,#1665,
    #1676,#2059,#2125,#2159,#2719),#2817,.F.);
#457 = FACE_BOUND('',#458,.F.);
#458 = EDGE_LOOP('',(#459,#460,#468,#474));
#459 = ORIENTED_EDGE('',*,*,#48,.F.);
#460 = ORIENTED_EDGE('',*,*,#461,.F.);
#461 = EDGE_CURVE('',#462,#49,#464,.T.);
#462 = VERTEX_POINT('',#463);
#463 = CARTESIAN_POINT('',(0.,0.,0.));
#464 = LINE('',#465,#466);
#465 = CARTESIAN_POINT('',(0.,0.,0.));
#466 = VECTOR('',#467,1.);
#467 = DIRECTION('',(1.,0.,0.));
#468 = ORIENTED_EDGE('',*,*,#469,.T.);
#469 = EDGE_CURVE('',#462,#360,#470,.T.);
#470 = LINE('',#471,#472);
#471 = CARTESIAN_POINT('',(0.,0.,0.));
#472 = VECTOR('',#473,1.);
#473 = DIRECTION('',(0.,0.,1.));
#474 = ORIENTED_EDGE('',*,*,#368,.T.);
#475 = FACE_BOUND('',#476,.F.);
#476 = EDGE_LOOP('',(#477));
#477 = ORIENTED_EDGE('',*,*,#478,.F.);
#478 = EDGE_CURVE('',#479,#479,#481,.T.);
#479 = VERTEX_POINT('',#480);
#480 = CARTESIAN_POINT('',(13.2,0.,9.));
#481 = CIRCLE('',#482,4.2);
#482 = AXIS2_PLACEMENT_3D('',#483,#484,#485);
#483 = CARTESIAN_POINT('',(9.,0.,9.));
#484 = DIRECTION('',(-0.,1.,2.2E-16));
#485 = DIRECTION('',(1.,0.,0.));
#486 = FACE_BOUND('',#487,.F.);
#487 = EDGE_LOOP('',(#488,#505,#524,#535,#546,#565,#580,#595,#610,#625,
    #640,#655,#670,#678,#693,#708,#723,#742,#753,#764,#779,#798,#813,
    #832,#843,#854,#869,#888,#907,#922,#937,#956,#971,#986,#994,#1004,
    #1015,#1034,#1056,#1071,#1086));
#488 = ORIENTED_EDGE('',*,*,#489,.T.);
#489 = EDGE_CURVE('',#490,#492,#494,.T.);
#490 = VERTEX_POINT('',#491);
#491 = CARTESIAN_POINT('',(36.137529506133,0.,11.322802180157));
#492 = VERTEX_POINT('',#493);
#493 = CARTESIAN_POINT('',(35.322364147925,0.,13.138049601991));
#494 = B_SPLINE_CURVE_WITH_KNOTS('',5,(#495,#496,#497,#498,#499,#500,
    #501,#502,#503,#504),.UNSPECIFIED.,.F.,.F.,(6,4,6),(0.,
    0.797235592855,1.),.UNSPECIFIED.);
#495 = CARTESIAN_POINT('',(36.137529506133,0.,11.322802180157));
#496 = CARTESIAN_POINT('',(35.963718321828,0.,11.591403882135));
#497 = CARTESIAN_POINT('',(35.805922333581,0.,11.869339379075));
#498 = CARTESIAN_POINT('',(35.665572024643,0.,12.156001012685));
#499 = CARTESIAN_POINT('',(35.543734411621,0.,12.450468277693));
#500 = CARTESIAN_POINT('',(35.414698771751,0.,12.827928232817));
#501 = CARTESIAN_POINT('',(35.389761223406,0.,12.90488296064));
#502 = CARTESIAN_POINT('',(35.36605710932,0.,12.982235990691));
#503 = CARTESIAN_POINT('',(35.34359085181,0.,13.059965655559));
#504 = CARTESIAN_POINT('',(35.322364147925,0.,13.138049601991));
#505 = ORIENTED_EDGE('',*,*,#506,.T.);
#506 = EDGE_CURVE('',#492,#507,#509,.T.);
#507 = VERTEX_POINT('',#508);
#508 = CARTESIAN_POINT('',(35.061948905974,0.,15.121253913067));
#509 = B_SPLINE_CURVE_WITH_KNOTS('',5,(#510,#511,#512,#513,#514,#515,
    #516,#517,#518,#519,#520,#521,#522,#523),.UNSPECIFIED.,.F.,.F.,(6,4,
    4,6),(0.,4.561783552215E-02,0.52068867037,1.),.UNSPECIFIED.);
#510 = CARTESIAN_POINT('',(35.322364147925,0.,13.138049601991));
#511 = CARTESIAN_POINT('',(35.317572707635,0.,13.155675257344));
#512 = CARTESIAN_POINT('',(35.312836217063,0.,13.173315700636));
#513 = CARTESIAN_POINT('',(35.308154732541,0.,13.190970751733));
#514 = CARTESIAN_POINT('',(35.30352830587,0.,13.208640229247));
#515 = CARTESIAN_POINT('',(35.2513505707,0.,13.410484819711));
#516 = CARTESIAN_POINT('',(35.209720560982,0.,13.596191755551));
#517 = CARTESIAN_POINT('',(35.174120166374,0.,13.783234662275));
#518 = CARTESIAN_POINT('',(35.144548934587,0.,13.971398718613));
#519 = CARTESIAN_POINT('',(35.097145944916,0.,14.351217642082));
#520 = CARTESIAN_POINT('',(35.079421379809,0.,14.542891075681));
#521 = CARTESIAN_POINT('',(35.067724955251,0.,14.735260693716));
#522 = CARTESIAN_POINT('',(35.061948905974,0.,14.928114440674));
#523 = CARTESIAN_POINT('',(35.061948905974,0.,15.121253913067));
#524 = ORIENTED_EDGE('',*,*,#525,.T.);
#525 = EDGE_CURVE('',#507,#526,#528,.T.);
#526 = VERTEX_POINT('',#527);
#527 = CARTESIAN_POINT('',(35.12924107984,0.,16.205040875892));
#528 = B_SPLINE_CURVE_WITH_KNOTS('',5,(#529,#530,#531,#532,#533,#534),
  .UNSPECIFIED.,.F.,.F.,(6,6),(0.,1.),.PIECEWISE_BEZIER_KNOTS.);
#529 = CARTESIAN_POINT('',(35.061948905974,0.,15.121253913067));
#530 = CARTESIAN_POINT('',(35.061948905974,0.,15.340642006349));
#531 = CARTESIAN_POINT('',(35.068526641642,0.,15.558904027671));
#532 = CARTESIAN_POINT('',(35.081848446146,0.,15.775855528795));
#533 = CARTESIAN_POINT('',(35.102053995535,0.,15.991301765952));
#534 = CARTESIAN_POINT('',(35.12924107984,0.,16.205040875892));
#535 = ORIENTED_EDGE('',*,*,#536,.T.);
#536 = EDGE_CURVE('',#526,#537,#539,.T.);
#537 = VERTEX_POINT('',#538);
#538 = CARTESIAN_POINT('',(35.347530326769,0.,17.222082755697));
#539 = B_SPLINE_CURVE_WITH_KNOTS('',5,(#540,#541,#542,#543,#544,#545),
  .UNSPECIFIED.,.F.,.F.,(6,6),(0.,1.),.PIECEWISE_BEZIER_KNOTS.);
#540 = CARTESIAN_POINT('',(35.12924107984,0.,16.205040875892));
#541 = CARTESIAN_POINT('',(35.155809128084,0.,16.414129255575));
#542 = CARTESIAN_POINT('',(35.19073674385,0.,16.620723714262));
#543 = CARTESIAN_POINT('',(35.234247373686,0.,16.824480342619));
#544 = CARTESIAN_POINT('',(35.286496039268,0.,17.025048153656));
#545 = CARTESIAN_POINT('',(35.347530326769,0.,17.222082755697));
#546 = ORIENTED_EDGE('',*,*,#547,.T.);
#547 = EDGE_CURVE('',#537,#548,#550,.T.);
#548 = VERTEX_POINT('',#549);
#549 = CARTESIAN_POINT('',(37.364107179356,0.,20.314240208442));
#550 = B_SPLINE_CURVE_WITH_KNOTS('',5,(#551,#552,#553,#554,#555,#556,
    #557,#558,#559,#560,#561,#562,#563,#564),.UNSPECIFIED.,.F.,.F.,(6,4,
    4,6),(0.,0.359520624765,0.703194426761,1.),.UNSPECIFIED.);
#551 = CARTESIAN_POINT('',(35.347530326769,0.,17.222082755697));
#552 = CARTESIAN_POINT('',(35.422312430387,0.,17.482640124613));
#553 = CARTESIAN_POINT('',(35.508855059547,0.,17.739490659294));
#554 = CARTESIAN_POINT('',(35.607871036865,0.,17.99164941177));
#555 = CARTESIAN_POINT('',(35.719950198334,0.,18.237913067369));
#556 = CARTESIAN_POINT('',(35.964985312789,0.,18.705555928024));
#557 = CARTESIAN_POINT('',(36.09681382327,0.,18.927575009117));
#558 = CARTESIAN_POINT('',(36.240812341846,0.,19.141902091203));
#559 = CARTESIAN_POINT('',(36.396746603978,0.,19.347483413928));
#560 = CARTESIAN_POINT('',(36.708244659606,0.,19.71274321945));
#561 = CARTESIAN_POINT('',(36.860974721412,0.,19.874876804745));
#562 = CARTESIAN_POINT('',(37.021626599601,0.,20.029339699703));
#563 = CARTESIAN_POINT('',(37.189579889132,0.,20.175833274316));
#564 = CARTESIAN_POINT('',(37.364107179356,0.,20.314240208442));
#565 = ORIENTED_EDGE('',*,*,#566,.T.);
#566 = EDGE_CURVE('',#548,#567,#569,.T.);
#567 = VERTEX_POINT('',#568);
#568 = CARTESIAN_POINT('',(38.893773180395,0.,21.129405566649));
#569 = B_SPLINE_CURVE_WITH_KNOTS('',5,(#570,#571,#572,#573,#574,#575,
    #576,#577,#578,#579),.UNSPECIFIED.,.F.,.F.,(6,4,6),(0.,
    0.486208957634,1.),.UNSPECIFIED.);
#570 = CARTESIAN_POINT('',(37.364107179356,0.,20.314240208442));
#571 = CARTESIAN_POINT('',(37.49587084081,0.,20.414755124842));
#572 = CARTESIAN_POINT('',(37.63274996106,0.,20.509825105507));
#573 = CARTESIAN_POINT('',(37.774235499659,0.,20.599509128183));
#574 = CARTESIAN_POINT('',(37.919827642814,0.,20.683964927135));
#575 = CARTESIAN_POINT('',(38.226809705273,0.,20.847321201266));
#576 = CARTESIAN_POINT('',(38.388625671643,0.,20.925633915946));
#577 = CARTESIAN_POINT('',(38.554015953731,0.,20.998565905705));
#578 = CARTESIAN_POINT('',(38.722522616287,0.,21.066396298897));
#579 = CARTESIAN_POINT('',(38.893773180395,0.,21.129405566649));
#580 = ORIENTED_EDGE('',*,*,#581,.T.);
#581 = EDGE_CURVE('',#567,#582,#584,.T.);
#582 = VERTEX_POINT('',#583);
#583 = CARTESIAN_POINT('',(40.860017675293,0.,21.457112982466));
#584 = B_SPLINE_CURVE_WITH_KNOTS('',5,(#585,#586,#587,#588,#589,#590,
    #591,#592,#593,#594),.UNSPECIFIED.,.F.,.F.,(6,4,6),(0.,
    0.489248109283,1.),.UNSPECIFIED.);
#585 = CARTESIAN_POINT('',(38.893773180395,0.,21.129405566649));
#586 = CARTESIAN_POINT('',(39.075738812668,0.,21.196357294986));
#587 = CARTESIAN_POINT('',(39.26137439169,0.,21.254335247291));
#588 = CARTESIAN_POINT('',(39.450098401502,0.,21.303388131489));
#589 = CARTESIAN_POINT('',(39.64134488816,0.,21.34377203374));
#590 = CARTESIAN_POINT('',(40.036348135632,0.,21.409317915605));
#591 = CARTESIAN_POINT('',(40.240289234309,0.,21.433733384752));
#592 = CARTESIAN_POINT('',(40.445851681043,0.,21.449492508481));
#593 = CARTESIAN_POINT('',(40.652552720687,0.,21.457112982466));
#594 = CARTESIAN_POINT('',(40.860017675293,0.,21.457112982466));
#595 = ORIENTED_EDGE('',*,*,#596,.T.);
#596 = EDGE_CURVE('',#582,#597,#599,.T.);
#597 = VERTEX_POINT('',#598);
#598 = CARTESIAN_POINT('',(42.406096401666,0.,21.272196277047));
#599 = B_SPLINE_CURVE_WITH_KNOTS('',5,(#600,#601,#602,#603,#604,#605,
    #606,#607,#608,#609),.UNSPECIFIED.,.F.,.F.,(6,4,6),(0.,
    0.758648285897,1.),.UNSPECIFIED.);
#600 = CARTESIAN_POINT('',(40.860017675293,0.,21.457112982466));
#601 = CARTESIAN_POINT('',(41.097679967831,0.,21.457112982466));
#602 = CARTESIAN_POINT('',(41.334798808747,0.,21.446653201093));
#603 = CARTESIAN_POINT('',(41.570904440842,0.,21.425491413887));
#604 = CARTESIAN_POINT('',(41.805520358668,0.,21.393532885643));
#605 = CARTESIAN_POINT('',(42.112180344884,0.,21.337292878379));
#606 = CARTESIAN_POINT('',(42.185994495167,0.,21.322635426614));
#607 = CARTESIAN_POINT('',(42.259594867759,0.,21.306896904064));
#608 = CARTESIAN_POINT('',(42.332966884089,0.,21.290081788582));
#609 = CARTESIAN_POINT('',(42.406096401666,0.,21.272196277047));
#610 = ORIENTED_EDGE('',*,*,#611,.T.);
#611 = EDGE_CURVE('',#597,#612,#614,.T.);
#612 = VERTEX_POINT('',#613);
#613 = CARTESIAN_POINT('',(43.733885881109,0.,20.692279981946));
#614 = B_SPLINE_CURVE_WITH_KNOTS('',5,(#615,#616,#617,#618,#619,#620,
    #621,#622,#623,#624),.UNSPECIFIED.,.F.,.F.,(6,4,6),(0.,
    0.504281057527,1.),.UNSPECIFIED.);
#615 = CARTESIAN_POINT('',(42.406096401666,0.,21.272196277047));
#616 = CARTESIAN_POINT('',(42.548764774783,0.,21.232452173105));
#617 = CARTESIAN_POINT('',(42.689637182606,0.,21.188092947492));
#618 = CARTESIAN_POINT('',(42.828507019361,0.,21.139022920075));
#619 = CARTESIAN_POINT('',(42.965162999719,0.,21.085179735951));
#620 = CARTESIAN_POINT('',(43.231352404522,0.,20.968920663396));
#621 = CARTESIAN_POINT('',(43.360969147998,0.,20.906665088543));
#622 = CARTESIAN_POINT('',(43.48804885038,0.,20.839775674195));
#623 = CARTESIAN_POINT('',(43.612408584945,0.,20.768285668153));
#624 = CARTESIAN_POINT('',(43.733885881109,0.,20.692279981946));
#625 = ORIENTED_EDGE('',*,*,#626,.T.);
#626 = EDGE_CURVE('',#612,#627,#629,.T.);
#627 = VERTEX_POINT('',#628);
#628 = CARTESIAN_POINT('',(44.809466481268,0.,19.810369540717));
#629 = B_SPLINE_CURVE_WITH_KNOTS('',5,(#630,#631,#632,#633,#634,#635,
    #636,#637,#638,#639),.UNSPECIFIED.,.F.,.F.,(6,4,6),(0.,
    0.502864604741,1.),.UNSPECIFIED.);
#630 = CARTESIAN_POINT('',(43.733885881109,0.,20.692279981946));
#631 = CARTESIAN_POINT('',(43.853771198147,0.,20.617378757648));
#632 = CARTESIAN_POINT('',(43.971017394449,0.,20.538976140494));
#633 = CARTESIAN_POINT('',(44.085459944935,0.,20.457061033445));
#634 = CARTESIAN_POINT('',(44.196942274386,0.,20.37164746449));
#635 = CARTESIAN_POINT('',(44.412467472846,0.,20.194929956903));
#636 = CARTESIAN_POINT('',(44.516581784914,0.,20.103703518633));
#637 = CARTESIAN_POINT('',(44.617526813336,0.,20.009148314458));
#638 = CARTESIAN_POINT('',(44.715186372318,0.,19.91133695972));
#639 = CARTESIAN_POINT('',(44.809466481268,0.,19.810369540717));
#640 = ORIENTED_EDGE('',*,*,#641,.T.);
#641 = EDGE_CURVE('',#627,#642,#644,.T.);
#642 = VERTEX_POINT('',#643);
#643 = CARTESIAN_POINT('',(45.607672023298,0.,18.625370771672));
#644 = B_SPLINE_CURVE_WITH_KNOTS('',5,(#645,#646,#647,#648,#649,#650,
    #651,#652,#653,#654),.UNSPECIFIED.,.F.,.F.,(6,4,6),(0.,
    0.492103022316,1.),.UNSPECIFIED.);
#645 = CARTESIAN_POINT('',(44.809466481268,0.,19.810369540717));
#646 = CARTESIAN_POINT('',(44.902116452177,0.,19.707449934479));
#647 = CARTESIAN_POINT('',(44.991258225861,0.,19.600665340039));
#648 = CARTESIAN_POINT('',(45.07687312592,0.,19.490253543978));
#649 = CARTESIAN_POINT('',(45.158987807771,0.,19.376464052226));
#650 = CARTESIAN_POINT('',(45.318850127448,0.,19.1388638345));
#651 = CARTESIAN_POINT('',(45.396373223905,0.,19.014848378035));
#652 = CARTESIAN_POINT('',(45.470286747983,0.,18.887760209365));
#653 = CARTESIAN_POINT('',(45.540683684769,0.,18.757856452323));
#654 = CARTESIAN_POINT('',(45.607672023298,0.,18.625370771672));
#655 = ORIENTED_EDGE('',*,*,#656,.T.);
#656 = EDGE_CURVE('',#642,#657,#659,.T.);
#657 = VERTEX_POINT('',#658);
#658 = CARTESIAN_POINT('',(46.086923603023,0.,17.188710214186));
#659 = B_SPLINE_CURVE_WITH_KNOTS('',5,(#660,#661,#662,#663,#664,#665,
    #666,#667,#668,#669),.UNSPECIFIED.,.F.,.F.,(6,4,6),(0.,
    0.421618740871,1.),.UNSPECIFIED.);
#660 = CARTESIAN_POINT('',(45.607672023298,0.,18.625370771672));
#661 = CARTESIAN_POINT('',(45.665644542226,0.,18.510898051756));
#662 = CARTESIAN_POINT('',(45.720056861736,0.,18.394785772079));
#663 = CARTESIAN_POINT('',(45.770819144041,0.,18.277117759126));
#664 = CARTESIAN_POINT('',(45.817866455525,0.,18.157990935007));
#665 = CARTESIAN_POINT('',(45.920547638826,0.,17.872245530739));
#666 = CARTESIAN_POINT('',(45.972871608762,0.,17.704434113137));
#667 = CARTESIAN_POINT('',(46.018026709793,0.,17.534368870482));
#668 = CARTESIAN_POINT('',(46.056014320518,0.,17.362355045166));
#669 = CARTESIAN_POINT('',(46.086923603023,0.,17.188710214186));
#670 = ORIENTED_EDGE('',*,*,#671,.T.);
#671 = EDGE_CURVE('',#657,#672,#674,.T.);
#672 = VERTEX_POINT('',#673);
#673 = CARTESIAN_POINT('',(50.12062439904,0.,17.188710214186));
#674 = LINE('',#675,#676);
#675 = CARTESIAN_POINT('',(25.06031219952,0.,17.188710214186));
#676 = VECTOR('',#677,1.);
#677 = DIRECTION('',(1.,0.,0.));
#678 = ORIENTED_EDGE('',*,*,#679,.T.);
#679 = EDGE_CURVE('',#672,#680,#682,.T.);
#680 = VERTEX_POINT('',#681);
#681 = CARTESIAN_POINT('',(49.482169383585,0.,19.810369540717));
#682 = B_SPLINE_CURVE_WITH_KNOTS('',5,(#683,#684,#685,#686,#687,#688,
    #689,#690,#691,#692),.UNSPECIFIED.,.F.,.F.,(6,4,6),(0.,
    0.508744807355,1.),.UNSPECIFIED.);
#683 = CARTESIAN_POINT('',(50.12062439904,0.,17.188710214186));
#684 = CARTESIAN_POINT('',(50.094327040124,0.,17.464511783301));
#685 = CARTESIAN_POINT('',(50.058884204116,0.,17.739004579025));
#686 = CARTESIAN_POINT('',(50.013868573649,0.,18.011748870929));
#687 = CARTESIAN_POINT('',(49.95889782027,0.,18.282229184399));
#688 = CARTESIAN_POINT('',(49.83077985618,0.,18.808314260593));
#689 = CARTESIAN_POINT('',(49.758321396446,0.,19.064115524857));
#690 = CARTESIAN_POINT('',(49.676116907545,0.,19.316752047125));
#691 = CARTESIAN_POINT('',(49.584048628771,0.,19.565682363353));
#692 = CARTESIAN_POINT('',(49.482169383585,0.,19.810369540717));
#693 = ORIENTED_EDGE('',*,*,#694,.T.);
#694 = EDGE_CURVE('',#680,#695,#697,.T.);
#695 = VERTEX_POINT('',#696);
#696 = CARTESIAN_POINT('',(48.120460271787,0.,22.020069461389));
#697 = B_SPLINE_CURVE_WITH_KNOTS('',5,(#698,#699,#700,#701,#702,#703,
    #704,#705,#706,#707),.UNSPECIFIED.,.F.,.F.,(6,4,6),(0.,
    0.496702618684,1.),.UNSPECIFIED.);
#698 = CARTESIAN_POINT('',(49.482169383585,0.,19.810369540717));
#699 = CARTESIAN_POINT('',(49.380422592175,0.,20.047631581424));
#700 = CARTESIAN_POINT('',(49.269769198548,0.,20.281106625407));
#701 = CARTESIAN_POINT('',(49.150402092924,0.,20.51040923187));
#702 = CARTESIAN_POINT('',(49.022621020989,0.,20.735232538289));
#703 = CARTESIAN_POINT('',(48.749192576589,0.,21.178361808726));
#704 = CARTESIAN_POINT('',(48.603327530308,0.,21.396546357413));
#705 = CARTESIAN_POINT('',(48.449608124972,0.,21.609643046312));
#706 = CARTESIAN_POINT('',(48.2884930944,0.,21.817507877524));
#707 = CARTESIAN_POINT('',(48.120460271787,0.,22.020069461389));
#708 = ORIENTED_EDGE('',*,*,#709,.T.);
#709 = EDGE_CURVE('',#695,#710,#712,.T.);
#710 = VERTEX_POINT('',#711);
#711 = CARTESIAN_POINT('',(46.137255960711,0.,23.793190888202));
#712 = B_SPLINE_CURVE_WITH_KNOTS('',5,(#713,#714,#715,#716,#717,#718,
    #719,#720,#721,#722),.UNSPECIFIED.,.F.,.F.,(6,4,6),(0.,
    0.461756671266,1.),.UNSPECIFIED.);
#713 = CARTESIAN_POINT('',(48.120460271787,0.,22.020069461389));
#714 = CARTESIAN_POINT('',(47.963014342908,0.,22.210090410036));
#715 = CARTESIAN_POINT('',(47.799223274339,0.,22.394674076203));
#716 = CARTESIAN_POINT('',(47.629198747339,0.,22.573468633798));
#717 = CARTESIAN_POINT('',(47.453122987735,0.,22.746172844434));
#718 = CARTESIAN_POINT('',(47.059271329489,0.,23.106478191872));
#719 = CARTESIAN_POINT('',(46.839412475304,0.,23.291814472404));
#720 = CARTESIAN_POINT('',(46.61210179612,0.,23.468170146713));
#721 = CARTESIAN_POINT('',(46.377853758922,0.,23.635324144451));
#722 = CARTESIAN_POINT('',(46.137255960711,0.,23.793190888202));
#723 = ORIENTED_EDGE('',*,*,#724,.T.);
#724 = EDGE_CURVE('',#710,#725,#727,.T.);
#725 = VERTEX_POINT('',#726);
#726 = CARTESIAN_POINT('',(40.893937307648,0.,25.322856889241));
#727 = B_SPLINE_CURVE_WITH_KNOTS('',5,(#728,#729,#730,#731,#732,#733,
    #734,#735,#736,#737,#738,#739,#740,#741),.UNSPECIFIED.,.F.,.F.,(6,4,
    4,6),(0.,0.406599255589,0.699550121291,1.),.UNSPECIFIED.);
#728 = CARTESIAN_POINT('',(46.137255960711,0.,23.793190888202));
#729 = CARTESIAN_POINT('',(45.759336842232,0.,24.03886906892));
#730 = CARTESIAN_POINT('',(45.367688238566,0.,24.263180529838));
#731 = CARTESIAN_POINT('',(44.96324917556,0.,24.463890134826));
#732 = CARTESIAN_POINT('',(44.547484017357,0.,24.639275973019));
#733 = CARTESIAN_POINT('',(43.816476038381,0.,24.896141141196));
#734 = CARTESIAN_POINT('',(43.505586015416,0.,24.99017742455));
#735 = CARTESIAN_POINT('',(43.19073140912,0.,25.070398419708));
#736 = CARTESIAN_POINT('',(42.872740312623,0.,25.136830456502));
#737 = CARTESIAN_POINT('',(42.223959753747,0.,25.243999284508));
#738 = CARTESIAN_POINT('',(41.893035383061,0.,25.28403715718));
#739 = CARTESIAN_POINT('',(41.560560535133,0.,25.310137542717));
#740 = CARTESIAN_POINT('',(41.227310722852,0.,25.322856889241));
#741 = CARTESIAN_POINT('',(40.893937307648,0.,25.322856889241));
#742 = ORIENTED_EDGE('',*,*,#743,.T.);
#743 = EDGE_CURVE('',#725,#744,#746,.T.);
#744 = VERTEX_POINT('',#745);
#745 = CARTESIAN_POINT('',(39.280019316566,0.,25.188272541511));
#746 = B_SPLINE_CURVE_WITH_KNOTS('',5,(#747,#748,#749,#750,#751,#752),
  .UNSPECIFIED.,.F.,.F.,(6,6),(0.,1.),.PIECEWISE_BEZIER_KNOTS.);
#747 = CARTESIAN_POINT('',(40.893937307648,0.,25.322856889241));
#748 = CARTESIAN_POINT('',(40.56821793913,0.,25.322856889241));
#749 = CARTESIAN_POINT('',(40.243384982982,0.,25.30971089754));
#750 = CARTESIAN_POINT('',(39.920005034107,0.,25.283027224373));
#751 = CARTESIAN_POINT('',(39.598676223311,0.,25.242558967452));
#752 = CARTESIAN_POINT('',(39.280019316566,0.,25.188272541511));
#753 = ORIENTED_EDGE('',*,*,#754,.T.);
#754 = EDGE_CURVE('',#744,#755,#757,.T.);
#755 = VERTEX_POINT('',#756);
#756 = CARTESIAN_POINT('',(37.750900406371,0.,24.818439130673));
#757 = B_SPLINE_CURVE_WITH_KNOTS('',5,(#758,#759,#760,#761,#762,#763),
  .UNSPECIFIED.,.F.,.F.,(6,6),(0.,1.),.PIECEWISE_BEZIER_KNOTS.);
#758 = CARTESIAN_POINT('',(39.280019316566,0.,25.188272541511));
#759 = CARTESIAN_POINT('',(38.968086393771,0.,25.135094787521));
#760 = CARTESIAN_POINT('',(38.658783507072,0.,25.071714567762));
#761 = CARTESIAN_POINT('',(38.352528901916,0.,24.997899023938));
#762 = CARTESIAN_POINT('',(38.049755818633,0.,24.913489298774));
#763 = CARTESIAN_POINT('',(37.750900406371,0.,24.818439130673));
#764 = ORIENTED_EDGE('',*,*,#765,.T.);
#765 = EDGE_CURVE('',#755,#766,#768,.T.);
#766 = VERTEX_POINT('',#767);
#767 = CARTESIAN_POINT('',(35.195986162861,0.,23.465483472386));
#768 = B_SPLINE_CURVE_WITH_KNOTS('',5,(#769,#770,#771,#772,#773,#774,
    #775,#776,#777,#778),.UNSPECIFIED.,.F.,.F.,(6,4,6),(0.,
    0.484792435024,1.),.UNSPECIFIED.);
#769 = CARTESIAN_POINT('',(37.750900406371,0.,24.818439130673));
#770 = CARTESIAN_POINT('',(37.486835688371,0.,24.728193458311));
#771 = CARTESIAN_POINT('',(37.226220744009,0.,24.626312981231));
#772 = CARTESIAN_POINT('',(36.969465826322,0.,24.513609441657));
#773 = CARTESIAN_POINT('',(36.716802373347,0.,24.390966577898));
#774 = CARTESIAN_POINT('',(36.204275982117,0.,24.119173064388));
#775 = CARTESIAN_POINT('',(35.944959945825,0.,23.968844349234));
#776 = CARTESIAN_POINT('',(35.690497276559,0.,23.80919825699));
#777 = CARTESIAN_POINT('',(35.440873263965,0.,23.641151949623));
#778 = CARTESIAN_POINT('',(35.195986162861,0.,23.465483472386));
#779 = ORIENTED_EDGE('',*,*,#780,.T.);
#780 = EDGE_CURVE('',#766,#781,#783,.T.);
#781 = VERTEX_POINT('',#782);
#782 = CARTESIAN_POINT('',(32.961120063345,0.,21.188491377848));
#783 = B_SPLINE_CURVE_WITH_KNOTS('',4,(#784,#785,#786,#787,#788,#789,
    #790,#791,#792,#793,#794,#795,#796,#797),.UNSPECIFIED.,.F.,.F.,(5,3,
    3,3,5),(0.,0.246805135884,0.494332294918,0.745213818888,1.),
  .UNSPECIFIED.);
#784 = CARTESIAN_POINT('',(35.195986162861,0.,23.465483472386));
#785 = CARTESIAN_POINT('',(35.035544308394,0.,23.35041077985));
#786 = CARTESIAN_POINT('',(34.87846194241,0.,23.230652633184));
#787 = CARTESIAN_POINT('',(34.724926618732,0.,23.106344654522));
#788 = CARTESIAN_POINT('',(34.424778475886,0.,22.848639775863));
#789 = CARTESIAN_POINT('',(34.278186747295,0.,22.715216516705));
#790 = CARTESIAN_POINT('',(34.135430256934,0.,22.577606148677));
#791 = CARTESIAN_POINT('',(33.855848265234,0.,22.292561406668));
#792 = CARTESIAN_POINT('',(33.719129255565,0.,22.14501824009));
#793 = CARTESIAN_POINT('',(33.586496055225,0.,21.993657152868));
#794 = CARTESIAN_POINT('',(33.327418705517,0.,21.681409816863));
#795 = CARTESIAN_POINT('',(33.201103259052,0.,21.520411136711));
#796 = CARTESIAN_POINT('',(33.079019899759,0.,21.356015531474));
#797 = CARTESIAN_POINT('',(32.961120063345,0.,21.188491377848));
#798 = ORIENTED_EDGE('',*,*,#799,.T.);
#799 = EDGE_CURVE('',#781,#800,#802,.T.);
#800 = VERTEX_POINT('',#801);
#801 = CARTESIAN_POINT('',(31.608164405058,0.,18.423494250075));
#802 = B_SPLINE_CURVE_WITH_KNOTS('',5,(#803,#804,#805,#806,#807,#808,
    #809,#810,#811,#812),.UNSPECIFIED.,.F.,.F.,(6,4,6),(0.,
    0.495382902176,1.),.UNSPECIFIED.);
#803 = CARTESIAN_POINT('',(32.961120063345,0.,21.188491377848));
#804 = CARTESIAN_POINT('',(32.787781201025,0.,20.937056001937));
#805 = CARTESIAN_POINT('',(32.623987959181,0.,20.678962516528));
#806 = CARTESIAN_POINT('',(32.469983110086,0.,20.414707623162));
#807 = CARTESIAN_POINT('',(32.325845525316,0.,20.144841288516));
#808 = CARTESIAN_POINT('',(32.054712796722,0.,19.589918940475));
#809 = CARTESIAN_POINT('',(31.928084411332,0.,19.30466751734));
#810 = CARTESIAN_POINT('',(31.811596344967,0.,19.014792828525));
#811 = CARTESIAN_POINT('',(31.705049343398,0.,18.720886097232));
#812 = CARTESIAN_POINT('',(31.608164405058,0.,18.423494250075));
#813 = ORIENTED_EDGE('',*,*,#814,.T.);
#814 = EDGE_CURVE('',#800,#815,#817,.T.);
#815 = VERTEX_POINT('',#816);
#816 = CARTESIAN_POINT('',(31.1125001,0.,15.154626454578));
#817 = B_SPLINE_CURVE_WITH_KNOTS('',4,(#818,#819,#820,#821,#822,#823,
    #824,#825,#826,#827,#828,#829,#830,#831),.UNSPECIFIED.,.F.,.F.,(5,3,
    3,3,5),(0.,0.236155366395,0.473768013979,0.716103599871,1.),
  .UNSPECIFIED.);
#818 = CARTESIAN_POINT('',(31.608164405058,0.,18.423494250075));
#819 = CARTESIAN_POINT('',(31.54762015143,0.,18.237718284198));
#820 = CARTESIAN_POINT('',(31.492181125122,0.,18.050220243504));
#821 = CARTESIAN_POINT('',(31.441843104824,0.,17.861217388025));
#822 = CARTESIAN_POINT('',(31.350957405068,0.,17.479456554314));
#823 = CARTESIAN_POINT('',(31.31047242757,0.,17.28668194814));
#824 = CARTESIAN_POINT('',(31.275017346705,0.,17.092818004237));
#825 = CARTESIAN_POINT('',(31.213322938899,0.,16.699440536938));
#826 = CARTESIAN_POINT('',(31.187281343404,0.,16.499890872738));
#827 = CARTESIAN_POINT('',(31.166223019767,0.,16.299627213937));
#828 = CARTESIAN_POINT('',(31.130961519269,0.,15.86359961873));
#829 = CARTESIAN_POINT('',(31.118554373503,0.,15.627637438367));
#830 = CARTESIAN_POINT('',(31.1125001,0.,15.391236745087));
#831 = CARTESIAN_POINT('',(31.1125001,0.,15.154626454578));
#832 = ORIENTED_EDGE('',*,*,#833,.T.);
#833 = EDGE_CURVE('',#815,#834,#836,.T.);
#834 = VERTEX_POINT('',#835);
#835 = CARTESIAN_POINT('',(31.23833099422,0.,13.490923196652));
#836 = B_SPLINE_CURVE_WITH_KNOTS('',5,(#837,#838,#839,#840,#841,#842),
  .UNSPECIFIED.,.F.,.F.,(6,6),(0.,1.),.PIECEWISE_BEZIER_KNOTS.);
#837 = CARTESIAN_POINT('',(31.1125001,0.,15.154626454578));
#838 = CARTESIAN_POINT('',(31.1125001,0.,14.818371748129));
#839 = CARTESIAN_POINT('',(31.124614580637,0.,14.483331926494));
#840 = CARTESIAN_POINT('',(31.149358633283,0.,14.150016838148));
#841 = CARTESIAN_POINT('',(31.187172649849,0.,13.819003883377));
#842 = CARTESIAN_POINT('',(31.23833099422,0.,13.490923196652));
#843 = ORIENTED_EDGE('',*,*,#844,.T.);
#844 = EDGE_CURVE('',#834,#845,#847,.T.);
#845 = VERTEX_POINT('',#846);
#846 = CARTESIAN_POINT('',(31.599410951547,0.,11.927884654102));
#847 = B_SPLINE_CURVE_WITH_KNOTS('',5,(#848,#849,#850,#851,#852,#853),
  .UNSPECIFIED.,.F.,.F.,(6,6),(0.,1.),.PIECEWISE_BEZIER_KNOTS.);
#848 = CARTESIAN_POINT('',(31.23833099422,0.,13.490923196652));
#849 = CARTESIAN_POINT('',(31.288066445852,0.,13.172183824019));
#850 = CARTESIAN_POINT('',(31.348839956101,0.,12.856035576973));
#851 = CARTESIAN_POINT('',(31.42090422828,0.,12.542947204554));
#852 = CARTESIAN_POINT('',(31.504420015062,0.,12.233402014934));
#853 = CARTESIAN_POINT('',(31.599410951547,0.,11.927884654102));
#854 = ORIENTED_EDGE('',*,*,#855,.T.);
#855 = EDGE_CURVE('',#845,#856,#858,.T.);
#856 = VERTEX_POINT('',#857);
#857 = CARTESIAN_POINT('',(32.944160247167,0.,9.146474800996));
#858 = B_SPLINE_CURVE_WITH_KNOTS('',5,(#859,#860,#861,#862,#863,#864,
    #865,#866,#867,#868),.UNSPECIFIED.,.F.,.F.,(6,4,6),(0.,
    0.278778358977,1.),.UNSPECIFIED.);
#859 = CARTESIAN_POINT('',(31.599410951547,0.,11.927884654102));
#860 = CARTESIAN_POINT('',(31.650156338722,0.,11.76262588117));
#861 = CARTESIAN_POINT('',(31.704392960002,0.,11.598469905923));
#862 = CARTESIAN_POINT('',(31.762116257434,0.,11.435514451522));
#863 = CARTESIAN_POINT('',(31.823306049268,0.,11.273853118278));
#864 = CARTESIAN_POINT('',(32.055104819188,0.,10.698924220574));
#865 = CARTESIAN_POINT('',(32.245255603656,0.,10.29350513564));
#866 = CARTESIAN_POINT('',(32.457734578993,0.,9.89893839222));
#867 = CARTESIAN_POINT('',(32.691262338467,0.,9.516345759606));
#868 = CARTESIAN_POINT('',(32.944160247167,0.,9.146474800996));
#869 = ORIENTED_EDGE('',*,*,#870,.T.);
#870 = EDGE_CURVE('',#856,#871,#873,.T.);
#871 = VERTEX_POINT('',#872);
#872 = CARTESIAN_POINT('',(35.061948905974,0.,6.936227789479));
#873 = B_SPLINE_CURVE_WITH_KNOTS('',5,(#874,#875,#876,#877,#878,#879,
    #880,#881,#882,#883,#884,#885,#886,#887),.UNSPECIFIED.,.F.,.F.,(6,4,
    4,6),(0.,0.403083137067,0.7996463958,1.),.UNSPECIFIED.);
#874 = CARTESIAN_POINT('',(32.944160247167,0.,9.146474800996));
#875 = CARTESIAN_POINT('',(33.084441138639,0.,8.941309688838));
#876 = CARTESIAN_POINT('',(33.231022543096,0.,8.740683442248));
#877 = CARTESIAN_POINT('',(33.383929226939,0.,8.544984720157));
#878 = CARTESIAN_POINT('',(33.543122929402,0.,8.354594911507));
#879 = CARTESIAN_POINT('',(33.871152382324,0.,7.988124560421));
#880 = CARTESIAN_POINT('',(34.039793351425,0.,7.811859176793));
#881 = CARTESIAN_POINT('',(34.21427400465,0.,7.641406727193));
#882 = CARTESIAN_POINT('',(34.394404525179,0.,7.477053574778));
#883 = CARTESIAN_POINT('',(34.673646196899,0.,7.239185540138));
#884 = CARTESIAN_POINT('',(34.768747896904,0.,7.160959725766));
#885 = CARTESIAN_POINT('',(34.865190877978,0.,7.084376523065));
#886 = CARTESIAN_POINT('',(34.962938050121,0.,7.009459626243));
#887 = CARTESIAN_POINT('',(35.061948905974,0.,6.936227789479));
#888 = ORIENTED_EDGE('',*,*,#889,.T.);
#889 = EDGE_CURVE('',#871,#890,#892,.T.);
#890 = VERTEX_POINT('',#891);
#891 = CARTESIAN_POINT('',(37.944023474456,0.,5.440481420795));
#892 = B_SPLINE_CURVE_WITH_KNOTS('',4,(#893,#894,#895,#896,#897,#898,
    #899,#900,#901,#902,#903,#904,#905,#906),.UNSPECIFIED.,.F.,.F.,(5,3,
    3,3,5),(0.,0.260704059957,0.513144872637,0.758979246507,1.),
  .UNSPECIFIED.);
#893 = CARTESIAN_POINT('',(35.061948905974,0.,6.936227789479));
#894 = CARTESIAN_POINT('',(35.233280583099,0.,6.808300137226));
#895 = CARTESIAN_POINT('',(35.407604519411,0.,6.684735824808));
#896 = CARTESIAN_POINT('',(35.584936946755,0.,6.565884719712));
#897 = CARTESIAN_POINT('',(35.939816744708,0.,6.341962686706));
#898 = CARTESIAN_POINT('',(36.117178583263,0.,6.236573528502));
#899 = CARTESIAN_POINT('',(36.297279102642,0.,6.136294014458));
#900 = CARTESIAN_POINT('',(36.65795557639,0.,5.949109223413));
#901 = CARTESIAN_POINT('',(36.838395575373,0.,5.861921464617));
#902 = CARTESIAN_POINT('',(37.02122541178,0.,5.78020913967));
#903 = CARTESIAN_POINT('',(37.387694189854,0.,5.629773432377));
#904 = CARTESIAN_POINT('',(37.571247550785,0.,5.560825816507));
#905 = CARTESIAN_POINT('',(37.756766274792,0.,5.497664450862));
#906 = CARTESIAN_POINT('',(37.944023474456,0.,5.440481420795));
#907 = ORIENTED_EDGE('',*,*,#908,.T.);
#908 = EDGE_CURVE('',#890,#909,#911,.T.);
#909 = VERTEX_POINT('',#910);
#910 = CARTESIAN_POINT('',(40.893937307648,0.,4.986943110759));
#911 = B_SPLINE_CURVE_WITH_KNOTS('',5,(#912,#913,#914,#915,#916,#917,
    #918,#919,#920,#921),.UNSPECIFIED.,.F.,.F.,(6,4,6),(0.,
    0.507006051732,1.),.UNSPECIFIED.);
#912 = CARTESIAN_POINT('',(37.944023474456,0.,5.440481420795));
#913 = CARTESIAN_POINT('',(38.235637516542,0.,5.351570776849));
#914 = CARTESIAN_POINT('',(38.529905080633,0.,5.272560542524));
#915 = CARTESIAN_POINT('',(38.826535804687,0.,5.204017253656));
#916 = CARTESIAN_POINT('',(39.125151903155,0.,5.146470030076));
#917 = CARTESIAN_POINT('',(39.71709756452,0.,5.055460580286));
#918 = CARTESIAN_POINT('',(40.010351629611,0.,5.021375596345));
#919 = CARTESIAN_POINT('',(40.304584150039,0.,4.998450147572));
#920 = CARTESIAN_POINT('',(40.599296336645,0.,4.986943110759));
#921 = CARTESIAN_POINT('',(40.893937307648,0.,4.986943110759));
#922 = ORIENTED_EDGE('',*,*,#923,.T.);
#923 = EDGE_CURVE('',#909,#924,#926,.T.);
#924 = VERTEX_POINT('',#925);
#925 = CARTESIAN_POINT('',(43.700513339598,0.,5.390149063107));
#926 = B_SPLINE_CURVE_WITH_KNOTS('',5,(#927,#928,#929,#930,#931,#932,
    #933,#934,#935,#936),.UNSPECIFIED.,.F.,.F.,(6,4,6),(0.,
    0.490596505521,1.),.UNSPECIFIED.);
#927 = CARTESIAN_POINT('',(40.893937307648,0.,4.986943110759));
#928 = CARTESIAN_POINT('',(41.173951671147,0.,4.986943110759));
#929 = CARTESIAN_POINT('',(41.453687539344,0.,4.996189608807));
#930 = CARTESIAN_POINT('',(41.73276069491,0.,5.015000244377));
#931 = CARTESIAN_POINT('',(42.010745473303,0.,5.043621925948));
#932 = CARTESIAN_POINT('',(42.574210960238,0.,5.122213635219));
#933 = CARTESIAN_POINT('',(42.859577829314,0.,5.172960956007));
#934 = CARTESIAN_POINT('',(43.142756585122,0.,5.234559768443));
#935 = CARTESIAN_POINT('',(43.423234079163,0.,5.30701040772));
#936 = CARTESIAN_POINT('',(43.700513339598,0.,5.390149063107));
#937 = ORIENTED_EDGE('',*,*,#938,.T.);
#938 = EDGE_CURVE('',#924,#939,#941,.T.);
#939 = VERTEX_POINT('',#940);
#940 = CARTESIAN_POINT('',(48.104047546453,0.,8.2809770851));
#941 = B_SPLINE_CURVE_WITH_KNOTS('',5,(#942,#943,#944,#945,#946,#947,
    #948,#949,#950,#951,#952,#953,#954,#955),.UNSPECIFIED.,.F.,.F.,(6,4,
    4,6),(0.,0.300542708532,0.591439805445,1.),.UNSPECIFIED.);
#942 = CARTESIAN_POINT('',(43.700513339598,0.,5.390149063107));
#943 = CARTESIAN_POINT('',(44.008556455425,0.,5.483180102387));
#944 = CARTESIAN_POINT('',(44.312885536283,0.,5.588056003182));
#945 = CARTESIAN_POINT('',(44.61269509106,0.,5.705222207958));
#946 = CARTESIAN_POINT('',(44.907089256871,0.,5.834989567264));
#947 = CARTESIAN_POINT('',(45.473957550809,0.,6.115196554177));
#948 = CARTESIAN_POINT('',(45.746845239687,0.,6.264845395101));
#949 = CARTESIAN_POINT('',(46.012956902798,0.,6.426336479761));
#950 = CARTESIAN_POINT('',(46.27151558859,0.,6.599462564771));
#951 = CARTESIAN_POINT('',(46.873459756852,0.,7.042539397821));
#952 = CARTESIAN_POINT('',(47.208908361607,0.,7.323369342152));
#953 = CARTESIAN_POINT('',(47.526300559943,0.,7.624840023029));
#954 = CARTESIAN_POINT('',(47.824753475316,0.,7.94485350944));
#955 = CARTESIAN_POINT('',(48.104047546453,0.,8.2809770851));
#956 = ORIENTED_EDGE('',*,*,#957,.T.);
#957 = EDGE_CURVE('',#939,#958,#960,.T.);
#958 = VERTEX_POINT('',#959);
#959 = CARTESIAN_POINT('',(49.456456113896,0.,10.465510826928));
#960 = B_SPLINE_CURVE_WITH_KNOTS('',5,(#961,#962,#963,#964,#965,#966,
    #967,#968,#969,#970),.UNSPECIFIED.,.F.,.F.,(6,4,6),(0.,0.33117079887
    ,1.),.UNSPECIFIED.);
#961 = CARTESIAN_POINT('',(48.104047546453,0.,8.2809770851));
#962 = CARTESIAN_POINT('',(48.213123692942,0.,8.412303315955));
#963 = CARTESIAN_POINT('',(48.319171290117,0.,8.546084363337));
#964 = CARTESIAN_POINT('',(48.422101248519,0.,8.682258094104));
#965 = CARTESIAN_POINT('',(48.521838820841,0.,8.820749544455));
#966 = CARTESIAN_POINT('',(48.81318329148,0.,9.245670388801));
#967 = CARTESIAN_POINT('',(48.994782949316,0.,9.538975207762));
#968 = CARTESIAN_POINT('',(49.162610467508,0.,9.840641894926));
#969 = CARTESIAN_POINT('',(49.316479466775,0.,10.149803414963));
#970 = CARTESIAN_POINT('',(49.456456113896,0.,10.465510826928));
#971 = ORIENTED_EDGE('',*,*,#972,.T.);
#972 = EDGE_CURVE('',#958,#973,#975,.T.);
#973 = VERTEX_POINT('',#974);
#974 = CARTESIAN_POINT('',(50.12062439904,0.,13.121089785814));
#975 = B_SPLINE_CURVE_WITH_KNOTS('',5,(#976,#977,#978,#979,#980,#981,
    #982,#983,#984,#985),.UNSPECIFIED.,.F.,.F.,(6,4,6),(0.,
    0.488888838981,1.),.UNSPECIFIED.);
#976 = CARTESIAN_POINT('',(49.456456113896,0.,10.465510826928));
#977 = CARTESIAN_POINT('',(49.564802720336,0.,10.709738404667));
#978 = CARTESIAN_POINT('',(49.662032077536,0.,10.959212054286));
#979 = CARTESIAN_POINT('',(49.748193982502,0.,11.213164567924));
#980 = CARTESIAN_POINT('',(49.823585407233,0.,11.470849750366));
#981 = CARTESIAN_POINT('',(49.956604404687,0.,12.004190127538));
#982 = CARTESIAN_POINT('',(50.013269556335,0.,12.280133321519));
#983 = CARTESIAN_POINT('',(50.05908787343,0.,12.558669947309));
#984 = CARTESIAN_POINT('',(50.094667987177,0.,12.839156726878));
#985 = CARTESIAN_POINT('',(50.12062439904,0.,13.121089785814));
#986 = ORIENTED_EDGE('',*,*,#987,.T.);
#987 = EDGE_CURVE('',#973,#988,#990,.T.);
#988 = VERTEX_POINT('',#989);
#989 = CARTESIAN_POINT('',(46.086923603023,0.,13.121089785814));
#990 = LINE('',#991,#992);
#991 = CARTESIAN_POINT('',(23.043461801511,0.,13.121089785814));
#992 = VECTOR('',#993,1.);
#993 = DIRECTION('',(-1.,0.,0.));
#994 = ORIENTED_EDGE('',*,*,#995,.T.);
#995 = EDGE_CURVE('',#988,#996,#998,.T.);
#996 = VERTEX_POINT('',#997);
#997 = CARTESIAN_POINT('',(45.885047081426,0.,12.373216601472));
#998 = B_SPLINE_CURVE_WITH_KNOTS('',4,(#999,#1000,#1001,#1002,#1003),
  .UNSPECIFIED.,.F.,.F.,(5,5),(0.,1.),.PIECEWISE_BEZIER_KNOTS.);
#999 = CARTESIAN_POINT('',(46.086923603023,0.,13.121089785814));
#1000 = CARTESIAN_POINT('',(46.04538312096,0.,12.929406254203));
#1001 = CARTESIAN_POINT('',(45.997959557087,0.,12.740730498605));
#1002 = CARTESIAN_POINT('',(45.944537230644,0.,12.555267474771));
#1003 = CARTESIAN_POINT('',(45.885047081426,0.,12.373216601472));
#1004 = ORIENTED_EDGE('',*,*,#1005,.T.);
#1005 = EDGE_CURVE('',#996,#1006,#1008,.T.);
#1006 = VERTEX_POINT('',#1007);
#1007 = CARTESIAN_POINT('',(45.616425476809,0.,11.692635590995));
#1008 = B_SPLINE_CURVE_WITH_KNOTS('',5,(#1009,#1010,#1011,#1012,#1013,
    #1014),.UNSPECIFIED.,.F.,.F.,(6,6),(0.,1.),
  .PIECEWISE_BEZIER_KNOTS.);
#1009 = CARTESIAN_POINT('',(45.885047081426,0.,12.373216601472));
#1010 = CARTESIAN_POINT('',(45.838607579173,0.,12.23065812944));
#1011 = CARTESIAN_POINT('',(45.788594486619,0.,12.091160848118));
#1012 = CARTESIAN_POINT('',(45.734932910744,0.,11.954884305054));
#1013 = CARTESIAN_POINT('',(45.677558752983,0.,11.821990059421));
#1014 = CARTESIAN_POINT('',(45.616425476809,0.,11.692635590995));
#1015 = ORIENTED_EDGE('',*,*,#1016,.T.);
#1016 = EDGE_CURVE('',#1006,#1017,#1019,.T.);
#1017 = VERTEX_POINT('',#1018);
#1018 = CARTESIAN_POINT('',(43.733885881109,0.,9.608766564543));
#1019 = B_SPLINE_CURVE_WITH_KNOTS('',5,(#1020,#1021,#1022,#1023,#1024,
    #1025,#1026,#1027,#1028,#1029,#1030,#1031,#1032,#1033),
  .UNSPECIFIED.,.F.,.F.,(6,4,4,6),(0.,0.29864499948,0.590027535982,1.),
  .UNSPECIFIED.);
#1020 = CARTESIAN_POINT('',(45.616425476809,0.,11.692635590995));
#1021 = CARTESIAN_POINT('',(45.540853668212,0.,11.539536442861));
#1022 = CARTESIAN_POINT('',(45.45967304201,0.,11.389449198624));
#1023 = CARTESIAN_POINT('',(45.372759031795,0.,11.242773630792));
#1024 = CARTESIAN_POINT('',(45.280054961518,0.,11.099927309747));
#1025 = CARTESIAN_POINT('',(45.085589129298,0.,10.826066944776));
#1026 = CARTESIAN_POINT('',(44.984099066735,0.,10.69484474676));
#1027 = CARTESIAN_POINT('',(44.877217521071,0.,10.568022959832));
#1028 = CARTESIAN_POINT('',(44.765095365019,0.,10.445928619938));
#1029 = CARTESIAN_POINT('',(44.483229533294,0.,10.164050346964));
#1030 = CARTESIAN_POINT('',(44.308587773499,0.,10.009132223525));
#1031 = CARTESIAN_POINT('',(44.124804875416,0.,9.864810802463));
#1032 = CARTESIAN_POINT('',(43.932866813883,0.,9.731366497264));
#1033 = CARTESIAN_POINT('',(43.733885881109,0.,9.608766564543));
#1034 = ORIENTED_EDGE('',*,*,#1035,.T.);
#1035 = EDGE_CURVE('',#1017,#1036,#1038,.T.);
#1036 = VERTEX_POINT('',#1037);
#1037 = CARTESIAN_POINT('',(40.860017675293,0.,8.85213992669));
#1038 = B_SPLINE_CURVE_WITH_KNOTS('',6,(#1039,#1040,#1041,#1042,#1043,
    #1044,#1045,#1046,#1047,#1048,#1049,#1050,#1051,#1052,#1053,#1054,
    #1055),.UNSPECIFIED.,.F.,.F.,(7,5,5,7),(0.,0.123042818233,
    0.550169538595,1.),.UNSPECIFIED.);
#1039 = CARTESIAN_POINT('',(43.733885881109,0.,9.608766564543));
#1040 = CARTESIAN_POINT('',(43.681328862615,0.,9.576788405028));
#1041 = CARTESIAN_POINT('',(43.62830578341,0.,9.545589811281));
#1042 = CARTESIAN_POINT('',(43.574827824672,0.,9.515181519087));
#1043 = CARTESIAN_POINT('',(43.520906986765,0.,9.485573012226));
#1044 = CARTESIAN_POINT('',(43.466556089242,0.,9.456772522466));
#1045 = CARTESIAN_POINT('',(43.221671335087,0.,9.331639126344));
#1046 = CARTESIAN_POINT('',(43.026519349828,0.,9.244303697352));
#1047 = CARTESIAN_POINT('',(42.826937449966,0.,9.167093395511));
#1048 = CARTESIAN_POINT('',(42.623569445949,0.,9.10007704797));
#1049 = CARTESIAN_POINT('',(42.417080318729,0.,9.043127860858));
#1050 = CARTESIAN_POINT('',(41.988089881126,0.,8.9463088173));
#1051 = CARTESIAN_POINT('',(41.765298385696,0.,8.907502647601));
#1052 = CARTESIAN_POINT('',(41.540499790085,0.,8.879226942901));
#1053 = CARTESIAN_POINT('',(41.314342716248,0.,8.860968387309));
#1054 = CARTESIAN_POINT('',(41.087371532388,0.,8.85213992669));
#1055 = CARTESIAN_POINT('',(40.860017675293,0.,8.85213992669));
#1056 = ORIENTED_EDGE('',*,*,#1057,.T.);
#1057 = EDGE_CURVE('',#1036,#1058,#1060,.T.);
#1058 = VERTEX_POINT('',#1059);
#1059 = CARTESIAN_POINT('',(38.96106535426,0.,9.154681163662));
#1060 = B_SPLINE_CURVE_WITH_KNOTS('',5,(#1061,#1062,#1063,#1064,#1065,
    #1066,#1067,#1068,#1069,#1070),.UNSPECIFIED.,.F.,.F.,(6,4,6),(0.,
    0.843260589697,1.),.UNSPECIFIED.);
#1061 = CARTESIAN_POINT('',(40.860017675293,0.,8.85213992669));
#1062 = CARTESIAN_POINT('',(40.532530767338,0.,8.85213992669));
#1063 = CARTESIAN_POINT('',(40.206157485991,0.,8.872775564141));
#1064 = CARTESIAN_POINT('',(39.882479624191,0.,8.915204882852));
#1065 = CARTESIAN_POINT('',(39.563178553147,0.,8.97998446385));
#1066 = CARTESIAN_POINT('',(39.191745924894,0.,9.082735985061));
#1067 = CARTESIAN_POINT('',(39.133736871207,0.,9.099597002757));
#1068 = CARTESIAN_POINT('',(39.075947194533,0.,9.117210973424));
#1069 = CARTESIAN_POINT('',(39.018386831194,0.,9.135574004684));
#1070 = CARTESIAN_POINT('',(38.96106535426,0.,9.154681163662));
#1071 = ORIENTED_EDGE('',*,*,#1072,.T.);
#1072 = EDGE_CURVE('',#1058,#1073,#1075,.T.);
#1073 = VERTEX_POINT('',#1074);
#1074 = CARTESIAN_POINT('',(37.355900816689,0.,9.995012700714));
#1075 = B_SPLINE_CURVE_WITH_KNOTS('',5,(#1076,#1077,#1078,#1079,#1080,
    #1081,#1082,#1083,#1084,#1085),.UNSPECIFIED.,.F.,.F.,(6,4,6),(0.,
    0.393131534914,1.),.UNSPECIFIED.);
#1076 = CARTESIAN_POINT('',(38.96106535426,0.,9.154681163662));
#1077 = CARTESIAN_POINT('',(38.824019097791,0.,9.19687563061));
#1078 = CARTESIAN_POINT('',(38.688628883805,0.,9.243876108302));
#1079 = CARTESIAN_POINT('',(38.55510259454,0.,9.295703249028));
#1080 = CARTESIAN_POINT('',(38.423635391115,0.,9.352328500666));
#1081 = CARTESIAN_POINT('',(38.09491902024,0.,9.50835251004));
#1082 = CARTESIAN_POINT('',(37.900752403811,0.,9.614274838693));
#1083 = CARTESIAN_POINT('',(37.712585185231,0.,9.731114493119));
#1084 = CARTESIAN_POINT('',(37.530872842217,0.,9.858283063999));
#1085 = CARTESIAN_POINT('',(37.355900816689,0.,9.995012700714));
#1086 = ORIENTED_EDGE('',*,*,#1087,.T.);
#1087 = EDGE_CURVE('',#1073,#490,#1088,.T.);
#1088 = B_SPLINE_CURVE_WITH_KNOTS('',5,(#1089,#1090,#1091,#1092,#1093,
    #1094,#1095,#1096,#1097,#1098),.UNSPECIFIED.,.F.,.F.,(6,4,6),(0.,
    0.779388873039,1.),.UNSPECIFIED.);
#1089 = CARTESIAN_POINT('',(37.355900816689,0.,9.995012700714));
#1090 = CARTESIAN_POINT('',(37.132337136046,0.,10.169880998821));
#1091 = CARTESIAN_POINT('',(36.920194424209,0.,10.357731231842));
#1092 = CARTESIAN_POINT('',(36.720979779087,0.,10.558488158559));
#1093 = CARTESIAN_POINT('',(36.535962926624,0.,10.77167062328));
#1094 = CARTESIAN_POINT('',(36.317838646504,0.,11.059740825276));
#1095 = CARTESIAN_POINT('',(36.270919616655,0.,11.124202274541));
#1096 = CARTESIAN_POINT('',(36.225219777741,0.,11.18955040746));
#1097 = CARTESIAN_POINT('',(36.180753011951,0.,11.255759660471));
#1098 = CARTESIAN_POINT('',(36.137529506133,0.,11.322802180157));
#1099 = FACE_BOUND('',#1100,.F.);
#1100 = EDGE_LOOP('',(#1101,#1111,#1119,#1127,#1135,#1143,#1151,#1159,
    #1167,#1175,#1183,#1191));
#1101 = ORIENTED_EDGE('',*,*,#1102,.T.);
#1102 = EDGE_CURVE('',#1103,#1105,#1107,.T.);
#1103 = VERTEX_POINT('',#1104);
#1104 = CARTESIAN_POINT('',(55.593721206765,0.,25.1549));
#1105 = VERTEX_POINT('',#1106);
#1106 = CARTESIAN_POINT('',(51.644272400791,0.,25.1549));
#1107 = LINE('',#1108,#1109);
#1108 = CARTESIAN_POINT('',(25.822136200395,0.,25.1549));
#1109 = VECTOR('',#1110,1.);
#1110 = DIRECTION('',(-1.,0.,0.));
#1111 = ORIENTED_EDGE('',*,*,#1112,.T.);
#1112 = EDGE_CURVE('',#1105,#1113,#1115,.T.);
#1113 = VERTEX_POINT('',#1114);
#1114 = CARTESIAN_POINT('',(51.644272400791,0.,5.1549));
#1115 = LINE('',#1116,#1117);
#1116 = CARTESIAN_POINT('',(51.644272400791,0.,2.57745));
#1117 = VECTOR('',#1118,1.);
#1118 = DIRECTION('',(0.,0.,-1.));
#1119 = ORIENTED_EDGE('',*,*,#1120,.T.);
#1120 = EDGE_CURVE('',#1113,#1121,#1123,.T.);
#1121 = VERTEX_POINT('',#1122);
#1122 = CARTESIAN_POINT('',(55.593721206765,0.,5.1549));
#1123 = LINE('',#1124,#1125);
#1124 = CARTESIAN_POINT('',(27.796860603382,0.,5.1549));
#1125 = VECTOR('',#1126,1.);
#1126 = DIRECTION('',(1.,0.,0.));
#1127 = ORIENTED_EDGE('',*,*,#1128,.T.);
#1128 = EDGE_CURVE('',#1121,#1129,#1131,.T.);
#1129 = VERTEX_POINT('',#1130);
#1130 = CARTESIAN_POINT('',(55.593721206765,0.,14.448879265257));
#1131 = LINE('',#1132,#1133);
#1132 = CARTESIAN_POINT('',(55.593721206765,0.,7.224439632628));
#1133 = VECTOR('',#1134,1.);
#1134 = DIRECTION('',(0.,0.,1.));
#1135 = ORIENTED_EDGE('',*,*,#1136,.T.);
#1136 = EDGE_CURVE('',#1129,#1137,#1139,.T.);
#1137 = VERTEX_POINT('',#1138);
#1138 = CARTESIAN_POINT('',(58.534881586446,0.,14.448879265257));
#1139 = LINE('',#1140,#1141);
#1140 = CARTESIAN_POINT('',(29.267440793223,0.,14.448879265257));
#1141 = VECTOR('',#1142,1.);
#1142 = DIRECTION('',(1.,0.,0.));
#1143 = ORIENTED_EDGE('',*,*,#1144,.T.);
#1144 = EDGE_CURVE('',#1137,#1145,#1147,.T.);
#1145 = VERTEX_POINT('',#1146);
#1146 = CARTESIAN_POINT('',(58.534881586446,0.,5.1549));
#1147 = LINE('',#1148,#1149);
#1148 = CARTESIAN_POINT('',(58.534881586446,0.,2.57745));
#1149 = VECTOR('',#1150,1.);
#1150 = DIRECTION('',(0.,0.,-1.));
#1151 = ORIENTED_EDGE('',*,*,#1152,.T.);
#1152 = EDGE_CURVE('',#1145,#1153,#1155,.T.);
#1153 = VERTEX_POINT('',#1154);
#1154 = CARTESIAN_POINT('',(62.484877483264,0.,5.1549));
#1155 = LINE('',#1156,#1157);
#1156 = CARTESIAN_POINT('',(31.242438741632,0.,5.1549));
#1157 = VECTOR('',#1158,1.);
#1158 = DIRECTION('',(1.,0.,0.));
#1159 = ORIENTED_EDGE('',*,*,#1160,.T.);
#1160 = EDGE_CURVE('',#1153,#1161,#1163,.T.);
#1161 = VERTEX_POINT('',#1162);
#1162 = CARTESIAN_POINT('',(62.484877483264,0.,25.1549));
#1163 = LINE('',#1164,#1165);
#1164 = CARTESIAN_POINT('',(62.484877483264,0.,12.57745));
#1165 = VECTOR('',#1166,1.);
#1166 = DIRECTION('',(0.,0.,1.));
#1167 = ORIENTED_EDGE('',*,*,#1168,.T.);
#1168 = EDGE_CURVE('',#1161,#1169,#1171,.T.);
#1169 = VERTEX_POINT('',#1170);
#1170 = CARTESIAN_POINT('',(58.534881586446,0.,25.1549));
#1171 = LINE('',#1172,#1173);
#1172 = CARTESIAN_POINT('',(29.267440793223,0.,25.1549));
#1173 = VECTOR('',#1174,1.);
#1174 = DIRECTION('',(-1.,0.,0.));
#1175 = ORIENTED_EDGE('',*,*,#1176,.T.);
#1176 = EDGE_CURVE('',#1169,#1177,#1179,.T.);
#1177 = VERTEX_POINT('',#1178);
#1178 = CARTESIAN_POINT('',(58.534881586446,0.,18.146666282791));
#1179 = LINE('',#1180,#1181);
#1180 = CARTESIAN_POINT('',(58.534881586446,0.,9.073333141396));
#1181 = VECTOR('',#1182,1.);
#1182 = DIRECTION('',(0.,0.,-1.));
#1183 = ORIENTED_EDGE('',*,*,#1184,.T.);
#1184 = EDGE_CURVE('',#1177,#1185,#1187,.T.);
#1185 = VERTEX_POINT('',#1186);
#1186 = CARTESIAN_POINT('',(55.593721206765,0.,18.146666282791));
#1187 = LINE('',#1188,#1189);
#1188 = CARTESIAN_POINT('',(27.796860603382,0.,18.146666282791));
#1189 = VECTOR('',#1190,1.);
#1190 = DIRECTION('',(-1.,0.,0.));
#1191 = ORIENTED_EDGE('',*,*,#1192,.T.);
#1192 = EDGE_CURVE('',#1185,#1103,#1193,.T.);
#1193 = LINE('',#1194,#1195);
#1194 = CARTESIAN_POINT('',(55.593721206765,0.,12.57745));
#1195 = VECTOR('',#1196,1.);
#1196 = DIRECTION('',(0.,0.,1.));
#1197 = FACE_BOUND('',#1198,.F.);
#1198 = EDGE_LOOP('',(#1199,#1209,#1217,#1225,#1233,#1241,#1249,#1257));
#1199 = ORIENTED_EDGE('',*,*,#1200,.T.);
#1200 = EDGE_CURVE('',#1201,#1203,#1205,.T.);
#1201 = VERTEX_POINT('',#1202);
#1202 = CARTESIAN_POINT('',(72.427159399177,0.,25.1549));
#1203 = VERTEX_POINT('',#1204);
#1204 = CARTESIAN_POINT('',(66.780087702921,0.,25.1549));
#1205 = LINE('',#1206,#1207);
#1206 = CARTESIAN_POINT('',(33.390043851461,0.,25.1549));
#1207 = VECTOR('',#1208,1.);
#1208 = DIRECTION('',(-1.,0.,0.));
#1209 = ORIENTED_EDGE('',*,*,#1210,.T.);
#1210 = EDGE_CURVE('',#1203,#1211,#1213,.T.);
#1211 = VERTEX_POINT('',#1212);
#1212 = CARTESIAN_POINT('',(63.654010617821,0.,5.1549));
#1213 = LINE('',#1214,#1215);
#1214 = CARTESIAN_POINT('',(62.501734173087,-4.4E-16,-2.217128349698));
#1215 = VECTOR('',#1216,1.);
#1216 = DIRECTION('',(-0.154428820205,0.,-0.988003916738));
#1217 = ORIENTED_EDGE('',*,*,#1218,.T.);
#1218 = EDGE_CURVE('',#1211,#1219,#1221,.T.);
#1219 = VERTEX_POINT('',#1220);
#1220 = CARTESIAN_POINT('',(67.603459423796,0.,5.1549));
#1221 = LINE('',#1222,#1223);
#1222 = CARTESIAN_POINT('',(33.801729711898,0.,5.1549));
#1223 = VECTOR('',#1224,1.);
#1224 = DIRECTION('',(1.,0.,0.));
#1225 = ORIENTED_EDGE('',*,*,#1226,.T.);
#1226 = EDGE_CURVE('',#1219,#1227,#1229,.T.);
#1227 = VERTEX_POINT('',#1228);
#1228 = CARTESIAN_POINT('',(68.192129172407,0.,9.743350912274));
#1229 = LINE('',#1230,#1231);
#1230 = CARTESIAN_POINT('',(67.025134169589,0.,0.647080383796));
#1231 = VECTOR('',#1232,1.);
#1232 = DIRECTION('',(0.127250832507,0.,0.991870568989));
#1233 = ORIENTED_EDGE('',*,*,#1234,.T.);
#1234 = EDGE_CURVE('',#1227,#1235,#1237,.T.);
#1235 = VERTEX_POINT('',#1236);
#1236 = CARTESIAN_POINT('',(71.015665020535,0.,9.743350912274));
#1237 = LINE('',#1238,#1239);
#1238 = CARTESIAN_POINT('',(35.507832510268,0.,9.743350912274));
#1239 = VECTOR('',#1240,1.);
#1240 = DIRECTION('',(1.,0.,0.));
#1241 = ORIENTED_EDGE('',*,*,#1242,.T.);
#1242 = EDGE_CURVE('',#1235,#1243,#1245,.T.);
#1243 = VERTEX_POINT('',#1244);
#1244 = CARTESIAN_POINT('',(71.603787678302,0.,5.1549));
#1245 = LINE('',#1246,#1247);
#1246 = CARTESIAN_POINT('',(71.350139133691,-4.4E-16,7.133830552239));
#1247 = VECTOR('',#1248,1.);
#1248 = DIRECTION('',(0.127134482029,0.,-0.991885489096));
#1249 = ORIENTED_EDGE('',*,*,#1250,.T.);
#1250 = EDGE_CURVE('',#1243,#1251,#1253,.T.);
#1251 = VERTEX_POINT('',#1252);
#1252 = CARTESIAN_POINT('',(75.553236484277,0.,5.1549));
#1253 = LINE('',#1254,#1255);
#1254 = CARTESIAN_POINT('',(37.776618242138,0.,5.1549));
#1255 = VECTOR('',#1256,1.);
#1256 = DIRECTION('',(1.,0.,0.));
#1257 = ORIENTED_EDGE('',*,*,#1258,.T.);
#1258 = EDGE_CURVE('',#1251,#1201,#1259,.T.);
#1259 = LINE('',#1260,#1261);
#1260 = CARTESIAN_POINT('',(73.482549039578,-4.4E-16,18.402733551952));
#1261 = VECTOR('',#1262,1.);
#1262 = DIRECTION('',(-0.154428820205,0.,0.988003916738));
#1263 = FACE_BOUND('',#1264,.F.);
#1264 = EDGE_LOOP('',(#1265,#1282,#1304,#1315,#1326,#1349,#1364,#1383,
    #1402,#1421,#1436,#1451,#1466,#1485,#1496,#1509,#1524,#1543,#1562,
    #1581,#1592,#1603,#1618));
#1265 = ORIENTED_EDGE('',*,*,#1266,.T.);
#1266 = EDGE_CURVE('',#1267,#1269,#1271,.T.);
#1267 = VERTEX_POINT('',#1268);
#1268 = CARTESIAN_POINT('',(78.193496899519,0.,21.188491377848));
#1269 = VERTEX_POINT('',#1270);
#1270 = CARTESIAN_POINT('',(76.731123072345,0.,18.423494250075));
#1271 = B_SPLINE_CURVE_WITH_KNOTS('',5,(#1272,#1273,#1274,#1275,#1276,
    #1277,#1278,#1279,#1280,#1281),.UNSPECIFIED.,.F.,.F.,(6,4,6),(0.,
    0.578511324526,1.),.UNSPECIFIED.);
#1272 = CARTESIAN_POINT('',(78.193496899519,0.,21.188491377848));
#1273 = CARTESIAN_POINT('',(77.977758841963,0.,20.895784600165));
#1274 = CARTESIAN_POINT('',(77.774393802446,0.,20.594241352432));
#1275 = CARTESIAN_POINT('',(77.584206684721,0.,20.284272999996));
#1276 = CARTESIAN_POINT('',(77.407822393174,0.,19.96645551437));
#1277 = CARTESIAN_POINT('',(77.127454219395,0.,19.404859075713));
#1278 = CARTESIAN_POINT('',(77.016810296985,0.,19.164391775384));
#1279 = CARTESIAN_POINT('',(76.913842148214,0.,18.92045900627));
#1280 = CARTESIAN_POINT('',(76.818615291364,0.,18.673380115112));
#1281 = CARTESIAN_POINT('',(76.731123072345,0.,18.423494250075));
#1282 = ORIENTED_EDGE('',*,*,#1283,.T.);
#1283 = EDGE_CURVE('',#1269,#1284,#1286,.T.);
#1284 = VERTEX_POINT('',#1285);
#1285 = CARTESIAN_POINT('',(76.210292588443,0.,15.272250986131));
#1286 = B_SPLINE_CURVE_WITH_KNOTS('',4,(#1287,#1288,#1289,#1290,#1291,
    #1292,#1293,#1294,#1295,#1296,#1297,#1298,#1299,#1300,#1301,#1302,
    #1303),.UNSPECIFIED.,.F.,.F.,(5,3,3,3,3,5),(0.,2.458643235782E-02,
    0.264809300194,0.50660466278,0.751517234581,1.),.UNSPECIFIED.);
#1287 = CARTESIAN_POINT('',(76.731123072345,0.,18.423494250075));
#1288 = CARTESIAN_POINT('',(76.724612845023,0.,18.404907277533));
#1289 = CARTESIAN_POINT('',(76.718156715754,0.,18.386301405981));
#1290 = CARTESIAN_POINT('',(76.711754765365,0.,18.367676847898));
#1291 = CARTESIAN_POINT('',(76.643386590437,0.,18.166881241704));
#1292 = CARTESIAN_POINT('',(76.586545154575,0.,17.982964892246));
#1293 = CARTESIAN_POINT('',(76.534951427632,0.,17.797487320975));
#1294 = CARTESIAN_POINT('',(76.441953356775,0.,17.422620819965));
#1295 = CARTESIAN_POINT('',(76.400617999613,0.,17.233213382464));
#1296 = CARTESIAN_POINT('',(76.364595916058,0.,17.042664268767));
#1297 = CARTESIAN_POINT('',(76.302642156816,0.,16.657248984291));
#1298 = CARTESIAN_POINT('',(76.276846951676,0.,16.46235808536));
#1299 = CARTESIAN_POINT('',(76.256358837944,0.,16.266743371954));
#1300 = CARTESIAN_POINT('',(76.225512171894,0.,15.871617069038));
#1301 = CARTESIAN_POINT('',(76.21530624824,0.,15.672089732778));
#1302 = CARTESIAN_POINT('',(76.210292588443,0.,15.472240874069));
#1303 = CARTESIAN_POINT('',(76.210292588443,0.,15.272250986131));
#1304 = ORIENTED_EDGE('',*,*,#1305,.T.);
#1305 = EDGE_CURVE('',#1284,#1306,#1308,.T.);
#1306 = VERTEX_POINT('',#1307);
#1307 = CARTESIAN_POINT('',(76.344329845329,0.,13.616754090872));
#1308 = B_SPLINE_CURVE_WITH_KNOTS('',5,(#1309,#1310,#1311,#1312,#1313,
    #1314),.UNSPECIFIED.,.F.,.F.,(6,6),(0.,1.),
  .PIECEWISE_BEZIER_KNOTS.);
#1309 = CARTESIAN_POINT('',(76.210292588443,0.,15.272250986131));
#1310 = CARTESIAN_POINT('',(76.210292588443,0.,14.938759691216));
#1311 = CARTESIAN_POINT('',(76.223486476513,0.,14.605910965523));
#1312 = CARTESIAN_POINT('',(76.250164670567,0.,14.274251888438));
#1313 = CARTESIAN_POINT('',(76.290464549889,0.,13.944343030486));
#1314 = CARTESIAN_POINT('',(76.344329845329,0.,13.616754090872));
#1315 = ORIENTED_EDGE('',*,*,#1316,.T.);
#1316 = EDGE_CURVE('',#1306,#1317,#1319,.T.);
#1317 = VERTEX_POINT('',#1318);
#1318 = CARTESIAN_POINT('',(76.731123072345,0.,12.045509185655));
#1319 = B_SPLINE_CURVE_WITH_KNOTS('',5,(#1320,#1321,#1322,#1323,#1324,
    #1325),.UNSPECIFIED.,.F.,.F.,(6,6),(0.,1.),
  .PIECEWISE_BEZIER_KNOTS.);
#1320 = CARTESIAN_POINT('',(76.344329845329,0.,13.616754090872));
#1321 = CARTESIAN_POINT('',(76.397415016086,0.,13.295437752427));
#1322 = CARTESIAN_POINT('',(76.462379634384,0.,12.977086260988));
#1323 = CARTESIAN_POINT('',(76.53954282963,0.,12.662258966841));
#1324 = CARTESIAN_POINT('',(76.62911335025,0.,12.351538351939));
#1325 = CARTESIAN_POINT('',(76.731123072345,0.,12.045509185655));
#1326 = ORIENTED_EDGE('',*,*,#1327,.T.);
#1327 = EDGE_CURVE('',#1317,#1328,#1330,.T.);
#1328 = VERTEX_POINT('',#1329);
#1329 = CARTESIAN_POINT('',(78.184743446008,0.,9.188600796017));
#1330 = B_SPLINE_CURVE_WITH_KNOTS('',5,(#1331,#1332,#1333,#1334,#1335,
    #1336,#1337,#1338,#1339,#1340,#1341,#1342,#1343,#1344,#1345,#1346,
    #1347,#1348),.UNSPECIFIED.,.F.,.F.,(6,4,4,4,6),(0.,0.286073822679,
    0.526834926651,0.764033728908,1.),.UNSPECIFIED.);
#1331 = CARTESIAN_POINT('',(76.731123072345,0.,12.045509185655));
#1332 = CARTESIAN_POINT('',(76.788460467829,0.,11.869762841094));
#1333 = CARTESIAN_POINT('',(76.849331788912,0.,11.695293601913));
#1334 = CARTESIAN_POINT('',(76.913809500833,0.,11.522228508595));
#1335 = CARTESIAN_POINT('',(76.981955395428,0.,11.350703307214));
#1336 = CARTESIAN_POINT('',(77.114290205276,0.,11.037918439816));
#1337 = CARTESIAN_POINT('',(77.177396099822,0.,10.896168015011));
#1338 = CARTESIAN_POINT('',(77.243158413953,0.,10.755693295562));
#1339 = CARTESIAN_POINT('',(77.311594253076,0.,10.616580378219));
#1340 = CARTESIAN_POINT('',(77.452775329025,0.,10.343289599371));
#1341 = CARTESIAN_POINT('',(77.52544169807,0.,10.209068799248));
#1342 = CARTESIAN_POINT('',(77.600716786279,0.,10.076337808168));
#1343 = CARTESIAN_POINT('',(77.678596469692,0.,9.945178447967));
#1344 = CARTESIAN_POINT('',(77.839116863133,0.,9.686835910429));
#1345 = CARTESIAN_POINT('',(77.921730755977,0.,9.559635197844));
#1346 = CARTESIAN_POINT('',(78.006892379007,0.,9.43414738761));
#1347 = CARTESIAN_POINT('',(78.094575651716,0.,9.310446308068));
#1348 = CARTESIAN_POINT('',(78.184743446008,0.,9.188600796017));
#1349 = ORIENTED_EDGE('',*,*,#1350,.T.);
#1350 = EDGE_CURVE('',#1328,#1351,#1353,.T.);
#1351 = VERTEX_POINT('',#1352);
#1352 = CARTESIAN_POINT('',(80.378030641346,0.,6.986560147167));
#1353 = B_SPLINE_CURVE_WITH_KNOTS('',5,(#1354,#1355,#1356,#1357,#1358,
    #1359,#1360,#1361,#1362,#1363),.UNSPECIFIED.,.F.,.F.,(6,4,6),(0.,
    0.459750359193,1.),.UNSPECIFIED.);
#1354 = CARTESIAN_POINT('',(78.184743446008,0.,9.188600796017));
#1355 = CARTESIAN_POINT('',(78.355436368742,0.,8.957940095735));
#1356 = CARTESIAN_POINT('',(78.533684074116,0.,8.733013796502));
#1357 = CARTESIAN_POINT('',(78.719378577686,0.,8.514228079197));
#1358 = CARTESIAN_POINT('',(78.912329752179,0.,8.301937389507));
#1359 = CARTESIAN_POINT('',(79.347181574691,0.,7.854948165707));
#1360 = CARTESIAN_POINT('',(79.591744879162,0.,7.622826925816));
#1361 = CARTESIAN_POINT('',(79.845479074865,0.,7.400549396268));
#1362 = CARTESIAN_POINT('',(80.107799986279,0.,7.188412125193));
#1363 = CARTESIAN_POINT('',(80.378030641346,0.,6.986560147167));
#1364 = ORIENTED_EDGE('',*,*,#1365,.T.);
#1365 = EDGE_CURVE('',#1351,#1366,#1368,.T.);
#1366 = VERTEX_POINT('',#1367);
#1367 = CARTESIAN_POINT('',(83.134274315609,0.,5.524733410838));
#1368 = B_SPLINE_CURVE_WITH_KNOTS('',5,(#1369,#1370,#1371,#1372,#1373,
    #1374,#1375,#1376,#1377,#1378,#1379,#1380,#1381,#1382),
  .UNSPECIFIED.,.F.,.F.,(6,4,4,6),(0.,9.901610317849E-02,0.545779786276,
    1.),.UNSPECIFIED.);
#1369 = CARTESIAN_POINT('',(80.378030641346,0.,6.986560147167));
#1370 = CARTESIAN_POINT('',(80.427758252955,0.,6.949609009461));
#1371 = CARTESIAN_POINT('',(80.477765287738,0.,6.913036170632));
#1372 = CARTESIAN_POINT('',(80.528048514969,0.,6.87684452226));
#1373 = CARTESIAN_POINT('',(80.578604544384,0.,6.841036747539));
#1374 = CARTESIAN_POINT('',(80.858755050679,0.,6.64579276365));
#1375 = CARTESIAN_POINT('',(81.093564327944,0.,6.493833890675));
#1376 = CARTESIAN_POINT('',(81.333524826192,0.,6.349971303261));
#1377 = CARTESIAN_POINT('',(81.578257455177,0.,6.214333600745));
#1378 = CARTESIAN_POINT('',(82.08059066787,0.,5.957459560114));
#1379 = CARTESIAN_POINT('',(82.338342495779,0.,5.836499025065));
#1380 = CARTESIAN_POINT('',(82.600165971535,0.,5.724117770515));
#1381 = CARTESIAN_POINT('',(82.865619921761,0.,5.620244177258));
#1382 = CARTESIAN_POINT('',(83.134274315609,0.,5.524733410838));
#1383 = ORIENTED_EDGE('',*,*,#1384,.T.);
#1384 = EDGE_CURVE('',#1366,#1385,#1387,.T.);
#1385 = VERTEX_POINT('',#1386);
#1386 = CARTESIAN_POINT('',(86.327643574574,0.,4.986943110759));
#1387 = B_SPLINE_CURVE_WITH_KNOTS('',5,(#1388,#1389,#1390,#1391,#1392,
    #1393,#1394,#1395,#1396,#1397,#1398,#1399,#1400,#1401),
  .UNSPECIFIED.,.F.,.F.,(6,4,4,6),(0.,0.109597469606,0.55049977305,1.),
  .UNSPECIFIED.);
#1388 = CARTESIAN_POINT('',(83.134274315609,0.,5.524733410838));
#1389 = CARTESIAN_POINT('',(83.201407605858,0.,5.500866494268));
#1390 = CARTESIAN_POINT('',(83.268770798662,0.,5.477653348578));
#1391 = CARTESIAN_POINT('',(83.336356476077,0.,5.455097627422));
#1392 = CARTESIAN_POINT('',(83.404156994662,0.,5.433202385489));
#1393 = CARTESIAN_POINT('',(83.745753460306,0.,5.326554118731));
#1394 = CARTESIAN_POINT('',(84.022697109988,0.,5.251865437176));
#1395 = CARTESIAN_POINT('',(84.302469342594,0.,5.18806912705));
#1396 = CARTESIAN_POINT('',(84.584528556448,0.,5.135153231726));
#1397 = CARTESIAN_POINT('',(85.157655916105,0.,5.049945865838));
#1398 = CARTESIAN_POINT('',(85.448800939123,0.,5.018075533338));
#1399 = CARTESIAN_POINT('',(85.741184906537,0.,4.997183790109));
#1400 = CARTESIAN_POINT('',(86.034286040132,0.,4.986943110759));
#1401 = CARTESIAN_POINT('',(86.327643574574,0.,4.986943110759));
#1402 = ORIENTED_EDGE('',*,*,#1403,.T.);
#1403 = EDGE_CURVE('',#1385,#1404,#1406,.T.);
#1404 = VERTEX_POINT('',#1405);
#1405 = CARTESIAN_POINT('',(89.504053017362,0.,5.524733410838));
#1406 = B_SPLINE_CURVE_WITH_KNOTS('',5,(#1407,#1408,#1409,#1410,#1411,
    #1412,#1413,#1414,#1415,#1416,#1417,#1418,#1419,#1420),
  .UNSPECIFIED.,.F.,.F.,(6,4,4,6),(0.,0.323316266341,0.643146734776,1.),
  .UNSPECIFIED.);
#1407 = CARTESIAN_POINT('',(86.327643574574,0.,4.986943110759));
#1408 = CARTESIAN_POINT('',(86.537286707745,0.,4.986943110759));
#1409 = CARTESIAN_POINT('',(86.746829756214,0.,4.992387060131));
#1410 = CARTESIAN_POINT('',(86.956095096033,0.,5.003388798421));
#1411 = CARTESIAN_POINT('',(87.164894034345,0.,5.020031734049));
#1412 = CARTESIAN_POINT('',(87.578917146049,0.,5.0644426847));
#1413 = CARTESIAN_POINT('',(87.78415737122,0.,5.092088797434));
#1414 = CARTESIAN_POINT('',(87.988554762267,0.,5.125337201376));
#1415 = CARTESIAN_POINT('',(88.191918119242,0.,5.164188162771));
#1416 = CARTESIAN_POINT('',(88.619598222525,0.,5.258154773012));
#1417 = CARTESIAN_POINT('',(88.843618238997,0.,5.314632932298));
#1418 = CARTESIAN_POINT('',(89.065855280404,0.,5.377977807477));
#1419 = CARTESIAN_POINT('',(89.28607163952,0.,5.448069477236));
#1420 = CARTESIAN_POINT('',(89.504053017362,0.,5.524733410838));
#1421 = ORIENTED_EDGE('',*,*,#1422,.T.);
#1422 = EDGE_CURVE('',#1404,#1423,#1425,.T.);
#1423 = VERTEX_POINT('',#1424);
#1424 = CARTESIAN_POINT('',(92.252090328958,0.,6.978353784501));
#1425 = B_SPLINE_CURVE_WITH_KNOTS('',5,(#1426,#1427,#1428,#1429,#1430,
    #1431,#1432,#1433,#1434,#1435),.UNSPECIFIED.,.F.,.F.,(6,4,6),(0.,
    0.144747103545,1.),.UNSPECIFIED.);
#1426 = CARTESIAN_POINT('',(89.504053017362,0.,5.524733410838));
#1427 = CARTESIAN_POINT('',(89.589402408365,0.,5.554141113462));
#1428 = CARTESIAN_POINT('',(89.674415371309,0.,5.584511771851));
#1429 = CARTESIAN_POINT('',(89.759078085785,0.,5.615842640204));
#1430 = CARTESIAN_POINT('',(89.84337711729,0.,5.648129768679));
#1431 = CARTESIAN_POINT('',(90.423162811685,0.,5.877759473861));
#1432 = CARTESIAN_POINT('',(90.905934798215,0.,6.107379607162));
#1433 = CARTESIAN_POINT('',(91.372725291158,0.,6.369104889534));
#1434 = CARTESIAN_POINT('',(91.821776099316,0.,6.660470591881));
#1435 = CARTESIAN_POINT('',(92.252090328958,0.,6.978353784501));
#1436 = ORIENTED_EDGE('',*,*,#1437,.T.);
#1437 = EDGE_CURVE('',#1423,#1438,#1440,.T.);
#1438 = VERTEX_POINT('',#1439);
#1439 = CARTESIAN_POINT('',(94.478750065807,0.,9.205560612195));
#1440 = B_SPLINE_CURVE_WITH_KNOTS('',5,(#1441,#1442,#1443,#1444,#1445,
    #1446,#1447,#1448,#1449,#1450),.UNSPECIFIED.,.F.,.F.,(6,4,6),(0.,
    0.584548167261,1.),.UNSPECIFIED.);
#1441 = CARTESIAN_POINT('',(92.252090328958,0.,6.978353784501));
#1442 = CARTESIAN_POINT('',(92.549657097894,0.,7.198173321043));
#1443 = CARTESIAN_POINT('',(92.837717450485,0.,7.43046670769));
#1444 = CARTESIAN_POINT('',(93.115334597934,0.,7.675075071959));
#1445 = CARTESIAN_POINT('',(93.381702071734,0.,7.931616289755));
#1446 = CARTESIAN_POINT('',(93.817068041224,0.,8.389767981421));
#1447 = CARTESIAN_POINT('',(93.991948277325,0.,8.585806349374));
#1448 = CARTESIAN_POINT('',(94.160613604933,0.,8.787310045437));
#1449 = CARTESIAN_POINT('',(94.322911399184,0.,8.994000561866));
#1450 = CARTESIAN_POINT('',(94.478750065807,0.,9.205560612195));
#1451 = ORIENTED_EDGE('',*,*,#1452,.T.);
#1452 = EDGE_CURVE('',#1438,#1453,#1455,.T.);
#1453 = VERTEX_POINT('',#1454);
#1454 = CARTESIAN_POINT('',(95.915957714137,0.,12.062469001833));
#1455 = B_SPLINE_CURVE_WITH_KNOTS('',5,(#1456,#1457,#1458,#1459,#1460,
    #1461,#1462,#1463,#1464,#1465),.UNSPECIFIED.,.F.,.F.,(6,4,6),(0.,
    0.132794101305,1.),.UNSPECIFIED.);
#1456 = CARTESIAN_POINT('',(94.478750065807,0.,9.205560612195));
#1457 = CARTESIAN_POINT('',(94.528281680309,0.,9.27487556385));
#1458 = CARTESIAN_POINT('',(94.577093831946,0.,9.344700576928));
#1459 = CARTESIAN_POINT('',(94.625178931156,0.,9.415027420786));
#1460 = CARTESIAN_POINT('',(94.672530127164,0.,9.48584731399));
#1461 = CARTESIAN_POINT('',(95.023533525319,0.,10.022795940615));
#1462 = CARTESIAN_POINT('',(95.296405584023,0.,10.509129814842));
#1463 = CARTESIAN_POINT('',(95.535914422626,0.,11.013372430627));
#1464 = CARTESIAN_POINT('',(95.742069738516,0.,11.53226841875));
#1465 = CARTESIAN_POINT('',(95.915957714137,0.,12.062469001833));
#1466 = ORIENTED_EDGE('',*,*,#1467,.T.);
#1467 = EDGE_CURVE('',#1453,#1468,#1470,.T.);
#1468 = VERTEX_POINT('',#1469);
#1469 = CARTESIAN_POINT('',(96.428581835372,0.,15.272250986131));
#1470 = B_SPLINE_CURVE_WITH_KNOTS('',4,(#1471,#1472,#1473,#1474,#1475,
    #1476,#1477,#1478,#1479,#1480,#1481,#1482,#1483,#1484),
  .UNSPECIFIED.,.F.,.F.,(5,3,3,3,5),(0.,0.245634348501,0.488916385626,
    0.744186364391,1.),.UNSPECIFIED.);
#1471 = CARTESIAN_POINT('',(95.915957714137,0.,12.062469001833));
#1472 = CARTESIAN_POINT('',(95.978467262348,0.,12.25306641831));
#1473 = CARTESIAN_POINT('',(96.036122268337,0.,12.445185531999));
#1474 = CARTESIAN_POINT('',(96.088786859529,0.,12.638681484452));
#1475 = CARTESIAN_POINT('',(96.18350397169,0.,13.026218516675));
#1476 = CARTESIAN_POINT('',(96.225653614604,0.,13.220237166935));
#1477 = CARTESIAN_POINT('',(96.262737312941,0.,13.415270764591));
#1478 = CARTESIAN_POINT('',(96.328288729264,0.,13.816653277273));
#1479 = CARTESIAN_POINT('',(96.356241952953,0.,14.023086938779));
#1480 = CARTESIAN_POINT('',(96.378550330512,0.,14.230225603699));
#1481 = CARTESIAN_POINT('',(96.411982135802,0.,14.645926074705));
#1482 = CARTESIAN_POINT('',(96.423081455606,0.,14.854490738137));
#1483 = CARTESIAN_POINT('',(96.428581835372,0.,15.063333156609));
#1484 = CARTESIAN_POINT('',(96.428581835372,0.,15.272250986131));
#1485 = ORIENTED_EDGE('',*,*,#1486,.T.);
#1486 = EDGE_CURVE('',#1468,#1487,#1489,.T.);
#1487 = VERTEX_POINT('',#1488);
#1488 = CARTESIAN_POINT('',(96.293997487641,0.,16.885621886369));
#1489 = B_SPLINE_CURVE_WITH_KNOTS('',5,(#1490,#1491,#1492,#1493,#1494,
    #1495),.UNSPECIFIED.,.F.,.F.,(6,6),(0.,1.),
  .PIECEWISE_BEZIER_KNOTS.);
#1490 = CARTESIAN_POINT('',(96.428581835372,0.,15.272250986131));
#1491 = CARTESIAN_POINT('',(96.428581835372,0.,15.597891404583));
#1492 = CARTESIAN_POINT('',(96.415442213432,0.,15.922631454172));
#1493 = CARTESIAN_POINT('',(96.388765280267,0.,16.245903859844));
#1494 = CARTESIAN_POINT('',(96.348297057733,0.,16.567108554489));
#1495 = CARTESIAN_POINT('',(96.293997487641,0.,16.885621886369));
#1496 = ORIENTED_EDGE('',*,*,#1497,.T.);
#1497 = EDGE_CURVE('',#1487,#1498,#1500,.T.);
#1498 = VERTEX_POINT('',#1499);
#1499 = CARTESIAN_POINT('',(95.907204260626,0.,18.432247703586));
#1500 = B_SPLINE_CURVE_WITH_KNOTS('',4,(#1501,#1502,#1503,#1504,#1505,
    #1506,#1507,#1508),.UNSPECIFIED.,.F.,.F.,(5,3,5),(0.,0.705238766147,
    1.),.UNSPECIFIED.);
#1501 = CARTESIAN_POINT('',(96.293997487641,0.,16.885621886369));
#1502 = CARTESIAN_POINT('',(96.246688348924,0.,17.163322684366));
#1503 = CARTESIAN_POINT('',(96.189558706731,0.,17.439043805244));
#1504 = CARTESIAN_POINT('',(96.122550342356,0.,17.712375582593));
#1505 = CARTESIAN_POINT('',(96.01368066375,0.,18.096016091627));
#1506 = CARTESIAN_POINT('',(95.979883232389,0.,18.208614107718));
#1507 = CARTESIAN_POINT('',(95.944386824942,0.,18.320700010638));
#1508 = CARTESIAN_POINT('',(95.907204260626,0.,18.432247703586));
#1509 = ORIENTED_EDGE('',*,*,#1510,.T.);
#1510 = EDGE_CURVE('',#1498,#1511,#1513,.T.);
#1511 = VERTEX_POINT('',#1512);
#1512 = CARTESIAN_POINT('',(94.579414781183,0.,21.011781035096));
#1513 = B_SPLINE_CURVE_WITH_KNOTS('',5,(#1514,#1515,#1516,#1517,#1518,
    #1519,#1520,#1521,#1522,#1523),.UNSPECIFIED.,.F.,.F.,(6,4,6),(0.,
    0.484406847717,1.),.UNSPECIFIED.);
#1514 = CARTESIAN_POINT('',(95.907204260626,0.,18.432247703586));
#1515 = CARTESIAN_POINT('',(95.816788720816,0.,18.69680946481));
#1516 = CARTESIAN_POINT('',(95.715485050951,0.,18.958229433226));
#1517 = CARTESIAN_POINT('',(95.604096021821,0.,19.216175267976));
#1518 = CARTESIAN_POINT('',(95.483453135605,0.,19.470462882452));
#1519 = CARTESIAN_POINT('',(95.216853086768,0.,19.987705529226));
#1520 = CARTESIAN_POINT('',(95.069769026765,0.,20.250159381822));
#1521 = CARTESIAN_POINT('',(94.913967217057,0.,20.508299202114));
#1522 = CARTESIAN_POINT('',(94.750280637935,0.,20.76214276679));
#1523 = CARTESIAN_POINT('',(94.579414781183,0.,21.011781035096));
#1524 = ORIENTED_EDGE('',*,*,#1525,.T.);
#1525 = EDGE_CURVE('',#1511,#1526,#1528,.T.);
#1526 = VERTEX_POINT('',#1527);
#1527 = CARTESIAN_POINT('',(92.260296691624,0.,23.373025119676));
#1528 = B_SPLINE_CURVE_WITH_KNOTS('',4,(#1529,#1530,#1531,#1532,#1533,
    #1534,#1535,#1536,#1537,#1538,#1539,#1540,#1541,#1542),
  .UNSPECIFIED.,.F.,.F.,(5,3,3,3,5),(0.,0.241382556208,0.487111661821,
    0.739822917754,1.),.UNSPECIFIED.);
#1529 = CARTESIAN_POINT('',(94.579414781183,0.,21.011781035096));
#1530 = CARTESIAN_POINT('',(94.466667908364,0.,21.176676799336));
#1531 = CARTESIAN_POINT('',(94.348734859786,0.,21.338147483949));
#1532 = CARTESIAN_POINT('',(94.225883916391,0.,21.496051772898));
#1533 = CARTESIAN_POINT('',(93.968661216632,0.,21.807377276731));
#1534 = CARTESIAN_POINT('',(93.834120605458,0.,21.960666408247));
#1535 = CARTESIAN_POINT('',(93.695119310363,0.,22.110126705942));
#1536 = CARTESIAN_POINT('',(93.404780942181,0.,22.405540867537));
#1537 = CARTESIAN_POINT('',(93.253204626347,0.,22.551273840845));
#1538 = CARTESIAN_POINT('',(93.097608299764,0.,22.692971731159));
#1539 = CARTESIAN_POINT('',(92.774332647362,0.,22.972504406808));
#1540 = CARTESIAN_POINT('',(92.606431617634,0.,23.110100566862));
#1541 = CARTESIAN_POINT('',(92.434980461735,0.,23.243567787174));
#1542 = CARTESIAN_POINT('',(92.260296691624,0.,23.373025119676));
#1543 = ORIENTED_EDGE('',*,*,#1544,.T.);
#1544 = EDGE_CURVE('',#1526,#1545,#1547,.T.);
#1545 = VERTEX_POINT('',#1546);
#1546 = CARTESIAN_POINT('',(89.521012833539,0.,24.793272951829));
#1547 = B_SPLINE_CURVE_WITH_KNOTS('',5,(#1548,#1549,#1550,#1551,#1552,
    #1553,#1554,#1555,#1556,#1557,#1558,#1559,#1560,#1561),
  .UNSPECIFIED.,.F.,.F.,(6,4,4,6),(0.,4.55124490044E-02,0.519774579426,
    1.),.UNSPECIFIED.);
#1548 = CARTESIAN_POINT('',(92.260296691624,0.,23.373025119676));
#1549 = CARTESIAN_POINT('',(92.237416852351,0.,23.389422505587));
#1550 = CARTESIAN_POINT('',(92.214482722995,0.,23.405743929272));
#1551 = CARTESIAN_POINT('',(92.191494598064,0.,23.421989161014));
#1552 = CARTESIAN_POINT('',(92.168452777885,0.,23.438157979112));
#1553 = CARTESIAN_POINT('',(91.90469411515,0.,23.621938721904));
#1554 = CARTESIAN_POINT('',(91.65823065173,0.,23.781308441125));
#1555 = CARTESIAN_POINT('',(91.406321194517,0.,23.932111586873));
#1556 = CARTESIAN_POINT('',(91.149369315183,0.,24.074212024202));
#1557 = CARTESIAN_POINT('',(90.622979790007,0.,24.342604607131));
#1558 = CARTESIAN_POINT('',(90.353420830978,0.,24.468677996545));
#1559 = CARTESIAN_POINT('',(90.079599482041,0.,24.585749654444));
#1560 = CARTESIAN_POINT('',(89.801979559322,0.,24.693896644648));
#1561 = CARTESIAN_POINT('',(89.521012833539,0.,24.793272951829));
#1562 = ORIENTED_EDGE('',*,*,#1563,.T.);
#1563 = EDGE_CURVE('',#1545,#1564,#1566,.T.);
#1564 = VERTEX_POINT('',#1565);
#1565 = CARTESIAN_POINT('',(86.327643574574,0.,25.322856889241));
#1566 = B_SPLINE_CURVE_WITH_KNOTS('',4,(#1567,#1568,#1569,#1570,#1571,
    #1572,#1573,#1574,#1575,#1576,#1577,#1578,#1579,#1580),
  .UNSPECIFIED.,.F.,.F.,(5,3,3,3,5),(0.,0.245945076992,0.493150702979,
    0.744305129677,1.),.UNSPECIFIED.);
#1567 = CARTESIAN_POINT('',(89.521012833539,0.,24.793272951829));
#1568 = CARTESIAN_POINT('',(89.332885709779,0.,24.859881238515));
#1569 = CARTESIAN_POINT('',(89.1427515453,0.,24.920861085517));
#1570 = CARTESIAN_POINT('',(88.950848805062,0.,24.976147489761));
#1571 = CARTESIAN_POINT('',(88.563019326355,0.,25.075626330951));
#1572 = CARTESIAN_POINT('',(88.367075955952,0.,25.119760254192));
#1573 = CARTESIAN_POINT('',(88.169855239872,0.,25.158182112359));
#1574 = CARTESIAN_POINT('',(87.770185467371,0.,25.224321870447));
#1575 = CARTESIAN_POINT('',(87.567702366657,0.,25.251858393311));
#1576 = CARTESIAN_POINT('',(87.364412020592,0.,25.273703005453));
#1577 = CARTESIAN_POINT('',(86.952988834821,0.,25.30663632802));
#1578 = CARTESIAN_POINT('',(86.744834375288,0.,25.317522637596));
#1579 = CARTESIAN_POINT('',(86.536320018041,0.,25.322856889241));
#1580 = CARTESIAN_POINT('',(86.327643574574,0.,25.322856889241));
#1581 = ORIENTED_EDGE('',*,*,#1582,.T.);
#1582 = EDGE_CURVE('',#1564,#1583,#1585,.T.);
#1583 = VERTEX_POINT('',#1584);
#1584 = CARTESIAN_POINT('',(84.705519220825,0.,25.188272541511));
#1585 = B_SPLINE_CURVE_WITH_KNOTS('',5,(#1586,#1587,#1588,#1589,#1590,
    #1591),.UNSPECIFIED.,.F.,.F.,(6,6),(0.,1.),
  .PIECEWISE_BEZIER_KNOTS.);
#1586 = CARTESIAN_POINT('',(86.327643574574,0.,25.322856889241));
#1587 = CARTESIAN_POINT('',(86.000797642418,0.,25.322856889241));
#1588 = CARTESIAN_POINT('',(85.674599494572,0.,25.309602238268));
#1589 = CARTESIAN_POINT('',(85.349606637026,0.,25.282804604175));
#1590 = CARTESIAN_POINT('',(85.026387923802,0.,25.242336720231));
#1591 = CARTESIAN_POINT('',(84.705519220825,0.,25.188272541511));
#1592 = ORIENTED_EDGE('',*,*,#1593,.T.);
#1593 = EDGE_CURVE('',#1583,#1594,#1596,.T.);
#1594 = VERTEX_POINT('',#1595);
#1595 = CARTESIAN_POINT('',(83.168193947963,0.,24.80202640534));
#1596 = B_SPLINE_CURVE_WITH_KNOTS('',5,(#1597,#1598,#1599,#1600,#1601,
    #1602),.UNSPECIFIED.,.F.,.F.,(6,6),(0.,1.),
  .PIECEWISE_BEZIER_KNOTS.);
#1597 = CARTESIAN_POINT('',(84.705519220825,0.,25.188272541511));
#1598 = CARTESIAN_POINT('',(84.390806890201,0.,25.135209324695));
#1599 = CARTESIAN_POINT('',(84.079140863638,0.,25.070316780643));
#1600 = CARTESIAN_POINT('',(83.771088769737,0.,24.993268187867));
#1601 = CARTESIAN_POINT('',(83.467242167169,0.,24.903848893004));
#1602 = CARTESIAN_POINT('',(83.168193947963,0.,24.80202640534));
#1603 = ORIENTED_EDGE('',*,*,#1604,.T.);
#1604 = EDGE_CURVE('',#1594,#1605,#1607,.T.);
#1605 = VERTEX_POINT('',#1606);
#1606 = CARTESIAN_POINT('',(80.40319682019,0.,23.373025119676));
#1607 = B_SPLINE_CURVE_WITH_KNOTS('',5,(#1608,#1609,#1610,#1611,#1612,
    #1613,#1614,#1615,#1616,#1617),.UNSPECIFIED.,.F.,.F.,(6,4,6),(0.,
    0.347092053485,1.),.UNSPECIFIED.);
#1608 = CARTESIAN_POINT('',(83.168193947963,0.,24.80202640534));
#1609 = CARTESIAN_POINT('',(82.962933924238,0.,24.732037595475));
#1610 = CARTESIAN_POINT('',(82.759510500942,0.,24.656824953341));
#1611 = CARTESIAN_POINT('',(82.558105867559,0.,24.576393620164));
#1612 = CARTESIAN_POINT('',(82.358892260503,0.,24.490783226081));
#1613 = CARTESIAN_POINT('',(81.791721979857,0.,24.229425079082));
#1614 = CARTESIAN_POINT('',(81.42972141309,0.,24.04071116168));
#1615 = CARTESIAN_POINT('',(81.077143040164,0.,23.834434511363));
#1616 = CARTESIAN_POINT('',(80.734784895031,0.,23.611486330944));
#1617 = CARTESIAN_POINT('',(80.40319682019,0.,23.373025119676));
#1618 = ORIENTED_EDGE('',*,*,#1619,.T.);
#1619 = EDGE_CURVE('',#1605,#1267,#1620,.T.);
#1620 = B_SPLINE_CURVE_WITH_KNOTS('',5,(#1621,#1622,#1623,#1624,#1625,
    #1626,#1627,#1628,#1629,#1630),.UNSPECIFIED.,.F.,.F.,(6,4,6),(0.,
    0.63291859945,1.),.UNSPECIFIED.);
#1621 = CARTESIAN_POINT('',(80.40319682019,0.,23.373025119676));
#1622 = CARTESIAN_POINT('',(80.08203602766,0.,23.142199341555));
#1623 = CARTESIAN_POINT('',(79.772160591079,0.,22.896225906031));
#1624 = CARTESIAN_POINT('',(79.474903406876,0.,22.635246018692));
#1625 = CARTESIAN_POINT('',(79.191414834765,0.,22.359742149821));
#1626 = CARTESIAN_POINT('',(78.766630135709,0.,21.902985732666));
#1627 = CARTESIAN_POINT('',(78.615617492618,0.,21.73074333609));
#1628 = CARTESIAN_POINT('',(78.469686600138,0.,21.554103280779));
#1629 = CARTESIAN_POINT('',(78.328955591058,0.,21.373273394016));
#1630 = CARTESIAN_POINT('',(78.193496899519,0.,21.188491377848));
#1631 = FACE_BOUND('',#1632,.F.);
#1632 = EDGE_LOOP('',(#1633,#1643,#1651,#1659));
#1633 = ORIENTED_EDGE('',*,*,#1634,.T.);
#1634 = EDGE_CURVE('',#1635,#1637,#1639,.T.);
#1635 = VERTEX_POINT('',#1636);
#1636 = CARTESIAN_POINT('',(118.78107246644,0.,14.230590018328));
#1637 = VERTEX_POINT('',#1638);
#1638 = CARTESIAN_POINT('',(110.99979938604,0.,14.230590018328));
#1639 = LINE('',#1640,#1641);
#1640 = CARTESIAN_POINT('',(55.499899693023,0.,14.230590018328));
#1641 = VECTOR('',#1642,1.);
#1642 = DIRECTION('',(-1.,0.,0.));
#1643 = ORIENTED_EDGE('',*,*,#1644,.T.);
#1644 = EDGE_CURVE('',#1637,#1645,#1647,.T.);
#1645 = VERTEX_POINT('',#1646);
#1646 = CARTESIAN_POINT('',(110.99979938604,0.,10.701306980879));
#1647 = LINE('',#1648,#1649);
#1648 = CARTESIAN_POINT('',(110.99979938604,0.,5.35065349044));
#1649 = VECTOR('',#1650,1.);
#1650 = DIRECTION('',(0.,0.,-1.));
#1651 = ORIENTED_EDGE('',*,*,#1652,.T.);
#1652 = EDGE_CURVE('',#1645,#1653,#1655,.T.);
#1653 = VERTEX_POINT('',#1654);
#1654 = CARTESIAN_POINT('',(118.78107246644,0.,10.701306980879));
#1655 = LINE('',#1656,#1657);
#1656 = CARTESIAN_POINT('',(59.390536233221,0.,10.701306980879));
#1657 = VECTOR('',#1658,1.);
#1658 = DIRECTION('',(1.,0.,0.));
#1659 = ORIENTED_EDGE('',*,*,#1660,.T.);
#1660 = EDGE_CURVE('',#1653,#1635,#1661,.T.);
#1661 = LINE('',#1662,#1663);
#1662 = CARTESIAN_POINT('',(118.78107246644,0.,7.115295009164));
#1663 = VECTOR('',#1664,1.);
#1664 = DIRECTION('',(0.,0.,1.));
#1665 = FACE_BOUND('',#1666,.F.);
#1666 = EDGE_LOOP('',(#1667));
#1667 = ORIENTED_EDGE('',*,*,#1668,.F.);
#1668 = EDGE_CURVE('',#1669,#1669,#1671,.T.);
#1669 = VERTEX_POINT('',#1670);
#1670 = CARTESIAN_POINT('',(195.2,0.,9.));
#1671 = CIRCLE('',#1672,4.2);
#1672 = AXIS2_PLACEMENT_3D('',#1673,#1674,#1675);
#1673 = CARTESIAN_POINT('',(191.,0.,9.));
#1674 = DIRECTION('',(-0.,1.,2.2E-16));
#1675 = DIRECTION('',(1.,0.,0.));
#1676 = FACE_BOUND('',#1677,.F.);
#1677 = EDGE_LOOP('',(#1678,#1691,#1699,#1707,#1715,#1723,#1731,#1739,
    #1749,#1759,#1769,#1780,#1791,#1803,#1811,#1821,#1834,#1846,#1856,
    #1867,#1877,#1887,#1895,#1903,#1911,#1919,#1927,#1935,#1945,#1955,
    #1967,#1977,#1987,#1995,#2005,#2015,#2028,#2038,#2050));
#1678 = ORIENTED_EDGE('',*,*,#1679,.T.);
#1679 = EDGE_CURVE('',#1680,#1682,#1684,.T.);
#1680 = VERTEX_POINT('',#1681);
#1681 = CARTESIAN_POINT('',(103.18460667329,0.,19.978326429959));
#1682 = VERTEX_POINT('',#1683);
#1683 = CARTESIAN_POINT('',(103.05877577907,0.,20.398492198485));
#1684 = B_SPLINE_CURVE_WITH_KNOTS('',5,(#1685,#1686,#1687,#1688,#1689,
    #1690),.UNSPECIFIED.,.F.,.F.,(6,6),(0.,1.),
  .PIECEWISE_BEZIER_KNOTS.);
#1685 = CARTESIAN_POINT('',(103.18460667329,0.,19.978326429959));
#1686 = CARTESIAN_POINT('',(103.16159223696,0.,20.070814351666));
#1687 = CARTESIAN_POINT('',(103.13752470001,0.,20.159273765321));
#1688 = CARTESIAN_POINT('',(103.11237927377,0.,20.243506552564));
#1689 = CARTESIAN_POINT('',(103.08613465744,0.,20.323310890453));
#1690 = CARTESIAN_POINT('',(103.05877577907,0.,20.398492198485));
#1691 = ORIENTED_EDGE('',*,*,#1692,.T.);
#1692 = EDGE_CURVE('',#1682,#1693,#1695,.T.);
#1693 = VERTEX_POINT('',#1694);
#1694 = CARTESIAN_POINT('',(101.46181760417,0.,25.1549));
#1695 = LINE('',#1696,#1697);
#1696 = CARTESIAN_POINT('',(100.11746995155,0.,29.158928260327));
#1697 = VECTOR('',#1698,1.);
#1698 = DIRECTION('',(-0.318287876626,0.,0.947994107362));
#1699 = ORIENTED_EDGE('',*,*,#1700,.T.);
#1700 = EDGE_CURVE('',#1693,#1701,#1703,.T.);
#1701 = VERTEX_POINT('',#1702);
#1702 = CARTESIAN_POINT('',(97.428663898999,0.,25.1549));
#1703 = LINE('',#1704,#1705);
#1704 = CARTESIAN_POINT('',(48.714331949499,0.,25.1549));
#1705 = VECTOR('',#1706,1.);
#1706 = DIRECTION('',(-1.,0.,0.));
#1707 = ORIENTED_EDGE('',*,*,#1708,.T.);
#1708 = EDGE_CURVE('',#1701,#1709,#1711,.T.);
#1709 = VERTEX_POINT('',#1710);
#1710 = CARTESIAN_POINT('',(101.3108205311,0.,15.154626454578));
#1711 = LINE('',#1712,#1713);
#1712 = CARTESIAN_POINT('',(97.232984326288,-4.4E-16,25.658962416794));
#1713 = VECTOR('',#1714,1.);
#1714 = DIRECTION('',(0.361892449263,0.,-0.93221985345));
#1715 = ORIENTED_EDGE('',*,*,#1716,.T.);
#1716 = EDGE_CURVE('',#1709,#1717,#1719,.T.);
#1717 = VERTEX_POINT('',#1718);
#1718 = CARTESIAN_POINT('',(97.428663898999,0.,5.1549));
#1719 = LINE('',#1720,#1721);
#1720 = CARTESIAN_POINT('',(90.178556749911,-4.4E-16,-13.52005187021));
#1721 = VECTOR('',#1722,1.);
#1722 = DIRECTION('',(-0.36190965538,0.,-0.932213173766));
#1723 = ORIENTED_EDGE('',*,*,#1724,.T.);
#1724 = EDGE_CURVE('',#1717,#1725,#1727,.T.);
#1725 = VERTEX_POINT('',#1726);
#1726 = CARTESIAN_POINT('',(101.46181760417,0.,5.1549));
#1727 = LINE('',#1728,#1729);
#1728 = CARTESIAN_POINT('',(50.730908802086,0.,5.1549));
#1729 = VECTOR('',#1730,1.);
#1730 = DIRECTION('',(1.,0.,0.));
#1731 = ORIENTED_EDGE('',*,*,#1732,.T.);
#1732 = EDGE_CURVE('',#1725,#1733,#1735,.T.);
#1733 = VERTEX_POINT('',#1734);
#1734 = CARTESIAN_POINT('',(103.12606795294,0.,10.364846111552));
#1735 = LINE('',#1736,#1737);
#1736 = CARTESIAN_POINT('',(96.849567359312,0.,-9.283778199144));
#1737 = VECTOR('',#1738,1.);
#1738 = DIRECTION('',(0.304289332682,0.,0.95257965652));
#1739 = ORIENTED_EDGE('',*,*,#1740,.T.);
#1740 = EDGE_CURVE('',#1733,#1741,#1743,.T.);
#1741 = VERTEX_POINT('',#1742);
#1742 = CARTESIAN_POINT('',(103.17640031063,0.,10.51639027546));
#1743 = B_SPLINE_CURVE_WITH_KNOTS('',4,(#1744,#1745,#1746,#1747,#1748),
  .UNSPECIFIED.,.F.,.F.,(5,5),(0.,1.),.PIECEWISE_BEZIER_KNOTS.);
#1744 = CARTESIAN_POINT('',(103.12606795294,0.,10.364846111552));
#1745 = CARTESIAN_POINT('',(103.13430045301,0.,10.398599361861));
#1746 = CARTESIAN_POINT('',(103.14545398035,0.,10.435134031577));
#1747 = CARTESIAN_POINT('',(103.15950054903,0.,10.474413448276));
#1748 = CARTESIAN_POINT('',(103.17640031063,0.,10.51639027546));
#1749 = ORIENTED_EDGE('',*,*,#1750,.T.);
#1750 = EDGE_CURVE('',#1741,#1751,#1753,.T.);
#1751 = VERTEX_POINT('',#1752);
#1752 = CARTESIAN_POINT('',(103.20977285214,0.,10.684347164702));
#1753 = B_SPLINE_CURVE_WITH_KNOTS('',4,(#1754,#1755,#1756,#1757,#1758),
  .UNSPECIFIED.,.F.,.F.,(5,5),(0.,1.),.PIECEWISE_BEZIER_KNOTS.);
#1754 = CARTESIAN_POINT('',(103.17640031063,0.,10.51639027546));
#1755 = CARTESIAN_POINT('',(103.18488082372,0.,10.558245711032));
#1756 = CARTESIAN_POINT('',(103.19326974077,0.,10.600190361215));
#1757 = CARTESIAN_POINT('',(103.20156707802,0.,10.642224190927));
#1758 = CARTESIAN_POINT('',(103.20977285214,0.,10.684347164702));
#1759 = ORIENTED_EDGE('',*,*,#1760,.T.);
#1760 = EDGE_CURVE('',#1751,#1761,#1763,.T.);
#1761 = VERTEX_POINT('',#1762);
#1762 = CARTESIAN_POINT('',(103.29347775133,0.,11.078799663539));
#1763 = B_SPLINE_CURVE_WITH_KNOTS('',4,(#1764,#1765,#1766,#1767,#1768),
  .UNSPECIFIED.,.F.,.F.,(5,5),(0.,1.),.PIECEWISE_BEZIER_KNOTS.);
#1764 = CARTESIAN_POINT('',(103.20977285214,0.,10.684347164702));
#1765 = CARTESIAN_POINT('',(103.2345424957,0.,10.791772031911));
#1766 = CARTESIAN_POINT('',(103.25684617632,0.,10.89357587362));
#1767 = CARTESIAN_POINT('',(103.27653759345,0.,10.989377846488));
#1768 = CARTESIAN_POINT('',(103.29347775133,0.,11.078799663539));
#1769 = ORIENTED_EDGE('',*,*,#1770,.T.);
#1770 = EDGE_CURVE('',#1761,#1771,#1773,.T.);
#1771 = VERTEX_POINT('',#1772);
#1772 = CARTESIAN_POINT('',(103.36131701604,0.,11.507718885576));
#1773 = B_SPLINE_CURVE_WITH_KNOTS('',5,(#1774,#1775,#1776,#1777,#1778,
    #1779),.UNSPECIFIED.,.F.,.F.,(6,6),(0.,1.),
  .PIECEWISE_BEZIER_KNOTS.);
#1774 = CARTESIAN_POINT('',(103.29347775133,0.,11.078799663539));
#1775 = CARTESIAN_POINT('',(103.30740525554,0.,11.151357467687));
#1776 = CARTESIAN_POINT('',(103.32116383319,0.,11.230990739368));
#1777 = CARTESIAN_POINT('',(103.33473983599,0.,11.317241735471));
#1778 = CARTESIAN_POINT('',(103.34812540889,0.,11.409632903337));
#1779 = CARTESIAN_POINT('',(103.36131701604,0.,11.507718885576));
#1780 = ORIENTED_EDGE('',*,*,#1781,.T.);
#1781 = EDGE_CURVE('',#1771,#1782,#1784,.T.);
#1782 = VERTEX_POINT('',#1783);
#1783 = CARTESIAN_POINT('',(103.38593610404,0.,12.0115895533));
#1784 = B_SPLINE_CURVE_WITH_KNOTS('',5,(#1785,#1786,#1787,#1788,#1789,
    #1790),.UNSPECIFIED.,.F.,.F.,(6,6),(0.,1.),
  .PIECEWISE_BEZIER_KNOTS.);
#1785 = CARTESIAN_POINT('',(103.36131701604,0.,11.507718885576));
#1786 = CARTESIAN_POINT('',(103.36761255776,0.,11.623766704565));
#1787 = CARTESIAN_POINT('',(103.37328915403,0.,11.73300878143));
#1788 = CARTESIAN_POINT('',(103.37828332215,0.,11.834670440721));
#1789 = CARTESIAN_POINT('',(103.38252226283,0.,11.927836648795));
#1790 = CARTESIAN_POINT('',(103.38593610404,0.,12.0115895533));
#1791 = ORIENTED_EDGE('',*,*,#1792,.T.);
#1792 = EDGE_CURVE('',#1782,#1793,#1795,.T.);
#1793 = VERTEX_POINT('',#1794);
#1794 = CARTESIAN_POINT('',(103.39468955755,0.,12.583299485735));
#1795 = B_SPLINE_CURVE_WITH_KNOTS('',6,(#1796,#1797,#1798,#1799,#1800,
    #1801,#1802),.UNSPECIFIED.,.F.,.F.,(7,7),(0.,1.),
  .PIECEWISE_BEZIER_KNOTS.);
#1796 = CARTESIAN_POINT('',(103.38593610404,0.,12.0115895533));
#1797 = CARTESIAN_POINT('',(103.38906091005,0.,12.083655391903));
#1798 = CARTESIAN_POINT('',(103.39143794916,0.,12.166754127994));
#1799 = CARTESIAN_POINT('',(103.39312375548,0.,12.259523291148));
#1800 = CARTESIAN_POINT('',(103.39418634757,0.,12.360597282255));
#1801 = CARTESIAN_POINT('',(103.39468955755,0.,12.468821624942));
#1802 = CARTESIAN_POINT('',(103.39468955755,0.,12.583299485735));
#1803 = ORIENTED_EDGE('',*,*,#1804,.T.);
#1804 = EDGE_CURVE('',#1793,#1805,#1807,.T.);
#1805 = VERTEX_POINT('',#1806);
#1806 = CARTESIAN_POINT('',(103.73115042688,0.,12.583299485735));
#1807 = LINE('',#1808,#1809);
#1808 = CARTESIAN_POINT('',(51.865575213443,0.,12.583299485735));
#1809 = VECTOR('',#1810,1.);
#1810 = DIRECTION('',(1.,0.,0.));
#1811 = ORIENTED_EDGE('',*,*,#1812,.T.);
#1812 = EDGE_CURVE('',#1805,#1813,#1815,.T.);
#1813 = VERTEX_POINT('',#1814);
#1814 = CARTESIAN_POINT('',(103.74756315222,0.,12.381970054983));
#1815 = B_SPLINE_CURVE_WITH_KNOTS('',4,(#1816,#1817,#1818,#1819,#1820),
  .UNSPECIFIED.,.F.,.F.,(5,5),(0.,1.),.PIECEWISE_BEZIER_KNOTS.);
#1816 = CARTESIAN_POINT('',(103.73115042688,0.,12.583299485735));
#1817 = CARTESIAN_POINT('',(103.73115042688,0.,12.532958443046));
#1818 = CARTESIAN_POINT('',(103.7338868261,0.,12.482617397461));
#1819 = CARTESIAN_POINT('',(103.73935961995,0.,12.4322850529));
#1820 = CARTESIAN_POINT('',(103.74756315222,0.,12.381970054983));
#1821 = ORIENTED_EDGE('',*,*,#1822,.T.);
#1822 = EDGE_CURVE('',#1813,#1823,#1825,.T.);
#1823 = VERTEX_POINT('',#1824);
#1824 = CARTESIAN_POINT('',(103.76452296839,0.,12.180093533386));
#1825 = B_SPLINE_CURVE_WITH_KNOTS('',4,(#1826,#1827,#1828,#1829,#1830,
    #1831,#1832,#1833),.UNSPECIFIED.,.F.,.F.,(5,3,5),(0.,0.191982408138,
    1.),.UNSPECIFIED.);
#1826 = CARTESIAN_POINT('',(103.74756315222,0.,12.381970054983));
#1827 = CARTESIAN_POINT('',(103.74756315222,0.,12.372253854003));
#1828 = CARTESIAN_POINT('',(103.74766735049,0.,12.36254088195));
#1829 = CARTESIAN_POINT('',(103.74787575341,0.,12.35283120507));
#1830 = CARTESIAN_POINT('',(103.74950405608,0.,12.302272844995));
#1831 = CARTESIAN_POINT('',(103.75266560644,0.,12.26148033939));
#1832 = CARTESIAN_POINT('',(103.75767285061,0.,12.220752296996));
#1833 = CARTESIAN_POINT('',(103.76452296839,0.,12.180093533386));
#1834 = ORIENTED_EDGE('',*,*,#1835,.T.);
#1835 = EDGE_CURVE('',#1823,#1836,#1838,.T.);
#1836 = VERTEX_POINT('',#1837);
#1837 = CARTESIAN_POINT('',(103.7978955099,0.,11.751174311349));
#1838 = B_SPLINE_CURVE_WITH_KNOTS('',6,(#1839,#1840,#1841,#1842,#1843,
    #1844,#1845),.UNSPECIFIED.,.F.,.F.,(7,7),(0.,1.),
  .PIECEWISE_BEZIER_KNOTS.);
#1839 = CARTESIAN_POINT('',(103.76452296839,0.,12.180093533386));
#1840 = CARTESIAN_POINT('',(103.76973344512,0.,12.08193487499));
#1841 = CARTESIAN_POINT('',(103.7750964032,0.,11.992216731924));
#1842 = CARTESIAN_POINT('',(103.78061310322,0.,11.912414124415));
#1843 = CARTESIAN_POINT('',(103.78627250027,0.,11.844377319846));
#1844 = CARTESIAN_POINT('',(103.79204923398,0.,11.79014948419));
#1845 = CARTESIAN_POINT('',(103.7978955099,0.,11.751174311349));
#1846 = ORIENTED_EDGE('',*,*,#1847,.T.);
#1847 = EDGE_CURVE('',#1836,#1848,#1850,.T.);
#1848 = VERTEX_POINT('',#1849);
#1849 = CARTESIAN_POINT('',(103.83181514226,0.,11.558051243264));
#1850 = B_SPLINE_CURVE_WITH_KNOTS('',4,(#1851,#1852,#1853,#1854,#1855),
  .UNSPECIFIED.,.F.,.F.,(5,5),(0.,1.),.PIECEWISE_BEZIER_KNOTS.);
#1851 = CARTESIAN_POINT('',(103.7978955099,0.,11.751174311349));
#1852 = CARTESIAN_POINT('',(103.80633520849,0.,11.696996891413));
#1853 = CARTESIAN_POINT('',(103.81480353671,0.,11.6466999988));
#1854 = CARTESIAN_POINT('',(103.82329784992,0.,11.600362953591));
#1855 = CARTESIAN_POINT('',(103.83181514226,0.,11.558051243264));
#1856 = ORIENTED_EDGE('',*,*,#1857,.T.);
#1857 = EDGE_CURVE('',#1848,#1858,#1860,.T.);
#1858 = VERTEX_POINT('',#1859);
#1859 = CARTESIAN_POINT('',(103.88214749995,0.,11.272469822469));
#1860 = B_SPLINE_CURVE_WITH_KNOTS('',5,(#1861,#1862,#1863,#1864,#1865,
    #1866),.UNSPECIFIED.,.F.,.F.,(6,6),(0.,1.),
  .PIECEWISE_BEZIER_KNOTS.);
#1861 = CARTESIAN_POINT('',(103.83181514226,0.,11.558051243264));
#1862 = CARTESIAN_POINT('',(103.83879173727,0.,11.523618371118));
#1863 = CARTESIAN_POINT('',(103.84743350682,0.,11.477036050218));
#1864 = CARTESIAN_POINT('',(103.85763844185,0.,11.41896849463));
#1865 = CARTESIAN_POINT('',(103.86925830144,0.,11.350438908524));
#1866 = CARTESIAN_POINT('',(103.88214749995,0.,11.272469822469));
#1867 = ORIENTED_EDGE('',*,*,#1868,.T.);
#1868 = EDGE_CURVE('',#1858,#1869,#1871,.T.);
#1869 = VERTEX_POINT('',#1870);
#1870 = CARTESIAN_POINT('',(103.97460585266,0.,10.818931512433));
#1871 = B_SPLINE_CURVE_WITH_KNOTS('',4,(#1872,#1873,#1874,#1875,#1876),
  .UNSPECIFIED.,.F.,.F.,(5,5),(0.,1.),.PIECEWISE_BEZIER_KNOTS.);
#1872 = CARTESIAN_POINT('',(103.88214749995,0.,11.272469822469));
#1873 = CARTESIAN_POINT('',(103.8992437934,0.,11.162446901663));
#1874 = CARTESIAN_POINT('',(103.92042243598,0.,11.050112981283));
#1875 = CARTESIAN_POINT('',(103.94558112918,0.,10.935572924551));
#1876 = CARTESIAN_POINT('',(103.97460585266,0.,10.818931512433));
#1877 = ORIENTED_EDGE('',*,*,#1878,.T.);
#1878 = EDGE_CURVE('',#1869,#1879,#1881,.T.);
#1879 = VERTEX_POINT('',#1880);
#1880 = CARTESIAN_POINT('',(104.10043674688,0.,10.381805927729));
#1881 = B_SPLINE_CURVE_WITH_KNOTS('',4,(#1882,#1883,#1884,#1885,#1886),
  .UNSPECIFIED.,.F.,.F.,(5,5),(0.,1.),.PIECEWISE_BEZIER_KNOTS.);
#1882 = CARTESIAN_POINT('',(103.97460585266,0.,10.818931512433));
#1883 = CARTESIAN_POINT('',(104.00381104593,0.,10.702651576232));
#1884 = CARTESIAN_POINT('',(104.03449425782,0.,10.590889199118));
#1885 = CARTESIAN_POINT('',(104.06669299283,0.,10.483866954324));
#1886 = CARTESIAN_POINT('',(104.10043674688,0.,10.381805927729));
#1887 = ORIENTED_EDGE('',*,*,#1888,.T.);
#1888 = EDGE_CURVE('',#1879,#1889,#1891,.T.);
#1889 = VERTEX_POINT('',#1890);
#1890 = CARTESIAN_POINT('',(105.69739492178,0.,5.1549));
#1891 = LINE('',#1892,#1893);
#1892 = CARTESIAN_POINT('',(101.90558847647,-4.4E-16,17.565629283492));
#1893 = VECTOR('',#1894,1.);
#1894 = DIRECTION('',(0.292193104198,0.,-0.956359341387));
#1895 = ORIENTED_EDGE('',*,*,#1896,.T.);
#1896 = EDGE_CURVE('',#1889,#1897,#1899,.T.);
#1897 = VERTEX_POINT('',#1898);
#1898 = CARTESIAN_POINT('',(109.64684372775,0.,5.1549));
#1899 = LINE('',#1900,#1901);
#1900 = CARTESIAN_POINT('',(54.82342186388,0.,5.1549));
#1901 = VECTOR('',#1902,1.);
#1902 = DIRECTION('',(1.,0.,0.));
#1903 = ORIENTED_EDGE('',*,*,#1904,.T.);
#1904 = EDGE_CURVE('',#1897,#1905,#1907,.T.);
#1905 = VERTEX_POINT('',#1906);
#1906 = CARTESIAN_POINT('',(105.76468709565,0.,15.154626454578));
#1907 = LINE('',#1908,#1909);
#1908 = CARTESIAN_POINT('',(101.39464265816,-4.4E-16,26.411062788893));
#1909 = VECTOR('',#1910,1.);
#1910 = DIRECTION('',(-0.36190965538,0.,0.932213173766));
#1911 = ORIENTED_EDGE('',*,*,#1912,.T.);
#1912 = EDGE_CURVE('',#1905,#1913,#1915,.T.);
#1913 = VERTEX_POINT('',#1914);
#1914 = CARTESIAN_POINT('',(109.64684372775,0.,25.1549));
#1915 = LINE('',#1916,#1917);
#1916 = CARTESIAN_POINT('',(98.223661154847,-4.4E-16,-4.27074180528));
#1917 = VECTOR('',#1918,1.);
#1918 = DIRECTION('',(0.361892449263,0.,0.93221985345));
#1919 = ORIENTED_EDGE('',*,*,#1920,.T.);
#1920 = EDGE_CURVE('',#1913,#1921,#1923,.T.);
#1921 = VERTEX_POINT('',#1922);
#1922 = CARTESIAN_POINT('',(105.69739492178,0.,25.1549));
#1923 = LINE('',#1924,#1925);
#1924 = CARTESIAN_POINT('',(52.848697460893,0.,25.1549));
#1925 = VECTOR('',#1926,1.);
#1926 = DIRECTION('',(-1.,0.,0.));
#1927 = ORIENTED_EDGE('',*,*,#1928,.T.);
#1928 = EDGE_CURVE('',#1921,#1929,#1931,.T.);
#1929 = VERTEX_POINT('',#1930);
#1930 = CARTESIAN_POINT('',(104.13435637923,0.,20.415452014662));
#1931 = LINE('',#1932,#1933);
#1932 = CARTESIAN_POINT('',(95.990639177975,0.,-4.27794039504));
#1933 = VECTOR('',#1934,1.);
#1934 = DIRECTION('',(-0.313200489688,0.,-0.94968702911));
#1935 = ORIENTED_EDGE('',*,*,#1936,.T.);
#1936 = EDGE_CURVE('',#1929,#1937,#1939,.T.);
#1937 = VERTEX_POINT('',#1938);
#1938 = CARTESIAN_POINT('',(104.08402402154,0.,20.230535309243));
#1939 = B_SPLINE_CURVE_WITH_KNOTS('',4,(#1940,#1941,#1942,#1943,#1944),
  .UNSPECIFIED.,.F.,.F.,(5,5),(0.,1.),.PIECEWISE_BEZIER_KNOTS.);
#1940 = CARTESIAN_POINT('',(104.13435637923,0.,20.415452014662));
#1941 = CARTESIAN_POINT('',(104.1174668721,0.,20.365055904685));
#1942 = CARTESIAN_POINT('',(104.10342026351,0.,20.317402021576));
#1943 = CARTESIAN_POINT('',(104.09226151571,0.,20.272546529484));
#1944 = CARTESIAN_POINT('',(104.08402402154,0.,20.230535309243));
#1945 = ORIENTED_EDGE('',*,*,#1946,.T.);
#1946 = EDGE_CURVE('',#1937,#1947,#1949,.T.);
#1947 = VERTEX_POINT('',#1948);
#1948 = CARTESIAN_POINT('',(104.01673184768,0.,20.028658787647));
#1949 = B_SPLINE_CURVE_WITH_KNOTS('',4,(#1950,#1951,#1952,#1953,#1954),
  .UNSPECIFIED.,.F.,.F.,(5,5),(0.,1.),.PIECEWISE_BEZIER_KNOTS.);
#1950 = CARTESIAN_POINT('',(104.08402402154,0.,20.230535309243));
#1951 = CARTESIAN_POINT('',(104.06706301384,0.,20.180199415412));
#1952 = CARTESIAN_POINT('',(104.05019399094,0.,20.129774672019));
#1953 = CARTESIAN_POINT('',(104.03341693997,0.,20.079261116745));
#1954 = CARTESIAN_POINT('',(104.01673184768,0.,20.028658787647));
#1955 = ORIENTED_EDGE('',*,*,#1956,.T.);
#1956 = EDGE_CURVE('',#1947,#1957,#1959,.T.);
#1957 = VERTEX_POINT('',#1958);
#1958 = CARTESIAN_POINT('',(103.92372640412,0.,19.650619014142));
#1959 = B_SPLINE_CURVE_WITH_KNOTS('',6,(#1960,#1961,#1962,#1963,#1964,
    #1965,#1966),.UNSPECIFIED.,.F.,.F.,(7,7),(0.,1.),
  .PIECEWISE_BEZIER_KNOTS.);
#1960 = CARTESIAN_POINT('',(104.01673184768,0.,20.028658787647));
#1961 = CARTESIAN_POINT('',(104.00491540697,0.,19.987682420676));
#1962 = CARTESIAN_POINT('',(103.99143137268,0.,19.936880479159));
#1963 = CARTESIAN_POINT('',(103.97641552481,0.,19.876935530776));
#1964 = CARTESIAN_POINT('',(103.9600266521,0.,19.808695136096));
#1965 = CARTESIAN_POINT('',(103.94241825032,0.,19.733001595526));
#1966 = CARTESIAN_POINT('',(103.92372640412,0.,19.650619014142));
#1967 = ORIENTED_EDGE('',*,*,#1968,.T.);
#1968 = EDGE_CURVE('',#1957,#1969,#1971,.T.);
#1969 = VERTEX_POINT('',#1970);
#1970 = CARTESIAN_POINT('',(103.83181514226,0.,19.137994892907));
#1971 = B_SPLINE_CURVE_WITH_KNOTS('',4,(#1972,#1973,#1974,#1975,#1976),
  .UNSPECIFIED.,.F.,.F.,(5,5),(0.,1.),.PIECEWISE_BEZIER_KNOTS.);
#1972 = CARTESIAN_POINT('',(103.92372640412,0.,19.650619014142));
#1973 = CARTESIAN_POINT('',(103.89461140927,0.,19.521098102461));
#1974 = CARTESIAN_POINT('',(103.86953810255,0.,19.392447850234));
#1975 = CARTESIAN_POINT('',(103.84858445499,0.,19.264726912091));
#1976 = CARTESIAN_POINT('',(103.83181514226,0.,19.137994892907));
#1977 = ORIENTED_EDGE('',*,*,#1978,.T.);
#1978 = EDGE_CURVE('',#1969,#1979,#1981,.T.);
#1979 = VERTEX_POINT('',#1980);
#1980 = CARTESIAN_POINT('',(103.76452296839,0.,18.264290814345));
#1981 = B_SPLINE_CURVE_WITH_KNOTS('',4,(#1982,#1983,#1984,#1985,#1986),
  .UNSPECIFIED.,.F.,.F.,(5,5),(0.,1.),.PIECEWISE_BEZIER_KNOTS.);
#1982 = CARTESIAN_POINT('',(103.83181514226,0.,19.137994892907));
#1983 = CARTESIAN_POINT('',(103.79829235704,0.,18.920233060492));
#1984 = CARTESIAN_POINT('',(103.77578317473,0.,18.701786743669));
#1985 = CARTESIAN_POINT('',(103.76452296839,0.,18.483012245595));
#1986 = CARTESIAN_POINT('',(103.76452296839,0.,18.264290814345));
#1987 = ORIENTED_EDGE('',*,*,#1988,.T.);
#1988 = EDGE_CURVE('',#1979,#1989,#1991,.T.);
#1989 = VERTEX_POINT('',#1990);
#1990 = CARTESIAN_POINT('',(103.42860918991,0.,18.264290814345));
#1991 = LINE('',#1992,#1993);
#1992 = CARTESIAN_POINT('',(51.714304594957,0.,18.264290814345));
#1993 = VECTOR('',#1994,1.);
#1994 = DIRECTION('',(-1.,0.,0.));
#1995 = ORIENTED_EDGE('',*,*,#1996,.T.);
#1996 = EDGE_CURVE('',#1989,#1997,#1999,.T.);
#1997 = VERTEX_POINT('',#1998);
#1998 = CARTESIAN_POINT('',(103.4198557364,0.,18.473826607763));
#1999 = B_SPLINE_CURVE_WITH_KNOTS('',4,(#2000,#2001,#2002,#2003,#2004),
  .UNSPECIFIED.,.F.,.F.,(5,5),(0.,1.),.PIECEWISE_BEZIER_KNOTS.);
#2000 = CARTESIAN_POINT('',(103.42860918991,0.,18.264290814345));
#2001 = CARTESIAN_POINT('',(103.42860918991,0.,18.314707637601));
#2002 = CARTESIAN_POINT('',(103.42714537869,0.,18.366443326262));
#2003 = CARTESIAN_POINT('',(103.42422475051,0.,18.419486994759));
#2004 = CARTESIAN_POINT('',(103.4198557364,0.,18.473826607763));
#2005 = ORIENTED_EDGE('',*,*,#2006,.T.);
#2006 = EDGE_CURVE('',#1997,#2007,#2009,.T.);
#2007 = VERTEX_POINT('',#2008);
#2008 = CARTESIAN_POINT('',(103.41164937373,0.,18.684456582871));
#2009 = B_SPLINE_CURVE_WITH_KNOTS('',4,(#2010,#2011,#2012,#2013,#2014),
  .UNSPECIFIED.,.F.,.F.,(5,5),(0.,1.),.PIECEWISE_BEZIER_KNOTS.);
#2010 = CARTESIAN_POINT('',(103.4198557364,0.,18.473826607763));
#2011 = CARTESIAN_POINT('',(103.41575976932,0.,18.528439502124));
#2012 = CARTESIAN_POINT('',(103.41302170204,0.,18.581756417517));
#2013 = CARTESIAN_POINT('',(103.41164937373,0.,18.633765655544));
#2014 = CARTESIAN_POINT('',(103.41164937373,0.,18.684456582871));
#2015 = ORIENTED_EDGE('',*,*,#2016,.T.);
#2016 = EDGE_CURVE('',#2007,#2017,#2019,.T.);
#2017 = VERTEX_POINT('',#2018);
#2018 = CARTESIAN_POINT('',(103.3607699252,0.,19.121035076729));
#2019 = B_SPLINE_CURVE_WITH_KNOTS('',7,(#2020,#2021,#2022,#2023,#2024,
    #2025,#2026,#2027),.UNSPECIFIED.,.F.,.F.,(8,8),(0.,1.),
  .PIECEWISE_BEZIER_KNOTS.);
#2020 = CARTESIAN_POINT('',(103.41164937373,0.,18.684456582871));
#2021 = CARTESIAN_POINT('',(103.40282019402,0.,18.771893943261));
#2022 = CARTESIAN_POINT('',(103.39436715289,0.,18.852946683309));
#2023 = CARTESIAN_POINT('',(103.38635928186,0.,18.926612257198));
#2024 = CARTESIAN_POINT('',(103.37888817609,0.,18.991627732828));
#2025 = CARTESIAN_POINT('',(103.37206114381,0.,19.046576075409));
#2026 = CARTESIAN_POINT('',(103.36599095281,0.,19.090045751548));
#2027 = CARTESIAN_POINT('',(103.3607699252,0.,19.121035076729));
#2028 = ORIENTED_EDGE('',*,*,#2029,.T.);
#2029 = EDGE_CURVE('',#2017,#2030,#2032,.T.);
#2030 = VERTEX_POINT('',#2031);
#2031 = CARTESIAN_POINT('',(103.32739738369,0.,19.280785603304));
#2032 = B_SPLINE_CURVE_WITH_KNOTS('',4,(#2033,#2034,#2035,#2036,#2037),
  .UNSPECIFIED.,.F.,.F.,(5,5),(0.,1.),.PIECEWISE_BEZIER_KNOTS.);
#2033 = CARTESIAN_POINT('',(103.3607699252,0.,19.121035076729));
#2034 = CARTESIAN_POINT('',(103.35262215758,0.,19.171279643709));
#2035 = CARTESIAN_POINT('',(103.34433987949,0.,19.214788851911));
#2036 = CARTESIAN_POINT('',(103.33592880652,0.,19.251338434172));
#2037 = CARTESIAN_POINT('',(103.32739738369,0.,19.280785603304));
#2038 = ORIENTED_EDGE('',*,*,#2039,.T.);
#2039 = EDGE_CURVE('',#2030,#2040,#2042,.T.);
#2040 = VERTEX_POINT('',#2041);
#2041 = CARTESIAN_POINT('',(103.277065026,0.,19.57512047761));
#2042 = B_SPLINE_CURVE_WITH_KNOTS('',6,(#2043,#2044,#2045,#2046,#2047,
    #2048,#2049),.UNSPECIFIED.,.F.,.F.,(7,7),(0.,1.),
  .PIECEWISE_BEZIER_KNOTS.);
#2043 = CARTESIAN_POINT('',(103.32739738369,0.,19.280785603304));
#2044 = CARTESIAN_POINT('',(103.32170524117,0.,19.301277316357));
#2045 = CARTESIAN_POINT('',(103.31479928984,0.,19.334303670326));
#2046 = CARTESIAN_POINT('',(103.30675875267,0.,19.379312415783));
#2047 = CARTESIAN_POINT('',(103.29770531944,0.,19.435240264314));
#2048 = CARTESIAN_POINT('',(103.28776776175,0.,19.500891826464));
#2049 = CARTESIAN_POINT('',(103.277065026,0.,19.57512047761));
#2050 = ORIENTED_EDGE('',*,*,#2051,.T.);
#2051 = EDGE_CURVE('',#2040,#1680,#2052,.T.);
#2052 = B_SPLINE_CURVE_WITH_KNOTS('',5,(#2053,#2054,#2055,#2056,#2057,
    #2058),.UNSPECIFIED.,.F.,.F.,(6,6),(0.,1.),
  .PIECEWISE_BEZIER_KNOTS.);
#2053 = CARTESIAN_POINT('',(103.277065026,0.,19.57512047761));
#2054 = CARTESIAN_POINT('',(103.26338956068,0.,19.643946180145));
#2055 = CARTESIAN_POINT('',(103.24716795348,0.,19.719066749602));
#2056 = CARTESIAN_POINT('',(103.22853387255,0.,19.800100739313));
#2057 = CARTESIAN_POINT('',(103.20763312476,0.,19.88664703985));
#2058 = CARTESIAN_POINT('',(103.18460667329,0.,19.978326429959));
#2059 = FACE_BOUND('',#2060,.F.);
#2060 = EDGE_LOOP('',(#2061,#2071,#2079,#2087,#2095,#2103,#2111,#2119));
#2061 = ORIENTED_EDGE('',*,*,#2062,.T.);
#2062 = EDGE_CURVE('',#2063,#2065,#2067,.T.);
#2063 = VERTEX_POINT('',#2064);
#2064 = CARTESIAN_POINT('',(119.86540652011,0.,21.457112982466));
#2065 = VERTEX_POINT('',#2066);
#2066 = CARTESIAN_POINT('',(122.97452378903,0.,21.457112982466));
#2067 = LINE('',#2068,#2069);
#2068 = CARTESIAN_POINT('',(61.487261894517,0.,21.457112982466));
#2069 = VECTOR('',#2070,1.);
#2070 = DIRECTION('',(1.,0.,0.));
#2071 = ORIENTED_EDGE('',*,*,#2072,.T.);
#2072 = EDGE_CURVE('',#2065,#2073,#2075,.T.);
#2073 = VERTEX_POINT('',#2074);
#2074 = CARTESIAN_POINT('',(122.97452378903,0.,5.1549));
#2075 = LINE('',#2076,#2077);
#2076 = CARTESIAN_POINT('',(122.97452378903,0.,2.57745));
#2077 = VECTOR('',#2078,1.);
#2078 = DIRECTION('',(0.,0.,-1.));
#2079 = ORIENTED_EDGE('',*,*,#2080,.T.);
#2080 = EDGE_CURVE('',#2073,#2081,#2083,.T.);
#2081 = VERTEX_POINT('',#2082);
#2082 = CARTESIAN_POINT('',(126.923972595,0.,5.1549));
#2083 = LINE('',#2084,#2085);
#2084 = CARTESIAN_POINT('',(63.461986297504,0.,5.1549));
#2085 = VECTOR('',#2086,1.);
#2086 = DIRECTION('',(1.,0.,0.));
#2087 = ORIENTED_EDGE('',*,*,#2088,.T.);
#2088 = EDGE_CURVE('',#2081,#2089,#2091,.T.);
#2089 = VERTEX_POINT('',#2090);
#2090 = CARTESIAN_POINT('',(126.923972595,0.,21.457112982466));
#2091 = LINE('',#2092,#2093);
#2092 = CARTESIAN_POINT('',(126.923972595,0.,10.728556491233));
#2093 = VECTOR('',#2094,1.);
#2094 = DIRECTION('',(0.,0.,1.));
#2095 = ORIENTED_EDGE('',*,*,#2096,.T.);
#2096 = EDGE_CURVE('',#2089,#2097,#2099,.T.);
#2097 = VERTEX_POINT('',#2098);
#2098 = CARTESIAN_POINT('',(130.03308986393,0.,21.457112982466));
#2099 = LINE('',#2100,#2101);
#2100 = CARTESIAN_POINT('',(65.016544931965,0.,21.457112982466));
#2101 = VECTOR('',#2102,1.);
#2102 = DIRECTION('',(1.,0.,0.));
#2103 = ORIENTED_EDGE('',*,*,#2104,.T.);
#2104 = EDGE_CURVE('',#2097,#2105,#2107,.T.);
#2105 = VERTEX_POINT('',#2106);
#2106 = CARTESIAN_POINT('',(130.03308986393,0.,25.1549));
#2107 = LINE('',#2108,#2109);
#2108 = CARTESIAN_POINT('',(130.03308986393,0.,12.57745));
#2109 = VECTOR('',#2110,1.);
#2110 = DIRECTION('',(0.,0.,1.));
#2111 = ORIENTED_EDGE('',*,*,#2112,.T.);
#2112 = EDGE_CURVE('',#2105,#2113,#2115,.T.);
#2113 = VERTEX_POINT('',#2114);
#2114 = CARTESIAN_POINT('',(119.86540652011,0.,25.1549));
#2115 = LINE('',#2116,#2117);
#2116 = CARTESIAN_POINT('',(59.932703260056,0.,25.1549));
#2117 = VECTOR('',#2118,1.);
#2118 = DIRECTION('',(-1.,0.,0.));
#2119 = ORIENTED_EDGE('',*,*,#2120,.T.);
#2120 = EDGE_CURVE('',#2113,#2063,#2121,.T.);
#2121 = LINE('',#2122,#2123);
#2122 = CARTESIAN_POINT('',(119.86540652011,0.,10.728556491233));
#2123 = VECTOR('',#2124,1.);
#2124 = DIRECTION('',(0.,0.,-1.));
#2125 = FACE_BOUND('',#2126,.F.);
#2126 = EDGE_LOOP('',(#2127,#2137,#2145,#2153));
#2127 = ORIENTED_EDGE('',*,*,#2128,.T.);
#2128 = EDGE_CURVE('',#2129,#2131,#2133,.T.);
#2129 = VERTEX_POINT('',#2130);
#2130 = CARTESIAN_POINT('',(135.25014815646,0.,25.1549));
#2131 = VERTEX_POINT('',#2132);
#2132 = CARTESIAN_POINT('',(131.30069935048,0.,25.1549));
#2133 = LINE('',#2134,#2135);
#2134 = CARTESIAN_POINT('',(65.650349675243,0.,25.1549));
#2135 = VECTOR('',#2136,1.);
#2136 = DIRECTION('',(-1.,0.,0.));
#2137 = ORIENTED_EDGE('',*,*,#2138,.T.);
#2138 = EDGE_CURVE('',#2131,#2139,#2141,.T.);
#2139 = VERTEX_POINT('',#2140);
#2140 = CARTESIAN_POINT('',(131.30069935048,0.,5.1549));
#2141 = LINE('',#2142,#2143);
#2142 = CARTESIAN_POINT('',(131.30069935048,0.,2.57745));
#2143 = VECTOR('',#2144,1.);
#2144 = DIRECTION('',(0.,0.,-1.));
#2145 = ORIENTED_EDGE('',*,*,#2146,.T.);
#2146 = EDGE_CURVE('',#2139,#2147,#2149,.T.);
#2147 = VERTEX_POINT('',#2148);
#2148 = CARTESIAN_POINT('',(135.25014815646,0.,5.1549));
#2149 = LINE('',#2150,#2151);
#2150 = CARTESIAN_POINT('',(67.62507407823,0.,5.1549));
#2151 = VECTOR('',#2152,1.);
#2152 = DIRECTION('',(1.,0.,0.));
#2153 = ORIENTED_EDGE('',*,*,#2154,.T.);
#2154 = EDGE_CURVE('',#2147,#2129,#2155,.T.);
#2155 = LINE('',#2156,#2157);
#2156 = CARTESIAN_POINT('',(135.25014815646,0.,12.57745));
#2157 = VECTOR('',#2158,1.);
#2158 = DIRECTION('',(0.,0.,1.));
#2159 = FACE_BOUND('',#2160,.F.);
#2160 = EDGE_LOOP('',(#2161,#2174,#2182,#2190,#2198,#2206,#2214,#2225,
    #2237,#2247,#2259,#2270,#2282,#2290,#2300,#2310,#2323,#2334,#2346,
    #2356,#2367,#2375,#2383,#2391,#2401,#2411,#2423,#2433,#2444,#2456,
    #2466,#2477,#2485,#2495,#2505,#2515,#2525,#2536,#2548,#2556,#2564,
    #2572,#2580,#2588,#2598,#2608,#2618,#2629,#2639,#2649,#2657,#2665,
    #2675,#2688,#2698,#2710));
#2161 = ORIENTED_EDGE('',*,*,#2162,.T.);
#2162 = EDGE_CURVE('',#2163,#2165,#2167,.T.);
#2163 = VERTEX_POINT('',#2164);
#2164 = CARTESIAN_POINT('',(144.30340745016,0.,15.499293686572));
#2165 = VERTEX_POINT('',#2166);
#2166 = CARTESIAN_POINT('',(144.0933245659,0.,17.154790581831));
#2167 = B_SPLINE_CURVE_WITH_KNOTS('',5,(#2168,#2169,#2170,#2171,#2172,
    #2173),.UNSPECIFIED.,.F.,.F.,(6,6),(0.,1.),
  .PIECEWISE_BEZIER_KNOTS.);
#2168 = CARTESIAN_POINT('',(144.30340745016,0.,15.499293686572));
#2169 = CARTESIAN_POINT('',(144.2685777143,0.,15.838110762082));
#2170 = CARTESIAN_POINT('',(144.23054472675,0.,16.173665684268));
#2171 = CARTESIAN_POINT('',(144.18896139534,0.,16.505473730087));
#2172 = CARTESIAN_POINT('',(144.14341031648,0.,16.832844036262));
#2173 = CARTESIAN_POINT('',(144.0933245659,0.,17.154790581831));
#2174 = ORIENTED_EDGE('',*,*,#2175,.T.);
#2175 = EDGE_CURVE('',#2165,#2176,#2178,.T.);
#2176 = VERTEX_POINT('',#2177);
#2177 = CARTESIAN_POINT('',(142.81641453499,0.,25.1549));
#2178 = LINE('',#2179,#2180);
#2179 = CARTESIAN_POINT('',(143.00005759295,0.,24.004337687862));
#2180 = VECTOR('',#2181,1.);
#2181 = DIRECTION('',(-0.157616490186,0.,0.987500401023));
#2182 = ORIENTED_EDGE('',*,*,#2183,.T.);
#2183 = EDGE_CURVE('',#2176,#2184,#2186,.T.);
#2184 = VERTEX_POINT('',#2185);
#2185 = CARTESIAN_POINT('',(137.25304773793,0.,25.1549));
#2186 = LINE('',#2187,#2188);
#2187 = CARTESIAN_POINT('',(68.626523868968,0.,25.1549));
#2188 = VECTOR('',#2189,1.);
#2189 = DIRECTION('',(-1.,0.,0.));
#2190 = ORIENTED_EDGE('',*,*,#2191,.T.);
#2191 = EDGE_CURVE('',#2184,#2192,#2194,.T.);
#2192 = VERTEX_POINT('',#2193);
#2193 = CARTESIAN_POINT('',(137.25304773793,0.,5.1549));
#2194 = LINE('',#2195,#2196);
#2195 = CARTESIAN_POINT('',(137.25304773793,0.,2.57745));
#2196 = VECTOR('',#2197,1.);
#2197 = DIRECTION('',(0.,0.,-1.));
#2198 = ORIENTED_EDGE('',*,*,#2199,.T.);
#2199 = EDGE_CURVE('',#2192,#2200,#2202,.T.);
#2200 = VERTEX_POINT('',#2201);
#2201 = CARTESIAN_POINT('',(141.20249654391,0.,5.1549));
#2202 = LINE('',#2203,#2204);
#2203 = CARTESIAN_POINT('',(70.601248271955,0.,5.1549));
#2204 = VECTOR('',#2205,1.);
#2205 = DIRECTION('',(1.,0.,0.));
#2206 = ORIENTED_EDGE('',*,*,#2207,.T.);
#2207 = EDGE_CURVE('',#2200,#2208,#2210,.T.);
#2208 = VERTEX_POINT('',#2209);
#2209 = CARTESIAN_POINT('',(141.20249654391,0.,7.524897538091));
#2210 = LINE('',#2211,#2212);
#2211 = CARTESIAN_POINT('',(141.20249654391,0.,3.762448769046));
#2212 = VECTOR('',#2213,1.);
#2213 = DIRECTION('',(0.,0.,1.));
#2214 = ORIENTED_EDGE('',*,*,#2215,.T.);
#2215 = EDGE_CURVE('',#2208,#2216,#2218,.T.);
#2216 = VERTEX_POINT('',#2217);
#2217 = CARTESIAN_POINT('',(141.13575146088,0.,10.41517846924));
#2218 = B_SPLINE_CURVE_WITH_KNOTS('',5,(#2219,#2220,#2221,#2222,#2223,
    #2224),.UNSPECIFIED.,.F.,.F.,(6,6),(0.,1.),
  .PIECEWISE_BEZIER_KNOTS.);
#2219 = CARTESIAN_POINT('',(141.20249654391,0.,7.524897538091));
#2220 = CARTESIAN_POINT('',(141.20249654391,0.,8.100875337981));
#2221 = CARTESIAN_POINT('',(141.19538031503,0.,8.678081040557));
#2222 = CARTESIAN_POINT('',(141.18162022491,0.,9.256305908854));
#2223 = CARTESIAN_POINT('',(141.16162388076,0.,9.835381781288));
#2224 = CARTESIAN_POINT('',(141.13575146088,0.,10.41517846924));
#2225 = ORIENTED_EDGE('',*,*,#2226,.T.);
#2226 = EDGE_CURVE('',#2216,#2227,#2229,.T.);
#2227 = VERTEX_POINT('',#2228);
#2228 = CARTESIAN_POINT('',(141.01757983849,0.,12.583299485735));
#2229 = B_SPLINE_CURVE_WITH_KNOTS('',6,(#2230,#2231,#2232,#2233,#2234,
    #2235,#2236),.UNSPECIFIED.,.F.,.F.,(7,7),(0.,1.),
  .PIECEWISE_BEZIER_KNOTS.);
#2230 = CARTESIAN_POINT('',(141.13575146088,0.,10.41517846924));
#2231 = CARTESIAN_POINT('',(141.12027564875,0.,10.783269828889));
#2232 = CARTESIAN_POINT('',(141.10338902557,0.,11.14924375117));
#2233 = CARTESIAN_POINT('',(141.08492336467,0.,11.512806073413));
#2234 = CARTESIAN_POINT('',(141.06466586542,0.,11.873490273061));
#2235 = CARTESIAN_POINT('',(141.04235210713,0.,12.230647108597));
#2236 = CARTESIAN_POINT('',(141.01757983849,0.,12.583299485735));
#2237 = ORIENTED_EDGE('',*,*,#2238,.T.);
#2238 = EDGE_CURVE('',#2227,#2239,#2241,.T.);
#2239 = VERTEX_POINT('',#2240);
#2240 = CARTESIAN_POINT('',(140.87478912809,0.,14.499211622945));
#2241 = B_SPLINE_CURVE_WITH_KNOTS('',4,(#2242,#2243,#2244,#2245,#2246),
  .UNSPECIFIED.,.F.,.F.,(5,5),(0.,1.),.PIECEWISE_BEZIER_KNOTS.);
#2242 = CARTESIAN_POINT('',(141.01757983849,0.,12.583299485735));
#2243 = CARTESIAN_POINT('',(140.98419805115,0.,13.062410220433));
#2244 = CARTESIAN_POINT('',(140.94927120867,0.,13.541436352401));
#2245 = CARTESIAN_POINT('',(140.91280094832,0.,14.020372074607));
#2246 = CARTESIAN_POINT('',(140.87478912809,0.,14.499211622945));
#2247 = ORIENTED_EDGE('',*,*,#2248,.T.);
#2248 = EDGE_CURVE('',#2239,#2249,#2251,.T.);
#2249 = VERTEX_POINT('',#2250);
#2250 = CARTESIAN_POINT('',(140.69862587618,0.,16.66733263944));
#2251 = B_SPLINE_CURVE_WITH_KNOTS('',6,(#2252,#2253,#2254,#2255,#2256,
    #2257,#2258),.UNSPECIFIED.,.F.,.F.,(7,7),(0.,1.),
  .PIECEWISE_BEZIER_KNOTS.);
#2252 = CARTESIAN_POINT('',(140.87478912809,0.,14.499211622945));
#2253 = CARTESIAN_POINT('',(140.84696888712,0.,14.852206129727));
#2254 = CARTESIAN_POINT('',(140.81837650624,0.,15.209530835803));
#2255 = CARTESIAN_POINT('',(140.78916038451,0.,15.570241879376));
#2256 = CARTESIAN_POINT('',(140.75941790213,0.,15.933716551133));
#2257 = CARTESIAN_POINT('',(140.72922254849,0.,16.299507426667));
#2258 = CARTESIAN_POINT('',(140.69862587618,0.,16.66733263944));
#2259 = ORIENTED_EDGE('',*,*,#2260,.T.);
#2260 = EDGE_CURVE('',#2249,#2261,#2263,.T.);
#2261 = VERTEX_POINT('',#2262);
#2262 = CARTESIAN_POINT('',(140.39553754836,0.,19.843742082228));
#2263 = B_SPLINE_CURVE_WITH_KNOTS('',5,(#2264,#2265,#2266,#2267,#2268,
    #2269),.UNSPECIFIED.,.F.,.F.,(6,6),(0.,1.),
  .PIECEWISE_BEZIER_KNOTS.);
#2264 = CARTESIAN_POINT('',(140.69862587618,0.,16.66733263944));
#2265 = CARTESIAN_POINT('',(140.64103842401,0.,17.305992036843));
#2266 = CARTESIAN_POINT('',(140.58207904907,0.,17.943178529984));
#2267 = CARTESIAN_POINT('',(140.52162001219,0.,18.578710609382));
#2268 = CARTESIAN_POINT('',(140.45950865514,0.,19.212344948949));
#2269 = CARTESIAN_POINT('',(140.39553754836,0.,19.843742082228));
#2270 = ORIENTED_EDGE('',*,*,#2271,.T.);
#2271 = EDGE_CURVE('',#2261,#2272,#2274,.T.);
#2272 = VERTEX_POINT('',#2273);
#2273 = CARTESIAN_POINT('',(140.11050321841,0.,22.633905388845));
#2274 = B_SPLINE_CURVE_WITH_KNOTS('',6,(#2275,#2276,#2277,#2278,#2279,
    #2280,#2281),.UNSPECIFIED.,.F.,.F.,(7,7),(0.,1.),
  .PIECEWISE_BEZIER_KNOTS.);
#2275 = CARTESIAN_POINT('',(140.39553754836,0.,19.843742082228));
#2276 = CARTESIAN_POINT('',(140.34823501726,0.,20.312311357707));
#2277 = CARTESIAN_POINT('',(140.30085572484,0.,20.779678512361));
#2278 = CARTESIAN_POINT('',(140.25339580368,0.,21.245714727636));
#2279 = CARTESIAN_POINT('',(140.20585219982,0.,21.710251395766));
#2280 = CARTESIAN_POINT('',(140.15822237246,0.,22.17307470116));
#2281 = CARTESIAN_POINT('',(140.11050321841,0.,22.633905388845));
#2282 = ORIENTED_EDGE('',*,*,#2283,.T.);
#2283 = EDGE_CURVE('',#2272,#2284,#2286,.T.);
#2284 = VERTEX_POINT('',#2285);
#2285 = CARTESIAN_POINT('',(140.4464169969,0.,22.633905388845));
#2286 = LINE('',#2287,#2288);
#2287 = CARTESIAN_POINT('',(70.22320849845,0.,22.633905388845));
#2288 = VECTOR('',#2289,1.);
#2289 = DIRECTION('',(1.,0.,0.));
#2290 = ORIENTED_EDGE('',*,*,#2291,.T.);
#2291 = EDGE_CURVE('',#2284,#2292,#2294,.T.);
#2292 = VERTEX_POINT('',#2293);
#2293 = CARTESIAN_POINT('',(140.59741406996,0.,21.238823735536));
#2294 = B_SPLINE_CURVE_WITH_KNOTS('',4,(#2295,#2296,#2297,#2298,#2299),
  .UNSPECIFIED.,.F.,.F.,(5,5),(0.,1.),.PIECEWISE_BEZIER_KNOTS.);
#2295 = CARTESIAN_POINT('',(140.4464169969,0.,22.633905388845));
#2296 = CARTESIAN_POINT('',(140.48090331606,0.,22.289322573816));
#2297 = CARTESIAN_POINT('',(140.51768053126,0.,21.941749808615));
#2298 = CARTESIAN_POINT('',(140.55656621772,0.,21.591503557805));
#2299 = CARTESIAN_POINT('',(140.59741406996,0.,21.238823735536));
#2300 = ORIENTED_EDGE('',*,*,#2301,.T.);
#2301 = EDGE_CURVE('',#2292,#2302,#2304,.T.);
#2302 = VERTEX_POINT('',#2303);
#2303 = CARTESIAN_POINT('',(140.78233077538,0.,19.776449908362));
#2304 = B_SPLINE_CURVE_WITH_KNOTS('',4,(#2305,#2306,#2307,#2308,#2309),
  .UNSPECIFIED.,.F.,.F.,(5,5),(0.,1.),.PIECEWISE_BEZIER_KNOTS.);
#2305 = CARTESIAN_POINT('',(140.59741406996,0.,21.238823735536));
#2306 = CARTESIAN_POINT('',(140.63991150366,0.,20.87428406075));
#2307 = CARTESIAN_POINT('',(140.68494274903,0.,20.509012962026));
#2308 = CARTESIAN_POINT('',(140.73243777425,0.,20.143055003608));
#2309 = CARTESIAN_POINT('',(140.78233077538,0.,19.776449908362));
#2310 = ORIENTED_EDGE('',*,*,#2311,.T.);
#2311 = EDGE_CURVE('',#2302,#2312,#2314,.T.);
#2312 = VERTEX_POINT('',#2313);
#2313 = CARTESIAN_POINT('',(141.15216418622,0.,16.978080239079));
#2314 = B_SPLINE_CURVE_WITH_KNOTS('',7,(#2315,#2316,#2317,#2318,#2319,
    #2320,#2321,#2322),.UNSPECIFIED.,.F.,.F.,(8,8),(0.,1.),
  .PIECEWISE_BEZIER_KNOTS.);
#2315 = CARTESIAN_POINT('',(140.78233077538,0.,19.776449908362));
#2316 = CARTESIAN_POINT('',(140.82610490939,0.,19.383016533176));
#2317 = CARTESIAN_POINT('',(140.87382225069,0.,18.986577805069));
#2318 = CARTESIAN_POINT('',(140.92472885868,0.,18.587867220582));
#2319 = CARTESIAN_POINT('',(140.97834517302,0.,18.187370765689));
#2320 = CARTESIAN_POINT('',(141.03429823176,0.,17.785440829255));
#2321 = CARTESIAN_POINT('',(141.09231026647,0.,17.382302990097));
#2322 = CARTESIAN_POINT('',(141.15216418622,0.,16.978080239079));
#2323 = ORIENTED_EDGE('',*,*,#2324,.T.);
#2324 = EDGE_CURVE('',#2312,#2325,#2327,.T.);
#2325 = VERTEX_POINT('',#2326);
#2326 = CARTESIAN_POINT('',(141.6899544863,0.,13.575175186695));
#2327 = B_SPLINE_CURVE_WITH_KNOTS('',5,(#2328,#2329,#2330,#2331,#2332,
    #2333),.UNSPECIFIED.,.F.,.F.,(6,6),(0.,1.),
  .PIECEWISE_BEZIER_KNOTS.);
#2328 = CARTESIAN_POINT('',(141.15216418622,0.,16.978080239079));
#2329 = CARTESIAN_POINT('',(141.25254265157,0.,16.300408878799));
#2330 = CARTESIAN_POINT('',(141.35702196309,0.,15.620970880391));
#2331 = CARTESIAN_POINT('',(141.46500633141,0.,14.940136392556));
#2332 = CARTESIAN_POINT('',(141.57609099272,0.,14.258150246739));
#2333 = CARTESIAN_POINT('',(141.6899544863,0.,13.575175186695));
#2334 = ORIENTED_EDGE('',*,*,#2335,.T.);
#2335 = EDGE_CURVE('',#2325,#2336,#2338,.T.);
#2336 = VERTEX_POINT('',#2337);
#2337 = CARTESIAN_POINT('',(142.04282808096,0.,11.432220349044));
#2338 = B_SPLINE_CURVE_WITH_KNOTS('',6,(#2339,#2340,#2341,#2342,#2343,
    #2344,#2345),.UNSPECIFIED.,.F.,.F.,(7,7),(0.,1.),
  .PIECEWISE_BEZIER_KNOTS.);
#2339 = CARTESIAN_POINT('',(141.6899544863,0.,13.575175186695));
#2340 = CARTESIAN_POINT('',(141.74635866601,0.,13.211218038919));
#2341 = CARTESIAN_POINT('',(141.80358754294,0.,12.849421537368));
#2342 = CARTESIAN_POINT('',(141.86173171665,0.,12.49007804086));
#2343 = CARTESIAN_POINT('',(141.92089518504,0.,12.133636100142));
#2344 = CARTESIAN_POINT('',(141.98119966809,0.,11.780711960552));
#2345 = CARTESIAN_POINT('',(142.04282808096,0.,11.432220349044));
#2346 = ORIENTED_EDGE('',*,*,#2347,.T.);
#2347 = EDGE_CURVE('',#2336,#2348,#2350,.T.);
#2348 = VERTEX_POINT('',#2349);
#2349 = CARTESIAN_POINT('',(142.38749531295,0.,9.591806748366));
#2350 = B_SPLINE_CURVE_WITH_KNOTS('',4,(#2351,#2352,#2353,#2354,#2355),
  .UNSPECIFIED.,.F.,.F.,(5,5),(0.,1.),.PIECEWISE_BEZIER_KNOTS.);
#2351 = CARTESIAN_POINT('',(142.04282808096,0.,11.432220349044));
#2352 = CARTESIAN_POINT('',(142.12513584859,0.,10.968303840584));
#2353 = CARTESIAN_POINT('',(142.20990691961,0.,10.506769559896));
#2354 = CARTESIAN_POINT('',(142.29729709864,0.,10.047839956121));
#2355 = CARTESIAN_POINT('',(142.38749531295,0.,9.591806748366));
#2356 = ORIENTED_EDGE('',*,*,#2357,.T.);
#2357 = EDGE_CURVE('',#2348,#2358,#2360,.T.);
#2358 = VERTEX_POINT('',#2359);
#2359 = CARTESIAN_POINT('',(142.76553508646,0.,7.692854427333));
#2360 = B_SPLINE_CURVE_WITH_KNOTS('',5,(#2361,#2362,#2363,#2364,#2365,
    #2366),.UNSPECIFIED.,.F.,.F.,(6,6),(0.,1.),
  .PIECEWISE_BEZIER_KNOTS.);
#2361 = CARTESIAN_POINT('',(142.38749531295,0.,9.591806748366));
#2362 = CARTESIAN_POINT('',(142.46180270724,0.,9.217279076842));
#2363 = CARTESIAN_POINT('',(142.5368472361,0.,8.839750156541));
#2364 = CARTESIAN_POINT('',(142.61253040333,0.,8.459640369312));
#2365 = CARTESIAN_POINT('',(142.68877863421,0.,8.07726242053));
#2366 = CARTESIAN_POINT('',(142.76553508646,0.,7.692854427333));
#2367 = ORIENTED_EDGE('',*,*,#2368,.T.);
#2368 = EDGE_CURVE('',#2358,#2369,#2371,.T.);
#2369 = VERTEX_POINT('',#2370);
#2370 = CARTESIAN_POINT('',(143.30332538653,0.,5.1549));
#2371 = LINE('',#2372,#2373);
#2372 = CARTESIAN_POINT('',(140.74701794928,0.,17.218694711504));
#2373 = VECTOR('',#2374,1.);
#2374 = DIRECTION('',(0.207296287338,0.,-0.978278206471));
#2375 = ORIENTED_EDGE('',*,*,#2376,.T.);
#2376 = EDGE_CURVE('',#2369,#2377,#2379,.T.);
#2377 = VERTEX_POINT('',#2378);
#2378 = CARTESIAN_POINT('',(146.32873775626,0.,5.1549));
#2379 = LINE('',#2380,#2381);
#2380 = CARTESIAN_POINT('',(73.164368878131,0.,5.1549));
#2381 = VECTOR('',#2382,1.);
#2382 = DIRECTION('',(1.,0.,0.));
#2383 = ORIENTED_EDGE('',*,*,#2384,.T.);
#2384 = EDGE_CURVE('',#2377,#2385,#2387,.T.);
#2385 = VERTEX_POINT('',#2386);
#2386 = CARTESIAN_POINT('',(146.86652805634,0.,7.692854427333));
#2387 = LINE('',#2388,#2389);
#2388 = CARTESIAN_POINT('',(142.93094193111,0.,-10.88006931114));
#2389 = VECTOR('',#2390,1.);
#2390 = DIRECTION('',(0.207296287338,0.,0.978278206471));
#2391 = ORIENTED_EDGE('',*,*,#2392,.T.);
#2392 = EDGE_CURVE('',#2385,#2393,#2395,.T.);
#2393 = VERTEX_POINT('',#2394);
#2394 = CARTESIAN_POINT('',(147.15210947713,0.,9.070976264464));
#2395 = B_SPLINE_CURVE_WITH_KNOTS('',4,(#2396,#2397,#2398,#2399,#2400),
  .UNSPECIFIED.,.F.,.F.,(5,5),(0.,1.),.PIECEWISE_BEZIER_KNOTS.);
#2396 = CARTESIAN_POINT('',(146.86652805634,0.,7.692854427333));
#2397 = CARTESIAN_POINT('',(146.93497990979,0.,8.034835435004));
#2398 = CARTESIAN_POINT('',(147.00546791323,0.,8.378603283729));
#2399 = CARTESIAN_POINT('',(147.07787720285,0.,8.724021069437));
#2400 = CARTESIAN_POINT('',(147.15210947713,0.,9.070976264464));
#2401 = ORIENTED_EDGE('',*,*,#2402,.T.);
#2402 = EDGE_CURVE('',#2393,#2403,#2405,.T.);
#2403 = VERTEX_POINT('',#2404);
#2404 = CARTESIAN_POINT('',(147.42127817259,0.,10.51639027546));
#2405 = B_SPLINE_CURVE_WITH_KNOTS('',4,(#2406,#2407,#2408,#2409,#2410),
  .UNSPECIFIED.,.F.,.F.,(5,5),(0.,1.),.PIECEWISE_BEZIER_KNOTS.);
#2406 = CARTESIAN_POINT('',(147.15210947713,0.,9.070976264464));
#2407 = CARTESIAN_POINT('',(147.22045863954,0.,9.429392603906));
#2408 = CARTESIAN_POINT('',(147.28808479493,0.,9.789849735194));
#2409 = CARTESIAN_POINT('',(147.35501616098,0.,10.152218569353));
#2410 = CARTESIAN_POINT('',(147.42127817259,0.,10.51639027546));
#2411 = ORIENTED_EDGE('',*,*,#2412,.T.);
#2412 = EDGE_CURVE('',#2403,#2413,#2415,.T.);
#2413 = VERTEX_POINT('',#2414);
#2414 = CARTESIAN_POINT('',(147.77415176725,0.,12.499594586536));
#2415 = B_SPLINE_CURVE_WITH_KNOTS('',6,(#2416,#2417,#2418,#2419,#2420,
    #2421,#2422),.UNSPECIFIED.,.F.,.F.,(7,7),(0.,1.),
  .PIECEWISE_BEZIER_KNOTS.);
#2416 = CARTESIAN_POINT('',(147.42127817259,0.,10.51639027546));
#2417 = CARTESIAN_POINT('',(147.48125937654,0.,10.840523230988));
#2418 = CARTESIAN_POINT('',(147.54072625017,0.,11.167715927221));
#2419 = CARTESIAN_POINT('',(147.59971874468,0.,11.49752321011));
#2420 = CARTESIAN_POINT('',(147.65826816104,0.,11.829605507734));
#2421 = CARTESIAN_POINT('',(147.71640324897,0.,12.163696400289));
#2422 = CARTESIAN_POINT('',(147.77415176725,0.,12.499594586536));
#2423 = ORIENTED_EDGE('',*,*,#2424,.T.);
#2424 = EDGE_CURVE('',#2413,#2425,#2427,.T.);
#2425 = VERTEX_POINT('',#2426);
#2426 = CARTESIAN_POINT('',(148.13523172458,0.,14.667168512186));
#2427 = B_SPLINE_CURVE_WITH_KNOTS('',4,(#2428,#2429,#2430,#2431,#2432),
  .UNSPECIFIED.,.F.,.F.,(5,5),(0.,1.),.PIECEWISE_BEZIER_KNOTS.);
#2428 = CARTESIAN_POINT('',(147.77415176725,0.,12.499594586536));
#2429 = CARTESIAN_POINT('',(147.86712628246,0.,13.040387180879));
#2430 = CARTESIAN_POINT('',(147.95827879144,0.,13.581928883492));
#2431 = CARTESIAN_POINT('',(148.04763804887,0.,14.124196534765));
#2432 = CARTESIAN_POINT('',(148.13523172458,0.,14.667168512186));
#2433 = ORIENTED_EDGE('',*,*,#2434,.T.);
#2434 = EDGE_CURVE('',#2425,#2435,#2437,.T.);
#2435 = VERTEX_POINT('',#2436);
#2436 = CARTESIAN_POINT('',(148.44652641507,0.,16.717664997128));
#2437 = B_SPLINE_CURVE_WITH_KNOTS('',5,(#2438,#2439,#2440,#2441,#2442,
    #2443),.UNSPECIFIED.,.F.,.F.,(6,6),(0.,1.),
  .PIECEWISE_BEZIER_KNOTS.);
#2438 = CARTESIAN_POINT('',(148.13523172458,0.,14.667168512186));
#2439 = CARTESIAN_POINT('',(148.20224630671,0.,15.081497058641));
#2440 = CARTESIAN_POINT('',(148.2671375589,0.,15.494010628369));
#2441 = CARTESIAN_POINT('',(148.32968287825,0.,15.904461253643));
#2442 = CARTESIAN_POINT('',(148.38960518285,0.,16.312506145074));
#2443 = CARTESIAN_POINT('',(148.44652641507,0.,16.717664997128));
#2444 = ORIENTED_EDGE('',*,*,#2445,.T.);
#2445 = EDGE_CURVE('',#2435,#2446,#2448,.T.);
#2446 = VERTEX_POINT('',#2447);
#2447 = CARTESIAN_POINT('',(148.72335438235,0.,18.80153402358));
#2448 = B_SPLINE_CURVE_WITH_KNOTS('',6,(#2449,#2450,#2451,#2452,#2453,
    #2454,#2455),.UNSPECIFIED.,.F.,.F.,(7,7),(0.,1.),
  .PIECEWISE_BEZIER_KNOTS.);
#2449 = CARTESIAN_POINT('',(148.44652641507,0.,16.717664997128));
#2450 = CARTESIAN_POINT('',(148.49316054987,0.,17.070631329072));
#2451 = CARTESIAN_POINT('',(148.5396364834,0.,17.421747947482));
#2452 = CARTESIAN_POINT('',(148.58593252272,0.,17.770783573793));
#2453 = CARTESIAN_POINT('',(148.63201631713,0.,18.117410683304));
#2454 = CARTESIAN_POINT('',(148.6778439469,0.,18.461195115019));
#2455 = CARTESIAN_POINT('',(148.72335438235,0.,18.80153402358));
#2456 = ORIENTED_EDGE('',*,*,#2457,.T.);
#2457 = EDGE_CURVE('',#2446,#2458,#2460,.T.);
#2458 = VERTEX_POINT('',#2459);
#2459 = CARTESIAN_POINT('',(148.96735689897,0.,20.667113803102));
#2460 = B_SPLINE_CURVE_WITH_KNOTS('',4,(#2461,#2462,#2463,#2464,#2465),
  .UNSPECIFIED.,.F.,.F.,(5,5),(0.,1.),.PIECEWISE_BEZIER_KNOTS.);
#2461 = CARTESIAN_POINT('',(148.72335438235,0.,18.80153402358));
#2462 = CARTESIAN_POINT('',(148.78606222099,0.,19.268720994572));
#2463 = CARTESIAN_POINT('',(148.84764987963,0.,19.735393138204));
#2464 = CARTESIAN_POINT('',(148.90809090143,0.,20.201531152652));
#2465 = CARTESIAN_POINT('',(148.96735689897,0.,20.667113803102));
#2466 = ORIENTED_EDGE('',*,*,#2467,.T.);
#2467 = EDGE_CURVE('',#2458,#2468,#2470,.T.);
#2468 = VERTEX_POINT('',#2469);
#2469 = CARTESIAN_POINT('',(149.1856461459,0.,22.633905388845));
#2470 = B_SPLINE_CURVE_WITH_KNOTS('',5,(#2471,#2472,#2473,#2474,#2475,
    #2476),.UNSPECIFIED.,.F.,.F.,(6,6),(0.,1.),
  .PIECEWISE_BEZIER_KNOTS.);
#2471 = CARTESIAN_POINT('',(148.96735689897,0.,20.667113803102));
#2472 = CARTESIAN_POINT('',(149.01667753943,0.,21.054796976998));
#2473 = CARTESIAN_POINT('',(149.06290083485,0.,21.445707120703));
#2474 = CARTESIAN_POINT('',(149.10632117687,0.,21.839404563233));
#2475 = CARTESIAN_POINT('',(149.14717038718,0.,22.235555821716));
#2476 = CARTESIAN_POINT('',(149.1856461459,0.,22.633905388845));
#2477 = ORIENTED_EDGE('',*,*,#2478,.T.);
#2478 = EDGE_CURVE('',#2468,#2479,#2481,.T.);
#2479 = VERTEX_POINT('',#2480);
#2480 = CARTESIAN_POINT('',(149.52210701522,0.,22.633905388845));
#2481 = LINE('',#2482,#2483);
#2482 = CARTESIAN_POINT('',(74.761053507614,0.,22.633905388845));
#2483 = VECTOR('',#2484,1.);
#2484 = DIRECTION('',(1.,0.,0.));
#2485 = ORIENTED_EDGE('',*,*,#2486,.T.);
#2486 = EDGE_CURVE('',#2479,#2487,#2489,.T.);
#2487 = VERTEX_POINT('',#2488);
#2488 = CARTESIAN_POINT('',(149.38752266749,0.,21.238823735536));
#2489 = B_SPLINE_CURVE_WITH_KNOTS('',4,(#2490,#2491,#2492,#2493,#2494),
  .UNSPECIFIED.,.F.,.F.,(5,5),(0.,1.),.PIECEWISE_BEZIER_KNOTS.);
#2490 = CARTESIAN_POINT('',(149.52210701522,0.,22.633905388845));
#2491 = CARTESIAN_POINT('',(149.48764822191,0.,22.289597608511));
#2492 = CARTESIAN_POINT('',(149.45375282905,0.,21.942120870496));
#2493 = CARTESIAN_POINT('',(149.42038722338,0.,21.591783721921));
#2494 = CARTESIAN_POINT('',(149.38752266749,0.,21.238823735536));
#2495 = ORIENTED_EDGE('',*,*,#2496,.T.);
#2496 = EDGE_CURVE('',#2487,#2497,#2499,.T.);
#2497 = VERTEX_POINT('',#2498);
#2498 = CARTESIAN_POINT('',(149.23652559443,0.,19.760037183029));
#2499 = B_SPLINE_CURVE_WITH_KNOTS('',4,(#2500,#2501,#2502,#2503,#2504),
  .UNSPECIFIED.,.F.,.F.,(5,5),(0.,1.),.PIECEWISE_BEZIER_KNOTS.);
#2500 = CARTESIAN_POINT('',(149.38752266749,0.,21.238823735536));
#2501 = CARTESIAN_POINT('',(149.34477801912,0.,20.872163472585));
#2502 = CARTESIAN_POINT('',(149.30545753741,0.,20.503379585845));
#2503 = CARTESIAN_POINT('',(149.26941703317,0.,20.132627087407));
#2504 = CARTESIAN_POINT('',(149.23652559443,0.,19.760037183029));
#2505 = ORIENTED_EDGE('',*,*,#2506,.T.);
#2506 = EDGE_CURVE('',#2497,#2507,#2509,.T.);
#2507 = VERTEX_POINT('',#2508);
#2508 = CARTESIAN_POINT('',(148.93343726661,0.,16.66733263944));
#2509 = B_SPLINE_CURVE_WITH_KNOTS('',4,(#2510,#2511,#2512,#2513,#2514),
  .UNSPECIFIED.,.F.,.F.,(5,5),(0.,1.),.PIECEWISE_BEZIER_KNOTS.);
#2510 = CARTESIAN_POINT('',(149.23652559443,0.,19.760037183029));
#2511 = CARTESIAN_POINT('',(149.15153639467,0.,18.988511850117));
#2512 = CARTESIAN_POINT('',(149.07279464289,0.,18.215818437632));
#2513 = CARTESIAN_POINT('',(149.00014474293,0.,17.442061338001));
#2514 = CARTESIAN_POINT('',(148.93343726661,0.,16.66733263944));
#2515 = ORIENTED_EDGE('',*,*,#2516,.T.);
#2516 = EDGE_CURVE('',#2507,#2517,#2519,.T.);
#2517 = VERTEX_POINT('',#2518);
#2518 = CARTESIAN_POINT('',(148.68177547817,0.,13.507883012829));
#2519 = B_SPLINE_CURVE_WITH_KNOTS('',4,(#2520,#2521,#2522,#2523,#2524),
  .UNSPECIFIED.,.F.,.F.,(5,5),(0.,1.),.PIECEWISE_BEZIER_KNOTS.);
#2520 = CARTESIAN_POINT('',(148.93343726661,0.,16.66733263944));
#2521 = CARTESIAN_POINT('',(148.86579920842,0.,15.878590058799));
#2522 = CARTESIAN_POINT('',(148.80136674,0.,15.089072201169));
#2523 = CARTESIAN_POINT('',(148.74005244677,0.,14.298823451727));
#2524 = CARTESIAN_POINT('',(148.68177547817,0.,13.507883012829));
#2525 = ORIENTED_EDGE('',*,*,#2526,.T.);
#2526 = EDGE_CURVE('',#2517,#2527,#2529,.T.);
#2527 = VERTEX_POINT('',#2528);
#2528 = CARTESIAN_POINT('',(148.49685877275,0.,10.423931922751));
#2529 = B_SPLINE_CURVE_WITH_KNOTS('',5,(#2530,#2531,#2532,#2533,#2534,
    #2535),.UNSPECIFIED.,.F.,.F.,(6,6),(0.,1.),
  .PIECEWISE_BEZIER_KNOTS.);
#2530 = CARTESIAN_POINT('',(148.68177547817,0.,13.507883012829));
#2531 = CARTESIAN_POINT('',(148.63346827643,0.,12.893595154355));
#2532 = CARTESIAN_POINT('',(148.59112322486,0.,12.277906525681));
#2533 = CARTESIAN_POINT('',(148.55442318232,0.,11.660979350821));
#2534 = CARTESIAN_POINT('',(148.52308655449,0.,11.042950218523));
#2535 = CARTESIAN_POINT('',(148.49685877275,0.,10.423931922751));
#2536 = ORIENTED_EDGE('',*,*,#2537,.T.);
#2537 = EDGE_CURVE('',#2527,#2538,#2540,.T.);
#2538 = VERTEX_POINT('',#2539);
#2539 = CARTESIAN_POINT('',(148.42956659889,0.,7.524897538091));
#2540 = B_SPLINE_CURVE_WITH_KNOTS('',6,(#2541,#2542,#2543,#2544,#2545,
    #2546,#2547),.UNSPECIFIED.,.F.,.F.,(7,7),(0.,1.),
  .PIECEWISE_BEZIER_KNOTS.);
#2541 = CARTESIAN_POINT('',(148.49685877275,0.,10.423931922751));
#2542 = CARTESIAN_POINT('',(148.47620979046,0.,9.936582365004));
#2543 = CARTESIAN_POINT('',(148.45875414704,0.,9.450539427379));
#2544 = CARTESIAN_POINT('',(148.44484531441,0.,8.965989751264));
#2545 = CARTESIAN_POINT('',(148.43492999594,0.,8.48322828745));
#2546 = CARTESIAN_POINT('',(148.42956659889,0.,8.002666240461));
#2547 = CARTESIAN_POINT('',(148.42956659889,0.,7.524897538091));
#2548 = ORIENTED_EDGE('',*,*,#2549,.T.);
#2549 = EDGE_CURVE('',#2538,#2550,#2552,.T.);
#2550 = VERTEX_POINT('',#2551);
#2551 = CARTESIAN_POINT('',(148.42956659889,0.,5.1549));
#2552 = LINE('',#2553,#2554);
#2553 = CARTESIAN_POINT('',(148.42956659889,0.,2.57745));
#2554 = VECTOR('',#2555,1.);
#2555 = DIRECTION('',(0.,0.,-1.));
#2556 = ORIENTED_EDGE('',*,*,#2557,.T.);
#2557 = EDGE_CURVE('',#2550,#2558,#2560,.T.);
#2558 = VERTEX_POINT('',#2559);
#2559 = CARTESIAN_POINT('',(152.37901540486,0.,5.1549));
#2560 = LINE('',#2561,#2562);
#2561 = CARTESIAN_POINT('',(76.189507702433,0.,5.1549));
#2562 = VECTOR('',#2563,1.);
#2563 = DIRECTION('',(1.,0.,0.));
#2564 = ORIENTED_EDGE('',*,*,#2565,.T.);
#2565 = EDGE_CURVE('',#2558,#2566,#2568,.T.);
#2566 = VERTEX_POINT('',#2567);
#2567 = CARTESIAN_POINT('',(152.37901540486,0.,25.1549));
#2568 = LINE('',#2569,#2570);
#2569 = CARTESIAN_POINT('',(152.37901540486,0.,12.57745));
#2570 = VECTOR('',#2571,1.);
#2571 = DIRECTION('',(0.,0.,1.));
#2572 = ORIENTED_EDGE('',*,*,#2573,.T.);
#2573 = EDGE_CURVE('',#2566,#2574,#2576,.T.);
#2574 = VERTEX_POINT('',#2575);
#2575 = CARTESIAN_POINT('',(146.81619569865,0.,25.1549));
#2576 = LINE('',#2577,#2578);
#2577 = CARTESIAN_POINT('',(73.408097849327,0.,25.1549));
#2578 = VECTOR('',#2579,1.);
#2579 = DIRECTION('',(-1.,0.,0.));
#2580 = ORIENTED_EDGE('',*,*,#2581,.T.);
#2581 = EDGE_CURVE('',#2574,#2582,#2584,.T.);
#2582 = VERTEX_POINT('',#2583);
#2583 = CARTESIAN_POINT('',(145.55569839307,0.,17.154790581831));
#2584 = LINE('',#2585,#2586);
#2585 = CARTESIAN_POINT('',(142.47402545936,0.,-2.403934812999));
#2586 = VECTOR('',#2587,1.);
#2587 = DIRECTION('',(-0.1556399584,0.,-0.987813850556));
#2588 = ORIENTED_EDGE('',*,*,#2589,.T.);
#2589 = EDGE_CURVE('',#2582,#2590,#2592,.T.);
#2590 = VERTEX_POINT('',#2591);
#2591 = CARTESIAN_POINT('',(145.43807386152,0.,16.322665407446));
#2592 = B_SPLINE_CURVE_WITH_KNOTS('',4,(#2593,#2594,#2595,#2596,#2597),
  .UNSPECIFIED.,.F.,.F.,(5,5),(0.,1.),.PIECEWISE_BEZIER_KNOTS.);
#2593 = CARTESIAN_POINT('',(145.55569839307,0.,17.154790581831));
#2594 = CARTESIAN_POINT('',(145.52167032653,0.,16.950898833497));
#2595 = CARTESIAN_POINT('',(145.49078724365,0.,16.744144136017));
#2596 = CARTESIAN_POINT('',(145.46295367672,0.,16.534684702169));
#2597 = CARTESIAN_POINT('',(145.43807386152,0.,16.322665407446));
#2598 = ORIENTED_EDGE('',*,*,#2599,.T.);
#2599 = EDGE_CURVE('',#2590,#2600,#2602,.T.);
#2600 = VERTEX_POINT('',#2601);
#2601 = CARTESIAN_POINT('',(145.33740914614,0.,15.440754966217));
#2602 = B_SPLINE_CURVE_WITH_KNOTS('',4,(#2603,#2604,#2605,#2606,#2607),
  .UNSPECIFIED.,.F.,.F.,(5,5),(0.,1.),.PIECEWISE_BEZIER_KNOTS.);
#2603 = CARTESIAN_POINT('',(145.43807386152,0.,16.322665407446));
#2604 = CARTESIAN_POINT('',(145.41259311583,0.,16.105802104492));
#2605 = CARTESIAN_POINT('',(145.38732499254,0.,15.88644853297));
#2606 = CARTESIAN_POINT('',(145.36226515517,0.,15.664729221514));
#2607 = CARTESIAN_POINT('',(145.33740914614,0.,15.440754966217));
#2608 = ORIENTED_EDGE('',*,*,#2609,.T.);
#2609 = EDGE_CURVE('',#2600,#2610,#2612,.T.);
#2610 = VERTEX_POINT('',#2611);
#2611 = CARTESIAN_POINT('',(145.16890516606,0.,13.566421733184));
#2612 = B_SPLINE_CURVE_WITH_KNOTS('',4,(#2613,#2614,#2615,#2616,#2617),
  .UNSPECIFIED.,.F.,.F.,(5,5),(0.,1.),.PIECEWISE_BEZIER_KNOTS.);
#2613 = CARTESIAN_POINT('',(145.33740914614,0.,15.440754966217));
#2614 = CARTESIAN_POINT('',(145.28634247832,0.,14.974254054724));
#2615 = CARTESIAN_POINT('',(145.24133809833,0.,14.5062732726));
#2616 = CARTESIAN_POINT('',(145.20224356974,0.,14.036953999826));
#2617 = CARTESIAN_POINT('',(145.16890516606,0.,13.566421733184));
#2618 = ORIENTED_EDGE('',*,*,#2619,.T.);
#2619 = EDGE_CURVE('',#2610,#2620,#2622,.T.);
#2620 = VERTEX_POINT('',#2621);
#2621 = CARTESIAN_POINT('',(145.06824045068,0.,11.558051243264));
#2622 = B_SPLINE_CURVE_WITH_KNOTS('',5,(#2623,#2624,#2625,#2626,#2627,
    #2628),.UNSPECIFIED.,.F.,.F.,(6,6),(0.,1.),
  .PIECEWISE_BEZIER_KNOTS.);
#2623 = CARTESIAN_POINT('',(145.16890516606,0.,13.566421733184));
#2624 = CARTESIAN_POINT('',(145.14078375816,0.,13.169749841265));
#2625 = CARTESIAN_POINT('',(145.11701373125,0.,12.770231743821));
#2626 = CARTESIAN_POINT('',(145.09720276034,0.,12.368254801022));
#2627 = CARTESIAN_POINT('',(145.08103491323,0.,11.964118120338));
#2628 = CARTESIAN_POINT('',(145.06824045068,0.,11.558051243264));
#2629 = ORIENTED_EDGE('',*,*,#2630,.T.);
#2630 = EDGE_CURVE('',#2620,#2631,#2633,.T.);
#2631 = VERTEX_POINT('',#2632);
#2632 = CARTESIAN_POINT('',(145.00915463948,0.,9.574846932188));
#2633 = B_SPLINE_CURVE_WITH_KNOTS('',4,(#2634,#2635,#2636,#2637,#2638),
  .UNSPECIFIED.,.F.,.F.,(5,5),(0.,1.),.PIECEWISE_BEZIER_KNOTS.);
#2634 = CARTESIAN_POINT('',(145.06824045068,0.,11.558051243264));
#2635 = CARTESIAN_POINT('',(145.05177671261,0.,11.060630435546));
#2636 = CARTESIAN_POINT('',(145.03641090373,0.,10.564249217982));
#2637 = CARTESIAN_POINT('',(145.02218694583,0.,10.068965440957));
#2638 = CARTESIAN_POINT('',(145.00915463948,0.,9.574846932188));
#2639 = ORIENTED_EDGE('',*,*,#2640,.T.);
#2640 = EDGE_CURVE('',#2631,#2641,#2643,.T.);
#2641 = VERTEX_POINT('',#2642);
#2642 = CARTESIAN_POINT('',(144.98398846064,0.,7.675894611155));
#2643 = B_SPLINE_CURVE_WITH_KNOTS('',4,(#2644,#2645,#2646,#2647,#2648),
  .UNSPECIFIED.,.F.,.F.,(5,5),(0.,1.),.PIECEWISE_BEZIER_KNOTS.);
#2644 = CARTESIAN_POINT('',(145.00915463948,0.,9.574846932188));
#2645 = CARTESIAN_POINT('',(144.99682721276,0.,9.097561127918));
#2646 = CARTESIAN_POINT('',(144.98836073503,0.,8.621856693292));
#2647 = CARTESIAN_POINT('',(144.98398846064,0.,8.147897199143));
#2648 = CARTESIAN_POINT('',(144.98398846064,0.,7.675894611155));
#2649 = ORIENTED_EDGE('',*,*,#2650,.T.);
#2650 = EDGE_CURVE('',#2641,#2651,#2653,.T.);
#2651 = VERTEX_POINT('',#2652);
#2652 = CARTESIAN_POINT('',(144.64807468215,0.,7.675894611155));
#2653 = LINE('',#2654,#2655);
#2654 = CARTESIAN_POINT('',(72.32403734108,0.,7.675894611155));
#2655 = VECTOR('',#2656,1.);
#2656 = DIRECTION('',(-1.,0.,0.));
#2657 = ORIENTED_EDGE('',*,*,#2658,.T.);
#2658 = EDGE_CURVE('',#2651,#2659,#2661,.T.);
#2659 = VERTEX_POINT('',#2660);
#2660 = CARTESIAN_POINT('',(144.64807468215,0.,8.60047813825));
#2661 = LINE('',#2662,#2663);
#2662 = CARTESIAN_POINT('',(144.64807468215,0.,4.300239069125));
#2663 = VECTOR('',#2664,1.);
#2664 = DIRECTION('',(0.,0.,1.));
#2665 = ORIENTED_EDGE('',*,*,#2666,.T.);
#2666 = EDGE_CURVE('',#2659,#2667,#2669,.T.);
#2667 = VERTEX_POINT('',#2668);
#2668 = CARTESIAN_POINT('',(144.63111486598,0.,9.574846932188));
#2669 = B_SPLINE_CURVE_WITH_KNOTS('',4,(#2670,#2671,#2672,#2673,#2674),
  .UNSPECIFIED.,.F.,.F.,(5,5),(0.,1.),.PIECEWISE_BEZIER_KNOTS.);
#2670 = CARTESIAN_POINT('',(144.64807468215,0.,8.60047813825));
#2671 = CARTESIAN_POINT('',(144.64807468215,0.,8.839716667119));
#2672 = CARTESIAN_POINT('',(144.64515135287,0.,9.082005942278));
#2673 = CARTESIAN_POINT('',(144.6394533043,0.,9.327114619385));
#2674 = CARTESIAN_POINT('',(144.63111486598,0.,9.574846932188));
#2675 = ORIENTED_EDGE('',*,*,#2676,.T.);
#2676 = EDGE_CURVE('',#2667,#2677,#2679,.T.);
#2677 = VERTEX_POINT('',#2678);
#2678 = CARTESIAN_POINT('',(144.58078250829,0.,10.995094764341));
#2679 = B_SPLINE_CURVE_WITH_KNOTS('',7,(#2680,#2681,#2682,#2683,#2684,
    #2685,#2686,#2687),.UNSPECIFIED.,.F.,.F.,(8,8),(0.,1.),
  .PIECEWISE_BEZIER_KNOTS.);
#2680 = CARTESIAN_POINT('',(144.63111486598,0.,9.574846932188));
#2681 = CARTESIAN_POINT('',(144.62263572605,0.,9.788354455485));
#2682 = CARTESIAN_POINT('',(144.61448934274,0.,9.999239116244));
#2683 = CARTESIAN_POINT('',(144.60671603542,0.,10.207184531406));
#2684 = CARTESIAN_POINT('',(144.59937112575,0.,10.411665505302));
#2685 = CARTESIAN_POINT('',(144.59252940463,0.,10.611908958544));
#2686 = CARTESIAN_POINT('',(144.5862869192,0.,10.80687942364));
#2687 = CARTESIAN_POINT('',(144.58078250829,0.,10.995094764341));
#2688 = ORIENTED_EDGE('',*,*,#2689,.T.);
#2689 = EDGE_CURVE('',#2677,#2690,#2692,.T.);
#2690 = VERTEX_POINT('',#2691);
#2691 = CARTESIAN_POINT('',(144.53865651327,0.,12.154927354542));
#2692 = B_SPLINE_CURVE_WITH_KNOTS('',4,(#2693,#2694,#2695,#2696,#2697),
  .UNSPECIFIED.,.F.,.F.,(5,5),(0.,1.),.PIECEWISE_BEZIER_KNOTS.);
#2693 = CARTESIAN_POINT('',(144.58078250829,0.,10.995094764341));
#2694 = CARTESIAN_POINT('',(144.57230143205,0.,11.28509285494));
#2695 = CARTESIAN_POINT('',(144.56245292268,0.,11.575068006951));
#2696 = CARTESIAN_POINT('',(144.55123762934,0.,11.865014679913));
#2697 = CARTESIAN_POINT('',(144.53865651327,0.,12.154927354542));
#2698 = ORIENTED_EDGE('',*,*,#2699,.T.);
#2699 = EDGE_CURVE('',#2690,#2700,#2702,.T.);
#2700 = VERTEX_POINT('',#2701);
#2701 = CARTESIAN_POINT('',(144.46315797674,0.,13.54125555434));
#2702 = B_SPLINE_CURVE_WITH_KNOTS('',6,(#2703,#2704,#2705,#2706,#2707,
    #2708,#2709),.UNSPECIFIED.,.F.,.F.,(7,7),(0.,1.),
  .PIECEWISE_BEZIER_KNOTS.);
#2703 = CARTESIAN_POINT('',(144.53865651327,0.,12.154927354542));
#2704 = CARTESIAN_POINT('',(144.52927890453,0.,12.371020077592));
#2705 = CARTESIAN_POINT('',(144.51827836132,0.,12.595069564943));
#2706 = CARTESIAN_POINT('',(144.50597832438,0.,12.825180219993));
#2707 = CARTESIAN_POINT('',(144.492591652,0.,13.060104375488));
#2708 = CARTESIAN_POINT('',(144.47828053513,0.,13.298965868832));
#2709 = CARTESIAN_POINT('',(144.46315797674,0.,13.54125555434));
#2710 = ORIENTED_EDGE('',*,*,#2711,.T.);
#2711 = EDGE_CURVE('',#2700,#2163,#2712,.T.);
#2712 = B_SPLINE_CURVE_WITH_KNOTS('',5,(#2713,#2714,#2715,#2716,#2717,
    #2718),.UNSPECIFIED.,.F.,.F.,(6,6),(0.,1.),
  .PIECEWISE_BEZIER_KNOTS.);
#2713 = CARTESIAN_POINT('',(144.46315797674,0.,13.54125555434));
#2714 = CARTESIAN_POINT('',(144.43786376385,0.,13.939382352263));
#2715 = CARTESIAN_POINT('',(144.40962247624,0.,14.334767526717));
#2716 = CARTESIAN_POINT('',(144.3780999933,0.,14.726995666169));
#2717 = CARTESIAN_POINT('',(144.34288818073,0.,15.115466229004));
#2718 = CARTESIAN_POINT('',(144.30340745016,0.,15.499293686572));
#2719 = FACE_BOUND('',#2720,.F.);
#2720 = EDGE_LOOP('',(#2721,#2731,#2739,#2747,#2755,#2763,#2771,#2779,
    #2787,#2795,#2803,#2811));
#2721 = ORIENTED_EDGE('',*,*,#2722,.T.);
#2722 = EDGE_CURVE('',#2723,#2725,#2727,.T.);
#2723 = VERTEX_POINT('',#2724);
#2724 = CARTESIAN_POINT('',(154.4098166194,0.,25.1549));
#2725 = VERTEX_POINT('',#2726);
#2726 = CARTESIAN_POINT('',(154.4098166194,0.,5.1549));
#2727 = LINE('',#2728,#2729);
#2728 = CARTESIAN_POINT('',(154.4098166194,0.,2.57745));
#2729 = VECTOR('',#2730,1.);
#2730 = DIRECTION('',(0.,0.,-1.));
#2731 = ORIENTED_EDGE('',*,*,#2732,.T.);
#2732 = EDGE_CURVE('',#2725,#2733,#2735,.T.);
#2733 = VERTEX_POINT('',#2734);
#2734 = CARTESIAN_POINT('',(162.81313198992,0.,5.1549));
#2735 = LINE('',#2736,#2737);
#2736 = CARTESIAN_POINT('',(81.406565994963,0.,5.1549));
#2737 = VECTOR('',#2738,1.);
#2738 = DIRECTION('',(1.,0.,0.));
#2739 = ORIENTED_EDGE('',*,*,#2740,.T.);
#2740 = EDGE_CURVE('',#2733,#2741,#2743,.T.);
#2741 = VERTEX_POINT('',#2742);
#2742 = CARTESIAN_POINT('',(162.81313198992,0.,8.85213992669));
#2743 = LINE('',#2744,#2745);
#2744 = CARTESIAN_POINT('',(162.81313198992,0.,4.426069963345));
#2745 = VECTOR('',#2746,1.);
#2746 = DIRECTION('',(0.,0.,1.));
#2747 = ORIENTED_EDGE('',*,*,#2748,.T.);
#2748 = EDGE_CURVE('',#2741,#2749,#2751,.T.);
#2749 = VERTEX_POINT('',#2750);
#2750 = CARTESIAN_POINT('',(158.35926542538,0.,8.85213992669));
#2751 = LINE('',#2752,#2753);
#2752 = CARTESIAN_POINT('',(79.179632712691,0.,8.85213992669));
#2753 = VECTOR('',#2754,1.);
#2754 = DIRECTION('',(-1.,0.,0.));
#2755 = ORIENTED_EDGE('',*,*,#2756,.T.);
#2756 = EDGE_CURVE('',#2749,#2757,#2759,.T.);
#2757 = VERTEX_POINT('',#2758);
#2758 = CARTESIAN_POINT('',(158.35926542538,0.,13.945008597533));
#2759 = LINE('',#2760,#2761);
#2760 = CARTESIAN_POINT('',(158.35926542538,0.,6.972504298766));
#2761 = VECTOR('',#2762,1.);
#2762 = DIRECTION('',(0.,0.,1.));
#2763 = ORIENTED_EDGE('',*,*,#2764,.T.);
#2764 = EDGE_CURVE('',#2757,#2765,#2767,.T.);
#2765 = VERTEX_POINT('',#2766);
#2766 = CARTESIAN_POINT('',(162.39296622139,0.,13.945008597533));
#2767 = LINE('',#2768,#2769);
#2768 = CARTESIAN_POINT('',(81.1964831107,0.,13.945008597533));
#2769 = VECTOR('',#2770,1.);
#2770 = DIRECTION('',(1.,0.,0.));
#2771 = ORIENTED_EDGE('',*,*,#2772,.T.);
#2772 = EDGE_CURVE('',#2765,#2773,#2775,.T.);
#2773 = VERTEX_POINT('',#2774);
#2774 = CARTESIAN_POINT('',(162.39296622139,0.,17.642248524222));
#2775 = LINE('',#2776,#2777);
#2776 = CARTESIAN_POINT('',(162.39296622139,0.,8.821124262111));
#2777 = VECTOR('',#2778,1.);
#2778 = DIRECTION('',(0.,0.,1.));
#2779 = ORIENTED_EDGE('',*,*,#2780,.T.);
#2780 = EDGE_CURVE('',#2773,#2781,#2783,.T.);
#2781 = VERTEX_POINT('',#2782);
#2782 = CARTESIAN_POINT('',(158.35926542538,0.,17.642248524222));
#2783 = LINE('',#2784,#2785);
#2784 = CARTESIAN_POINT('',(79.179632712691,0.,17.642248524222));
#2785 = VECTOR('',#2786,1.);
#2786 = DIRECTION('',(-1.,0.,0.));
#2787 = ORIENTED_EDGE('',*,*,#2788,.T.);
#2788 = EDGE_CURVE('',#2781,#2789,#2791,.T.);
#2789 = VERTEX_POINT('',#2790);
#2790 = CARTESIAN_POINT('',(158.35926542538,0.,21.457112982466));
#2791 = LINE('',#2792,#2793);
#2792 = CARTESIAN_POINT('',(158.35926542538,0.,10.728556491233));
#2793 = VECTOR('',#2794,1.);
#2794 = DIRECTION('',(0.,0.,1.));
#2795 = ORIENTED_EDGE('',*,*,#2796,.T.);
#2796 = EDGE_CURVE('',#2789,#2797,#2799,.T.);
#2797 = VERTEX_POINT('',#2798);
#2798 = CARTESIAN_POINT('',(162.72942709072,0.,21.457112982466));
#2799 = LINE('',#2800,#2801);
#2800 = CARTESIAN_POINT('',(81.364713545363,0.,21.457112982466));
#2801 = VECTOR('',#2802,1.);
#2802 = DIRECTION('',(1.,0.,0.));
#2803 = ORIENTED_EDGE('',*,*,#2804,.T.);
#2804 = EDGE_CURVE('',#2797,#2805,#2807,.T.);
#2805 = VERTEX_POINT('',#2806);
#2806 = CARTESIAN_POINT('',(162.72942709072,0.,25.1549));
#2807 = LINE('',#2808,#2809);
#2808 = CARTESIAN_POINT('',(162.72942709072,0.,12.57745));
#2809 = VECTOR('',#2810,1.);
#2810 = DIRECTION('',(0.,0.,1.));
#2811 = ORIENTED_EDGE('',*,*,#2812,.T.);
#2812 = EDGE_CURVE('',#2805,#2723,#2813,.T.);
#2813 = LINE('',#2814,#2815);
#2814 = CARTESIAN_POINT('',(77.204908309704,0.,25.1549));
#2815 = VECTOR('',#2816,1.);
#2816 = DIRECTION('',(-1.,0.,0.));
#2817 = PLANE('',#2818);
#2818 = AXIS2_PLACEMENT_3D('',#2819,#2820,#2821);
#2819 = CARTESIAN_POINT('',(0.,0.,0.));
#2820 = DIRECTION('',(0.,1.,0.));
#2821 = DIRECTION('',(0.,0.,1.));
#2822 = ADVANCED_FACE('',(#2823),#2841,.T.);
#2823 = FACE_BOUND('',#2824,.T.);
#2824 = EDGE_LOOP('',(#2825,#2833,#2834,#2835));
#2825 = ORIENTED_EDGE('',*,*,#2826,.F.);
#2826 = EDGE_CURVE('',#403,#2827,#2829,.T.);
#2827 = VERTEX_POINT('',#2828);
#2828 = CARTESIAN_POINT('',(194.36574310115,32.183855822091,
    124.80137143324));
#2829 = LINE('',#2830,#2831);
#2830 = CARTESIAN_POINT('',(194.36574310115,43.56730032799,
    121.53722124714));
#2831 = VECTOR('',#2832,1.);
#2832 = DIRECTION('',(0.,0.961261695938,-0.275637355817));
#2833 = ORIENTED_EDGE('',*,*,#402,.T.);
#2834 = ORIENTED_EDGE('',*,*,#80,.T.);
#2835 = ORIENTED_EDGE('',*,*,#2836,.T.);
#2836 = EDGE_CURVE('',#73,#2827,#2837,.T.);
#2837 = LINE('',#2838,#2839);
#2838 = CARTESIAN_POINT('',(0.,32.183855822091,124.80137143324));
#2839 = VECTOR('',#2840,1.);
#2840 = DIRECTION('',(-1.,0.,0.));
#2841 = PLANE('',#2842);
#2842 = AXIS2_PLACEMENT_3D('',#2843,#2844,#2845);
#2843 = CARTESIAN_POINT('',(0.,27.5637355817,126.12616959383));
#2844 = DIRECTION('',(0.,0.275637355817,0.961261695938));
#2845 = DIRECTION('',(1.,0.,0.));
#2846 = ADVANCED_FACE('',(#2847),#2865,.F.);
#2847 = FACE_BOUND('',#2848,.F.);
#2848 = EDGE_LOOP('',(#2849,#2857,#2858,#2859));
#2849 = ORIENTED_EDGE('',*,*,#2850,.F.);
#2850 = EDGE_CURVE('',#462,#2851,#2853,.T.);
#2851 = VERTEX_POINT('',#2852);
#2852 = CARTESIAN_POINT('',(0.,5.,0.));
#2853 = LINE('',#2854,#2855);
#2854 = CARTESIAN_POINT('',(0.,0.,0.));
#2855 = VECTOR('',#2856,1.);
#2856 = DIRECTION('',(0.,1.,0.));
#2857 = ORIENTED_EDGE('',*,*,#461,.T.);
#2858 = ORIENTED_EDGE('',*,*,#56,.T.);
#2859 = ORIENTED_EDGE('',*,*,#2860,.F.);
#2860 = EDGE_CURVE('',#2851,#57,#2861,.T.);
#2861 = LINE('',#2862,#2863);
#2862 = CARTESIAN_POINT('',(0.,5.,0.));
#2863 = VECTOR('',#2864,1.);
#2864 = DIRECTION('',(1.,0.,0.));
#2865 = PLANE('',#2866);
#2866 = AXIS2_PLACEMENT_3D('',#2867,#2868,#2869);
#2867 = CARTESIAN_POINT('',(0.,0.,0.));
#2868 = DIRECTION('',(0.,0.,1.));
#2869 = DIRECTION('',(1.,0.,0.));
#2870 = ADVANCED_FACE('',(#2871,#2923,#2957,#2991,#3025,#3059,#3093,
    #3127,#3161,#3195,#3229,#3263,#3297,#3331),#3365,.T.);
#2871 = FACE_BOUND('',#2872,.T.);
#2872 = EDGE_LOOP('',(#2873,#2881,#2889,#2897,#2906,#2914,#2921,#2922));
#2873 = ORIENTED_EDGE('',*,*,#2874,.F.);
#2874 = EDGE_CURVE('',#2875,#65,#2877,.T.);
#2875 = VERTEX_POINT('',#2876);
#2876 = CARTESIAN_POINT('',(0.,5.,30.));
#2877 = LINE('',#2878,#2879);
#2878 = CARTESIAN_POINT('',(0.,5.,30.));
#2879 = VECTOR('',#2880,1.);
#2880 = DIRECTION('',(1.,0.,0.));
#2881 = ORIENTED_EDGE('',*,*,#2882,.T.);
#2882 = EDGE_CURVE('',#2875,#2883,#2885,.T.);
#2883 = VERTEX_POINT('',#2884);
#2884 = CARTESIAN_POINT('',(0.,32.183855822091,124.80137143324));
#2885 = LINE('',#2886,#2887);
#2886 = CARTESIAN_POINT('',(0.,5.,30.));
#2887 = VECTOR('',#2888,1.);
#2888 = DIRECTION('',(0.,0.275637355817,0.961261695938));
#2889 = ORIENTED_EDGE('',*,*,#2890,.F.);
#2890 = EDGE_CURVE('',#2891,#2883,#2893,.T.);
#2891 = VERTEX_POINT('',#2892);
#2892 = CARTESIAN_POINT('',(5.634256898848,32.183855822091,
    124.80137143324));
#2893 = LINE('',#2894,#2895);
#2894 = CARTESIAN_POINT('',(0.,32.183855822091,124.80137143324));
#2895 = VECTOR('',#2896,1.);
#2896 = DIRECTION('',(-1.,0.,0.));
#2897 = ORIENTED_EDGE('',*,*,#2898,.F.);
#2898 = EDGE_CURVE('',#2899,#2891,#2901,.T.);
#2899 = VERTEX_POINT('',#2900);
#2900 = CARTESIAN_POINT('',(12.365743101152,32.183855822091,
    124.80137143324));
#2901 = CIRCLE('',#2902,3.4);
#2902 = AXIS2_PLACEMENT_3D('',#2903,#2904,#2905);
#2903 = CARTESIAN_POINT('',(9.,32.316555494101,125.2641501861));
#2904 = DIRECTION('',(0.,0.961261695938,-0.275637355817));
#2905 = DIRECTION('',(1.,0.,0.));
#2906 = ORIENTED_EDGE('',*,*,#2907,.F.);
#2907 = EDGE_CURVE('',#2908,#2899,#2910,.T.);
#2908 = VERTEX_POINT('',#2909);
#2909 = CARTESIAN_POINT('',(187.63425689884,32.183855822091,
    124.80137143324));
#2910 = LINE('',#2911,#2912);
#2911 = CARTESIAN_POINT('',(0.,32.183855822091,124.80137143324));
#2912 = VECTOR('',#2913,1.);
#2913 = DIRECTION('',(-1.,0.,0.));
#2914 = ORIENTED_EDGE('',*,*,#2915,.F.);
#2915 = EDGE_CURVE('',#2827,#2908,#2916,.T.);
#2916 = CIRCLE('',#2917,3.4);
#2917 = AXIS2_PLACEMENT_3D('',#2918,#2919,#2920);
#2918 = CARTESIAN_POINT('',(191.,32.316555494101,125.2641501861));
#2919 = DIRECTION('',(0.,0.961261695938,-0.275637355817));
#2920 = DIRECTION('',(1.,0.,0.));
#2921 = ORIENTED_EDGE('',*,*,#2836,.F.);
#2922 = ORIENTED_EDGE('',*,*,#72,.F.);
#2923 = FACE_BOUND('',#2924,.T.);
#2924 = EDGE_LOOP('',(#2925,#2935,#2943,#2951));
#2925 = ORIENTED_EDGE('',*,*,#2926,.F.);
#2926 = EDGE_CURVE('',#2927,#2929,#2931,.T.);
#2927 = VERTEX_POINT('',#2928);
#2928 = CARTESIAN_POINT('',(11.,26.112229494481,103.62709408073));
#2929 = VERTEX_POINT('',#2930);
#2930 = CARTESIAN_POINT('',(70.,26.112229494481,103.62709408073));
#2931 = LINE('',#2932,#2933);
#2932 = CARTESIAN_POINT('',(5.5,26.112229494481,103.62709408073));
#2933 = VECTOR('',#2934,1.);
#2934 = DIRECTION('',(1.,0.,0.));
#2935 = ORIENTED_EDGE('',*,*,#2936,.T.);
#2936 = EDGE_CURVE('',#2927,#2937,#2939,.T.);
#2937 = VERTEX_POINT('',#2938);
#2938 = CARTESIAN_POINT('',(11.,13.708548482716,60.370317763512));
#2939 = LINE('',#2940,#2941);
#2940 = CARTESIAN_POINT('',(11.,9.354274241358,45.185158881756));
#2941 = VECTOR('',#2942,1.);
#2942 = DIRECTION('',(0.,-0.275637355817,-0.961261695938));
#2943 = ORIENTED_EDGE('',*,*,#2944,.T.);
#2944 = EDGE_CURVE('',#2937,#2945,#2947,.T.);
#2945 = VERTEX_POINT('',#2946);
#2946 = CARTESIAN_POINT('',(70.,13.708548482716,60.370317763512));
#2947 = LINE('',#2948,#2949);
#2948 = CARTESIAN_POINT('',(5.5,13.708548482716,60.370317763512));
#2949 = VECTOR('',#2950,1.);
#2950 = DIRECTION('',(1.,0.,0.));
#2951 = ORIENTED_EDGE('',*,*,#2952,.F.);
#2952 = EDGE_CURVE('',#2929,#2945,#2953,.T.);
#2953 = LINE('',#2954,#2955);
#2954 = CARTESIAN_POINT('',(70.,9.354274241358,45.185158881756));
#2955 = VECTOR('',#2956,1.);
#2956 = DIRECTION('',(0.,-0.275637355817,-0.961261695938));
#2957 = FACE_BOUND('',#2958,.T.);
#2958 = EDGE_LOOP('',(#2959,#2969,#2977,#2985));
#2959 = ORIENTED_EDGE('',*,*,#2960,.F.);
#2960 = EDGE_CURVE('',#2961,#2963,#2965,.T.);
#2961 = VERTEX_POINT('',#2962);
#2962 = CARTESIAN_POINT('',(84.25,15.802936418944,67.674316503319));
#2963 = VERTEX_POINT('',#2964);
#2964 = CARTESIAN_POINT('',(100.25,15.802936418944,67.674316503319));
#2965 = LINE('',#2966,#2967);
#2966 = CARTESIAN_POINT('',(42.125,15.802936418944,67.674316503319));
#2967 = VECTOR('',#2968,1.);
#2968 = DIRECTION('',(1.,0.,0.));
#2969 = ORIENTED_EDGE('',*,*,#2970,.T.);
#2970 = EDGE_CURVE('',#2961,#2971,#2973,.T.);
#2971 = VERTEX_POINT('',#2972);
#2972 = CARTESIAN_POINT('',(84.25,11.392738725872,52.294129368306));
#2973 = LINE('',#2974,#2975);
#2974 = CARTESIAN_POINT('',(84.25,8.196369362936,41.147064684153));
#2975 = VECTOR('',#2976,1.);
#2976 = DIRECTION('',(0.,-0.275637355817,-0.961261695938));
#2977 = ORIENTED_EDGE('',*,*,#2978,.T.);
#2978 = EDGE_CURVE('',#2971,#2979,#2981,.T.);
#2979 = VERTEX_POINT('',#2980);
#2980 = CARTESIAN_POINT('',(100.25,11.392738725872,52.294129368306));
#2981 = LINE('',#2982,#2983);
#2982 = CARTESIAN_POINT('',(42.125,11.392738725872,52.294129368306));
#2983 = VECTOR('',#2984,1.);
#2984 = DIRECTION('',(1.,0.,0.));
#2985 = ORIENTED_EDGE('',*,*,#2986,.F.);
#2986 = EDGE_CURVE('',#2963,#2979,#2987,.T.);
#2987 = LINE('',#2988,#2989);
#2988 = CARTESIAN_POINT('',(100.25,8.196369362936,41.147064684153));
#2989 = VECTOR('',#2990,1.);
#2990 = DIRECTION('',(0.,-0.275637355817,-0.961261695938));
#2991 = FACE_BOUND('',#2992,.T.);
#2992 = EDGE_LOOP('',(#2993,#3003,#3011,#3019));
#2993 = ORIENTED_EDGE('',*,*,#2994,.F.);
#2994 = EDGE_CURVE('',#2995,#2997,#2999,.T.);
#2995 = VERTEX_POINT('',#2996);
#2996 = CARTESIAN_POINT('',(103.83,15.802936418944,67.674316503319));
#2997 = VERTEX_POINT('',#2998);
#2998 = CARTESIAN_POINT('',(119.83,15.802936418944,67.674316503319));
#2999 = LINE('',#3000,#3001);
#3000 = CARTESIAN_POINT('',(51.915,15.802936418944,67.674316503319));
#3001 = VECTOR('',#3002,1.);
#3002 = DIRECTION('',(1.,0.,0.));
#3003 = ORIENTED_EDGE('',*,*,#3004,.T.);
#3004 = EDGE_CURVE('',#2995,#3005,#3007,.T.);
#3005 = VERTEX_POINT('',#3006);
#3006 = CARTESIAN_POINT('',(103.83,11.392738725872,52.294129368306));
#3007 = LINE('',#3008,#3009);
#3008 = CARTESIAN_POINT('',(103.83,8.196369362936,41.147064684153));
#3009 = VECTOR('',#3010,1.);
#3010 = DIRECTION('',(0.,-0.275637355817,-0.961261695938));
#3011 = ORIENTED_EDGE('',*,*,#3012,.T.);
#3012 = EDGE_CURVE('',#3005,#3013,#3015,.T.);
#3013 = VERTEX_POINT('',#3014);
#3014 = CARTESIAN_POINT('',(119.83,11.392738725872,52.294129368306));
#3015 = LINE('',#3016,#3017);
#3016 = CARTESIAN_POINT('',(51.915,11.392738725872,52.294129368306));
#3017 = VECTOR('',#3018,1.);
#3018 = DIRECTION('',(1.,0.,0.));
#3019 = ORIENTED_EDGE('',*,*,#3020,.F.);
#3020 = EDGE_CURVE('',#2997,#3013,#3021,.T.);
#3021 = LINE('',#3022,#3023);
#3022 = CARTESIAN_POINT('',(119.83,8.196369362936,41.147064684153));
#3023 = VECTOR('',#3024,1.);
#3024 = DIRECTION('',(0.,-0.275637355817,-0.961261695938));
#3025 = FACE_BOUND('',#3026,.T.);
#3026 = EDGE_LOOP('',(#3027,#3037,#3045,#3053));
#3027 = ORIENTED_EDGE('',*,*,#3028,.F.);
#3028 = EDGE_CURVE('',#3029,#3031,#3033,.T.);
#3029 = VERTEX_POINT('',#3030);
#3030 = CARTESIAN_POINT('',(84.25,21.137561299133,86.278364362965));
#3031 = VERTEX_POINT('',#3032);
#3032 = CARTESIAN_POINT('',(100.25,21.137561299133,86.278364362965));
#3033 = LINE('',#3034,#3035);
#3034 = CARTESIAN_POINT('',(42.125,21.137561299133,86.278364362965));
#3035 = VECTOR('',#3036,1.);
#3036 = DIRECTION('',(1.,0.,0.));
#3037 = ORIENTED_EDGE('',*,*,#3038,.T.);
#3038 = EDGE_CURVE('',#3029,#3039,#3041,.T.);
#3039 = VERTEX_POINT('',#3040);
#3040 = CARTESIAN_POINT('',(84.25,16.727363606061,70.898177227952));
#3041 = LINE('',#3042,#3043);
#3042 = CARTESIAN_POINT('',(84.25,10.863681803031,50.449088613976));
#3043 = VECTOR('',#3044,1.);
#3044 = DIRECTION('',(0.,-0.275637355817,-0.961261695938));
#3045 = ORIENTED_EDGE('',*,*,#3046,.T.);
#3046 = EDGE_CURVE('',#3039,#3047,#3049,.T.);
#3047 = VERTEX_POINT('',#3048);
#3048 = CARTESIAN_POINT('',(100.25,16.727363606061,70.898177227952));
#3049 = LINE('',#3050,#3051);
#3050 = CARTESIAN_POINT('',(42.125,16.727363606061,70.898177227952));
#3051 = VECTOR('',#3052,1.);
#3052 = DIRECTION('',(1.,0.,0.));
#3053 = ORIENTED_EDGE('',*,*,#3054,.F.);
#3054 = EDGE_CURVE('',#3031,#3047,#3055,.T.);
#3055 = LINE('',#3056,#3057);
#3056 = CARTESIAN_POINT('',(100.25,10.863681803031,50.449088613976));
#3057 = VECTOR('',#3058,1.);
#3058 = DIRECTION('',(0.,-0.275637355817,-0.961261695938));
#3059 = FACE_BOUND('',#3060,.T.);
#3060 = EDGE_LOOP('',(#3061,#3071,#3079,#3087));
#3061 = ORIENTED_EDGE('',*,*,#3062,.F.);
#3062 = EDGE_CURVE('',#3063,#3065,#3067,.T.);
#3063 = VERTEX_POINT('',#3064);
#3064 = CARTESIAN_POINT('',(103.83,21.137561299133,86.278364362965));
#3065 = VERTEX_POINT('',#3066);
#3066 = CARTESIAN_POINT('',(119.83,21.137561299133,86.278364362965));
#3067 = LINE('',#3068,#3069);
#3068 = CARTESIAN_POINT('',(51.915,21.137561299133,86.278364362965));
#3069 = VECTOR('',#3070,1.);
#3070 = DIRECTION('',(1.,0.,0.));
#3071 = ORIENTED_EDGE('',*,*,#3072,.T.);
#3072 = EDGE_CURVE('',#3063,#3073,#3075,.T.);
#3073 = VERTEX_POINT('',#3074);
#3074 = CARTESIAN_POINT('',(103.83,16.727363606061,70.898177227952));
#3075 = LINE('',#3076,#3077);
#3076 = CARTESIAN_POINT('',(103.83,10.863681803031,50.449088613976));
#3077 = VECTOR('',#3078,1.);
#3078 = DIRECTION('',(0.,-0.275637355817,-0.961261695938));
#3079 = ORIENTED_EDGE('',*,*,#3080,.T.);
#3080 = EDGE_CURVE('',#3073,#3081,#3083,.T.);
#3081 = VERTEX_POINT('',#3082);
#3082 = CARTESIAN_POINT('',(119.83,16.727363606061,70.898177227952));
#3083 = LINE('',#3084,#3085);
#3084 = CARTESIAN_POINT('',(51.915,16.727363606061,70.898177227952));
#3085 = VECTOR('',#3086,1.);
#3086 = DIRECTION('',(1.,0.,0.));
#3087 = ORIENTED_EDGE('',*,*,#3088,.F.);
#3088 = EDGE_CURVE('',#3065,#3081,#3089,.T.);
#3089 = LINE('',#3090,#3091);
#3090 = CARTESIAN_POINT('',(119.83,10.863681803031,50.449088613976));
#3091 = VECTOR('',#3092,1.);
#3092 = DIRECTION('',(0.,-0.275637355817,-0.961261695938));
#3093 = FACE_BOUND('',#3094,.T.);
#3094 = EDGE_LOOP('',(#3095,#3105,#3113,#3121));
#3095 = ORIENTED_EDGE('',*,*,#3096,.F.);
#3096 = EDGE_CURVE('',#3097,#3099,#3101,.T.);
#3097 = VERTEX_POINT('',#3098);
#3098 = CARTESIAN_POINT('',(123.38,15.802936418944,67.674316503319));
#3099 = VERTEX_POINT('',#3100);
#3100 = CARTESIAN_POINT('',(139.38,15.802936418944,67.674316503319));
#3101 = LINE('',#3102,#3103);
#3102 = CARTESIAN_POINT('',(61.69,15.802936418944,67.674316503319));
#3103 = VECTOR('',#3104,1.);
#3104 = DIRECTION('',(1.,0.,0.));
#3105 = ORIENTED_EDGE('',*,*,#3106,.T.);
#3106 = EDGE_CURVE('',#3097,#3107,#3109,.T.);
#3107 = VERTEX_POINT('',#3108);
#3108 = CARTESIAN_POINT('',(123.38,11.392738725872,52.294129368306));
#3109 = LINE('',#3110,#3111);
#3110 = CARTESIAN_POINT('',(123.38,8.196369362936,41.147064684153));
#3111 = VECTOR('',#3112,1.);
#3112 = DIRECTION('',(0.,-0.275637355817,-0.961261695938));
#3113 = ORIENTED_EDGE('',*,*,#3114,.T.);
#3114 = EDGE_CURVE('',#3107,#3115,#3117,.T.);
#3115 = VERTEX_POINT('',#3116);
#3116 = CARTESIAN_POINT('',(139.38,11.392738725872,52.294129368306));
#3117 = LINE('',#3118,#3119);
#3118 = CARTESIAN_POINT('',(61.69,11.392738725872,52.294129368306));
#3119 = VECTOR('',#3120,1.);
#3120 = DIRECTION('',(1.,0.,0.));
#3121 = ORIENTED_EDGE('',*,*,#3122,.F.);
#3122 = EDGE_CURVE('',#3099,#3115,#3123,.T.);
#3123 = LINE('',#3124,#3125);
#3124 = CARTESIAN_POINT('',(139.38,8.196369362936,41.147064684153));
#3125 = VECTOR('',#3126,1.);
#3126 = DIRECTION('',(0.,-0.275637355817,-0.961261695938));
#3127 = FACE_BOUND('',#3128,.T.);
#3128 = EDGE_LOOP('',(#3129,#3139,#3147,#3155));
#3129 = ORIENTED_EDGE('',*,*,#3130,.F.);
#3130 = EDGE_CURVE('',#3131,#3133,#3135,.T.);
#3131 = VERTEX_POINT('',#3132);
#3132 = CARTESIAN_POINT('',(142.9,15.802936418944,67.674316503319));
#3133 = VERTEX_POINT('',#3134);
#3134 = CARTESIAN_POINT('',(158.9,15.802936418944,67.674316503319));
#3135 = LINE('',#3136,#3137);
#3136 = CARTESIAN_POINT('',(71.45,15.802936418944,67.674316503319));
#3137 = VECTOR('',#3138,1.);
#3138 = DIRECTION('',(1.,0.,0.));
#3139 = ORIENTED_EDGE('',*,*,#3140,.T.);
#3140 = EDGE_CURVE('',#3131,#3141,#3143,.T.);
#3141 = VERTEX_POINT('',#3142);
#3142 = CARTESIAN_POINT('',(142.9,11.392738725872,52.294129368306));
#3143 = LINE('',#3144,#3145);
#3144 = CARTESIAN_POINT('',(142.9,8.196369362936,41.147064684153));
#3145 = VECTOR('',#3146,1.);
#3146 = DIRECTION('',(0.,-0.275637355817,-0.961261695938));
#3147 = ORIENTED_EDGE('',*,*,#3148,.T.);
#3148 = EDGE_CURVE('',#3141,#3149,#3151,.T.);
#3149 = VERTEX_POINT('',#3150);
#3150 = CARTESIAN_POINT('',(158.9,11.392738725872,52.294129368306));
#3151 = LINE('',#3152,#3153);
#3152 = CARTESIAN_POINT('',(71.45,11.392738725872,52.294129368306));
#3153 = VECTOR('',#3154,1.);
#3154 = DIRECTION('',(1.,0.,0.));
#3155 = ORIENTED_EDGE('',*,*,#3156,.F.);
#3156 = EDGE_CURVE('',#3133,#3149,#3157,.T.);
#3157 = LINE('',#3158,#3159);
#3158 = CARTESIAN_POINT('',(158.9,8.196369362936,41.147064684153));
#3159 = VECTOR('',#3160,1.);
#3160 = DIRECTION('',(0.,-0.275637355817,-0.961261695938));
#3161 = FACE_BOUND('',#3162,.T.);
#3162 = EDGE_LOOP('',(#3163,#3173,#3181,#3189));
#3163 = ORIENTED_EDGE('',*,*,#3164,.F.);
#3164 = EDGE_CURVE('',#3165,#3167,#3169,.T.);
#3165 = VERTEX_POINT('',#3166);
#3166 = CARTESIAN_POINT('',(123.38,21.137561299133,86.278364362965));
#3167 = VERTEX_POINT('',#3168);
#3168 = CARTESIAN_POINT('',(139.38,21.137561299133,86.278364362965));
#3169 = LINE('',#3170,#3171);
#3170 = CARTESIAN_POINT('',(61.69,21.137561299133,86.278364362965));
#3171 = VECTOR('',#3172,1.);
#3172 = DIRECTION('',(1.,0.,0.));
#3173 = ORIENTED_EDGE('',*,*,#3174,.T.);
#3174 = EDGE_CURVE('',#3165,#3175,#3177,.T.);
#3175 = VERTEX_POINT('',#3176);
#3176 = CARTESIAN_POINT('',(123.38,16.727363606061,70.898177227952));
#3177 = LINE('',#3178,#3179);
#3178 = CARTESIAN_POINT('',(123.38,10.863681803031,50.449088613976));
#3179 = VECTOR('',#3180,1.);
#3180 = DIRECTION('',(0.,-0.275637355817,-0.961261695938));
#3181 = ORIENTED_EDGE('',*,*,#3182,.T.);
#3182 = EDGE_CURVE('',#3175,#3183,#3185,.T.);
#3183 = VERTEX_POINT('',#3184);
#3184 = CARTESIAN_POINT('',(139.38,16.727363606061,70.898177227952));
#3185 = LINE('',#3186,#3187);
#3186 = CARTESIAN_POINT('',(61.69,16.727363606061,70.898177227952));
#3187 = VECTOR('',#3188,1.);
#3188 = DIRECTION('',(1.,0.,0.));
#3189 = ORIENTED_EDGE('',*,*,#3190,.F.);
#3190 = EDGE_CURVE('',#3167,#3183,#3191,.T.);
#3191 = LINE('',#3192,#3193);
#3192 = CARTESIAN_POINT('',(139.38,10.863681803031,50.449088613976));
#3193 = VECTOR('',#3194,1.);
#3194 = DIRECTION('',(0.,-0.275637355817,-0.961261695938));
#3195 = FACE_BOUND('',#3196,.T.);
#3196 = EDGE_LOOP('',(#3197,#3207,#3215,#3223));
#3197 = ORIENTED_EDGE('',*,*,#3198,.F.);
#3198 = EDGE_CURVE('',#3199,#3201,#3203,.T.);
#3199 = VERTEX_POINT('',#3200);
#3200 = CARTESIAN_POINT('',(142.9,21.137561299133,86.278364362965));
#3201 = VERTEX_POINT('',#3202);
#3202 = CARTESIAN_POINT('',(158.9,21.137561299133,86.278364362965));
#3203 = LINE('',#3204,#3205);
#3204 = CARTESIAN_POINT('',(71.45,21.137561299133,86.278364362965));
#3205 = VECTOR('',#3206,1.);
#3206 = DIRECTION('',(1.,0.,0.));
#3207 = ORIENTED_EDGE('',*,*,#3208,.T.);
#3208 = EDGE_CURVE('',#3199,#3209,#3211,.T.);
#3209 = VERTEX_POINT('',#3210);
#3210 = CARTESIAN_POINT('',(142.9,16.727363606061,70.898177227952));
#3211 = LINE('',#3212,#3213);
#3212 = CARTESIAN_POINT('',(142.9,10.863681803031,50.449088613976));
#3213 = VECTOR('',#3214,1.);
#3214 = DIRECTION('',(0.,-0.275637355817,-0.961261695938));
#3215 = ORIENTED_EDGE('',*,*,#3216,.T.);
#3216 = EDGE_CURVE('',#3209,#3217,#3219,.T.);
#3217 = VERTEX_POINT('',#3218);
#3218 = CARTESIAN_POINT('',(158.9,16.727363606061,70.898177227952));
#3219 = LINE('',#3220,#3221);
#3220 = CARTESIAN_POINT('',(71.45,16.727363606061,70.898177227952));
#3221 = VECTOR('',#3222,1.);
#3222 = DIRECTION('',(1.,0.,0.));
#3223 = ORIENTED_EDGE('',*,*,#3224,.F.);
#3224 = EDGE_CURVE('',#3201,#3217,#3225,.T.);
#3225 = LINE('',#3226,#3227);
#3226 = CARTESIAN_POINT('',(158.9,10.863681803031,50.449088613976));
#3227 = VECTOR('',#3228,1.);
#3228 = DIRECTION('',(0.,-0.275637355817,-0.961261695938));
#3229 = FACE_BOUND('',#3230,.T.);
#3230 = EDGE_LOOP('',(#3231,#3241,#3249,#3257));
#3231 = ORIENTED_EDGE('',*,*,#3232,.F.);
#3232 = EDGE_CURVE('',#3233,#3235,#3237,.T.);
#3233 = VERTEX_POINT('',#3234);
#3234 = CARTESIAN_POINT('',(84.25,26.495170204821,104.96256704511));
#3235 = VERTEX_POINT('',#3236);
#3236 = CARTESIAN_POINT('',(100.25,26.495170204821,104.96256704511));
#3237 = LINE('',#3238,#3239);
#3238 = CARTESIAN_POINT('',(42.125,26.495170204821,104.96256704511));
#3239 = VECTOR('',#3240,1.);
#3240 = DIRECTION('',(1.,0.,0.));
#3241 = ORIENTED_EDGE('',*,*,#3242,.T.);
#3242 = EDGE_CURVE('',#3233,#3243,#3245,.T.);
#3243 = VERTEX_POINT('',#3244);
#3244 = CARTESIAN_POINT('',(84.25,22.084972511749,89.582379910098));
#3245 = LINE('',#3246,#3247);
#3246 = CARTESIAN_POINT('',(84.25,13.542486255875,59.791189955049));
#3247 = VECTOR('',#3248,1.);
#3248 = DIRECTION('',(0.,-0.275637355817,-0.961261695938));
#3249 = ORIENTED_EDGE('',*,*,#3250,.T.);
#3250 = EDGE_CURVE('',#3243,#3251,#3253,.T.);
#3251 = VERTEX_POINT('',#3252);
#3252 = CARTESIAN_POINT('',(100.25,22.084972511749,89.582379910098));
#3253 = LINE('',#3254,#3255);
#3254 = CARTESIAN_POINT('',(42.125,22.084972511749,89.582379910098));
#3255 = VECTOR('',#3256,1.);
#3256 = DIRECTION('',(1.,0.,0.));
#3257 = ORIENTED_EDGE('',*,*,#3258,.F.);
#3258 = EDGE_CURVE('',#3235,#3251,#3259,.T.);
#3259 = LINE('',#3260,#3261);
#3260 = CARTESIAN_POINT('',(100.25,13.542486255875,59.791189955049));
#3261 = VECTOR('',#3262,1.);
#3262 = DIRECTION('',(0.,-0.275637355817,-0.961261695938));
#3263 = FACE_BOUND('',#3264,.T.);
#3264 = EDGE_LOOP('',(#3265,#3275,#3283,#3291));
#3265 = ORIENTED_EDGE('',*,*,#3266,.F.);
#3266 = EDGE_CURVE('',#3267,#3269,#3271,.T.);
#3267 = VERTEX_POINT('',#3268);
#3268 = CARTESIAN_POINT('',(103.83,26.495170204821,104.96256704511));
#3269 = VERTEX_POINT('',#3270);
#3270 = CARTESIAN_POINT('',(119.83,26.495170204821,104.96256704511));
#3271 = LINE('',#3272,#3273);
#3272 = CARTESIAN_POINT('',(51.915,26.495170204821,104.96256704511));
#3273 = VECTOR('',#3274,1.);
#3274 = DIRECTION('',(1.,0.,0.));
#3275 = ORIENTED_EDGE('',*,*,#3276,.T.);
#3276 = EDGE_CURVE('',#3267,#3277,#3279,.T.);
#3277 = VERTEX_POINT('',#3278);
#3278 = CARTESIAN_POINT('',(103.83,22.084972511749,89.582379910098));
#3279 = LINE('',#3280,#3281);
#3280 = CARTESIAN_POINT('',(103.83,13.542486255875,59.791189955049));
#3281 = VECTOR('',#3282,1.);
#3282 = DIRECTION('',(0.,-0.275637355817,-0.961261695938));
#3283 = ORIENTED_EDGE('',*,*,#3284,.T.);
#3284 = EDGE_CURVE('',#3277,#3285,#3287,.T.);
#3285 = VERTEX_POINT('',#3286);
#3286 = CARTESIAN_POINT('',(119.83,22.084972511749,89.582379910098));
#3287 = LINE('',#3288,#3289);
#3288 = CARTESIAN_POINT('',(51.915,22.084972511749,89.582379910098));
#3289 = VECTOR('',#3290,1.);
#3290 = DIRECTION('',(1.,0.,0.));
#3291 = ORIENTED_EDGE('',*,*,#3292,.F.);
#3292 = EDGE_CURVE('',#3269,#3285,#3293,.T.);
#3293 = LINE('',#3294,#3295);
#3294 = CARTESIAN_POINT('',(119.83,13.542486255875,59.791189955049));
#3295 = VECTOR('',#3296,1.);
#3296 = DIRECTION('',(0.,-0.275637355817,-0.961261695938));
#3297 = FACE_BOUND('',#3298,.T.);
#3298 = EDGE_LOOP('',(#3299,#3309,#3317,#3325));
#3299 = ORIENTED_EDGE('',*,*,#3300,.F.);
#3300 = EDGE_CURVE('',#3301,#3303,#3305,.T.);
#3301 = VERTEX_POINT('',#3302);
#3302 = CARTESIAN_POINT('',(123.38,26.495170204821,104.96256704511));
#3303 = VERTEX_POINT('',#3304);
#3304 = CARTESIAN_POINT('',(139.38,26.495170204821,104.96256704511));
#3305 = LINE('',#3306,#3307);
#3306 = CARTESIAN_POINT('',(61.69,26.495170204821,104.96256704511));
#3307 = VECTOR('',#3308,1.);
#3308 = DIRECTION('',(1.,0.,0.));
#3309 = ORIENTED_EDGE('',*,*,#3310,.T.);
#3310 = EDGE_CURVE('',#3301,#3311,#3313,.T.);
#3311 = VERTEX_POINT('',#3312);
#3312 = CARTESIAN_POINT('',(123.38,22.084972511749,89.582379910098));
#3313 = LINE('',#3314,#3315);
#3314 = CARTESIAN_POINT('',(123.38,13.542486255875,59.791189955049));
#3315 = VECTOR('',#3316,1.);
#3316 = DIRECTION('',(0.,-0.275637355817,-0.961261695938));
#3317 = ORIENTED_EDGE('',*,*,#3318,.T.);
#3318 = EDGE_CURVE('',#3311,#3319,#3321,.T.);
#3319 = VERTEX_POINT('',#3320);
#3320 = CARTESIAN_POINT('',(139.38,22.084972511749,89.582379910098));
#3321 = LINE('',#3322,#3323);
#3322 = CARTESIAN_POINT('',(61.69,22.084972511749,89.582379910098));
#3323 = VECTOR('',#3324,1.);
#3324 = DIRECTION('',(1.,0.,0.));
#3325 = ORIENTED_EDGE('',*,*,#3326,.F.);
#3326 = EDGE_CURVE('',#3303,#3319,#3327,.T.);
#3327 = LINE('',#3328,#3329);
#3328 = CARTESIAN_POINT('',(139.38,13.542486255875,59.791189955049));
#3329 = VECTOR('',#3330,1.);
#3330 = DIRECTION('',(0.,-0.275637355817,-0.961261695938));
#3331 = FACE_BOUND('',#3332,.T.);
#3332 = EDGE_LOOP('',(#3333,#3343,#3351,#3359));
#3333 = ORIENTED_EDGE('',*,*,#3334,.F.);
#3334 = EDGE_CURVE('',#3335,#3337,#3339,.T.);
#3335 = VERTEX_POINT('',#3336);
#3336 = CARTESIAN_POINT('',(142.9,26.495170204821,104.96256704511));
#3337 = VERTEX_POINT('',#3338);
#3338 = CARTESIAN_POINT('',(158.9,26.495170204821,104.96256704511));
#3339 = LINE('',#3340,#3341);
#3340 = CARTESIAN_POINT('',(71.45,26.495170204821,104.96256704511));
#3341 = VECTOR('',#3342,1.);
#3342 = DIRECTION('',(1.,0.,0.));
#3343 = ORIENTED_EDGE('',*,*,#3344,.T.);
#3344 = EDGE_CURVE('',#3335,#3345,#3347,.T.);
#3345 = VERTEX_POINT('',#3346);
#3346 = CARTESIAN_POINT('',(142.9,22.084972511749,89.582379910098));
#3347 = LINE('',#3348,#3349);
#3348 = CARTESIAN_POINT('',(142.9,13.542486255875,59.791189955049));
#3349 = VECTOR('',#3350,1.);
#3350 = DIRECTION('',(0.,-0.275637355817,-0.961261695938));
#3351 = ORIENTED_EDGE('',*,*,#3352,.T.);
#3352 = EDGE_CURVE('',#3345,#3353,#3355,.T.);
#3353 = VERTEX_POINT('',#3354);
#3354 = CARTESIAN_POINT('',(158.9,22.084972511749,89.582379910098));
#3355 = LINE('',#3356,#3357);
#3356 = CARTESIAN_POINT('',(71.45,22.084972511749,89.582379910098));
#3357 = VECTOR('',#3358,1.);
#3358 = DIRECTION('',(1.,0.,0.));
#3359 = ORIENTED_EDGE('',*,*,#3360,.F.);
#3360 = EDGE_CURVE('',#3337,#3353,#3361,.T.);
#3361 = LINE('',#3362,#3363);
#3362 = CARTESIAN_POINT('',(158.9,13.542486255875,59.791189955049));
#3363 = VECTOR('',#3364,1.);
#3364 = DIRECTION('',(0.,-0.275637355817,-0.961261695938));
#3365 = PLANE('',#3366);
#3366 = AXIS2_PLACEMENT_3D('',#3367,#3368,#3369);
#3367 = CARTESIAN_POINT('',(0.,5.,30.));
#3368 = DIRECTION('',(0.,0.961261695938,-0.275637355817));
#3369 = DIRECTION('',(0.,0.275637355817,0.961261695938));
#3370 = ADVANCED_FACE('',(#3371,#3382,#3393),#3404,.T.);
#3371 = FACE_BOUND('',#3372,.T.);
#3372 = EDGE_LOOP('',(#3373,#3374,#3380,#3381));
#3373 = ORIENTED_EDGE('',*,*,#2860,.F.);
#3374 = ORIENTED_EDGE('',*,*,#3375,.T.);
#3375 = EDGE_CURVE('',#2851,#2875,#3376,.T.);
#3376 = LINE('',#3377,#3378);
#3377 = CARTESIAN_POINT('',(0.,5.,0.));
#3378 = VECTOR('',#3379,1.);
#3379 = DIRECTION('',(0.,0.,1.));
#3380 = ORIENTED_EDGE('',*,*,#2874,.T.);
#3381 = ORIENTED_EDGE('',*,*,#64,.F.);
#3382 = FACE_BOUND('',#3383,.T.);
#3383 = EDGE_LOOP('',(#3384));
#3384 = ORIENTED_EDGE('',*,*,#3385,.F.);
#3385 = EDGE_CURVE('',#3386,#3386,#3388,.T.);
#3386 = VERTEX_POINT('',#3387);
#3387 = CARTESIAN_POINT('',(13.2,5.,9.));
#3388 = CIRCLE('',#3389,4.2);
#3389 = AXIS2_PLACEMENT_3D('',#3390,#3391,#3392);
#3390 = CARTESIAN_POINT('',(9.,5.,9.));
#3391 = DIRECTION('',(-0.,1.,2.2E-16));
#3392 = DIRECTION('',(1.,0.,0.));
#3393 = FACE_BOUND('',#3394,.T.);
#3394 = EDGE_LOOP('',(#3395));
#3395 = ORIENTED_EDGE('',*,*,#3396,.F.);
#3396 = EDGE_CURVE('',#3397,#3397,#3399,.T.);
#3397 = VERTEX_POINT('',#3398);
#3398 = CARTESIAN_POINT('',(195.2,5.,9.));
#3399 = CIRCLE('',#3400,4.2);
#3400 = AXIS2_PLACEMENT_3D('',#3401,#3402,#3403);
#3401 = CARTESIAN_POINT('',(191.,5.,9.));
#3402 = DIRECTION('',(-0.,1.,2.2E-16));
#3403 = DIRECTION('',(1.,0.,0.));
#3404 = PLANE('',#3405);
#3405 = AXIS2_PLACEMENT_3D('',#3406,#3407,#3408);
#3406 = CARTESIAN_POINT('',(100.,5.,15.));
#3407 = DIRECTION('',(0.,1.,0.));
#3408 = DIRECTION('',(0.,0.,1.));
#3409 = ADVANCED_FACE('',(#3410),#3428,.T.);
#3410 = FACE_BOUND('',#3411,.T.);
#3411 = EDGE_LOOP('',(#3412,#3413,#3414,#3415,#3416,#3422,#3423,#3424,
    #3425,#3426,#3427));
#3412 = ORIENTED_EDGE('',*,*,#180,.T.);
#3413 = ORIENTED_EDGE('',*,*,#202,.T.);
#3414 = ORIENTED_EDGE('',*,*,#335,.T.);
#3415 = ORIENTED_EDGE('',*,*,#394,.F.);
#3416 = ORIENTED_EDGE('',*,*,#3417,.T.);
#3417 = EDGE_CURVE('',#385,#2883,#3418,.T.);
#3418 = LINE('',#3419,#3420);
#3419 = CARTESIAN_POINT('',(0.,27.5637355817,126.12616959383));
#3420 = VECTOR('',#3421,1.);
#3421 = DIRECTION('',(0.,0.961261695938,-0.275637355817));
#3422 = ORIENTED_EDGE('',*,*,#2882,.F.);
#3423 = ORIENTED_EDGE('',*,*,#3375,.F.);
#3424 = ORIENTED_EDGE('',*,*,#2850,.F.);
#3425 = ORIENTED_EDGE('',*,*,#469,.T.);
#3426 = ORIENTED_EDGE('',*,*,#359,.F.);
#3427 = ORIENTED_EDGE('',*,*,#236,.T.);
#3428 = PLANE('',#3429);
#3429 = AXIS2_PLACEMENT_3D('',#3430,#3431,#3432);
#3430 = CARTESIAN_POINT('',(0.,14.409305443916,67.934706105157));
#3431 = DIRECTION('',(-1.,-0.,-0.));
#3432 = DIRECTION('',(0.,0.,-1.));
#3433 = ADVANCED_FACE('',(#3434),#3455,.F.);
#3434 = FACE_BOUND('',#3435,.T.);
#3435 = EDGE_LOOP('',(#3436,#3445,#3451,#3452,#3453,#3454));
#3436 = ORIENTED_EDGE('',*,*,#3437,.F.);
#3437 = EDGE_CURVE('',#3438,#3438,#3440,.T.);
#3438 = VERTEX_POINT('',#3439);
#3439 = CARTESIAN_POINT('',(194.4,30.242336256864,125.85892298143));
#3440 = CIRCLE('',#3441,3.4);
#3441 = AXIS2_PLACEMENT_3D('',#3442,#3443,#3444);
#3442 = CARTESIAN_POINT('',(191.,30.242336256864,125.85892298143));
#3443 = DIRECTION('',(0.,-0.961261695938,0.275637355817));
#3444 = DIRECTION('',(1.,0.,0.));
#3445 = ORIENTED_EDGE('',*,*,#3446,.T.);
#3446 = EDGE_CURVE('',#3438,#129,#3447,.T.);
#3447 = LINE('',#3448,#3449);
#3448 = CARTESIAN_POINT('',(194.4,43.7,122.));
#3449 = VECTOR('',#3450,1.);
#3450 = DIRECTION('',(0.,-0.961261695938,0.275637355817));
#3451 = ORIENTED_EDGE('',*,*,#137,.F.);
#3452 = ORIENTED_EDGE('',*,*,#251,.F.);
#3453 = ORIENTED_EDGE('',*,*,#128,.F.);
#3454 = ORIENTED_EDGE('',*,*,#3446,.F.);
#3455 = CYLINDRICAL_SURFACE('',#3456,3.4);
#3456 = AXIS2_PLACEMENT_3D('',#3457,#3458,#3459);
#3457 = CARTESIAN_POINT('',(191.,43.7,122.));
#3458 = DIRECTION('',(-0.,0.961261695938,-0.275637355817));
#3459 = DIRECTION('',(1.,0.,0.));
#3460 = ADVANCED_FACE('',(#3461),#3482,.F.);
#3461 = FACE_BOUND('',#3462,.T.);
#3462 = EDGE_LOOP('',(#3463,#3472,#3478,#3479,#3480,#3481));
#3463 = ORIENTED_EDGE('',*,*,#3464,.F.);
#3464 = EDGE_CURVE('',#3465,#3465,#3467,.T.);
#3465 = VERTEX_POINT('',#3466);
#3466 = CARTESIAN_POINT('',(12.4,30.242336256864,125.85892298143));
#3467 = CIRCLE('',#3468,3.4);
#3468 = AXIS2_PLACEMENT_3D('',#3469,#3470,#3471);
#3469 = CARTESIAN_POINT('',(9.,30.242336256864,125.85892298143));
#3470 = DIRECTION('',(0.,-0.961261695938,0.275637355817));
#3471 = DIRECTION('',(1.,0.,0.));
#3472 = ORIENTED_EDGE('',*,*,#3473,.T.);
#3473 = EDGE_CURVE('',#3465,#155,#3474,.T.);
#3474 = LINE('',#3475,#3476);
#3475 = CARTESIAN_POINT('',(12.4,43.7,122.));
#3476 = VECTOR('',#3477,1.);
#3477 = DIRECTION('',(0.,-0.961261695938,0.275637355817));
#3478 = ORIENTED_EDGE('',*,*,#163,.F.);
#3479 = ORIENTED_EDGE('',*,*,#243,.F.);
#3480 = ORIENTED_EDGE('',*,*,#154,.F.);
#3481 = ORIENTED_EDGE('',*,*,#3473,.F.);
#3482 = CYLINDRICAL_SURFACE('',#3483,3.4);
#3483 = AXIS2_PLACEMENT_3D('',#3484,#3485,#3486);
#3484 = CARTESIAN_POINT('',(9.,43.7,122.));
#3485 = DIRECTION('',(-0.,0.961261695938,-0.275637355817));
#3486 = DIRECTION('',(1.,0.,0.));
#3487 = ADVANCED_FACE('',(#3488),#3504,.F.);
#3488 = FACE_BOUND('',#3489,.F.);
#3489 = EDGE_LOOP('',(#3490,#3496,#3497,#3503));
#3490 = ORIENTED_EDGE('',*,*,#3491,.F.);
#3491 = EDGE_CURVE('',#2929,#264,#3492,.T.);
#3492 = LINE('',#3493,#3494);
#3493 = CARTESIAN_POINT('',(70.,27.403681011765,103.25677631722));
#3494 = VECTOR('',#3495,1.);
#3495 = DIRECTION('',(0.,-0.961261695938,0.275637355817));
#3496 = ORIENTED_EDGE('',*,*,#2926,.F.);
#3497 = ORIENTED_EDGE('',*,*,#3498,.T.);
#3498 = EDGE_CURVE('',#2927,#262,#3499,.T.);
#3499 = LINE('',#3500,#3501);
#3500 = CARTESIAN_POINT('',(11.,27.403681011765,103.25677631722));
#3501 = VECTOR('',#3502,1.);
#3502 = DIRECTION('',(0.,-0.961261695938,0.275637355817));
#3503 = ORIENTED_EDGE('',*,*,#261,.T.);
#3504 = PLANE('',#3505);
#3505 = AXIS2_PLACEMENT_3D('',#3506,#3507,#3508);
#3506 = CARTESIAN_POINT('',(11.,27.403681011765,103.25677631722));
#3507 = DIRECTION('',(0.,0.275637355817,0.961261695938));
#3508 = DIRECTION('',(0.,-0.961261695938,0.275637355817));
#3509 = ADVANCED_FACE('',(#3510),#3521,.F.);
#3510 = FACE_BOUND('',#3511,.F.);
#3511 = EDGE_LOOP('',(#3512,#3518,#3519,#3520));
#3512 = ORIENTED_EDGE('',*,*,#3513,.F.);
#3513 = EDGE_CURVE('',#2945,#280,#3514,.T.);
#3514 = LINE('',#3515,#3516);
#3515 = CARTESIAN_POINT('',(70.,15.,60.));
#3516 = VECTOR('',#3517,1.);
#3517 = DIRECTION('',(0.,-0.961261695938,0.275637355817));
#3518 = ORIENTED_EDGE('',*,*,#2952,.F.);
#3519 = ORIENTED_EDGE('',*,*,#3491,.T.);
#3520 = ORIENTED_EDGE('',*,*,#287,.T.);
#3521 = PLANE('',#3522);
#3522 = AXIS2_PLACEMENT_3D('',#3523,#3524,#3525);
#3523 = CARTESIAN_POINT('',(70.,15.,60.));
#3524 = DIRECTION('',(1.,0.,0.));
#3525 = DIRECTION('',(0.,-0.961261695938,0.275637355817));
#3526 = ADVANCED_FACE('',(#3527),#3538,.T.);
#3527 = FACE_BOUND('',#3528,.T.);
#3528 = EDGE_LOOP('',(#3529,#3530,#3531,#3537));
#3529 = ORIENTED_EDGE('',*,*,#3513,.F.);
#3530 = ORIENTED_EDGE('',*,*,#2944,.F.);
#3531 = ORIENTED_EDGE('',*,*,#3532,.T.);
#3532 = EDGE_CURVE('',#2937,#272,#3533,.T.);
#3533 = LINE('',#3534,#3535);
#3534 = CARTESIAN_POINT('',(11.,15.,60.));
#3535 = VECTOR('',#3536,1.);
#3536 = DIRECTION('',(0.,-0.961261695938,0.275637355817));
#3537 = ORIENTED_EDGE('',*,*,#279,.T.);
#3538 = PLANE('',#3539);
#3539 = AXIS2_PLACEMENT_3D('',#3540,#3541,#3542);
#3540 = CARTESIAN_POINT('',(11.,15.,60.));
#3541 = DIRECTION('',(0.,0.275637355817,0.961261695938));
#3542 = DIRECTION('',(0.,-0.961261695938,0.275637355817));
#3543 = ADVANCED_FACE('',(#3544),#3550,.T.);
#3544 = FACE_BOUND('',#3545,.T.);
#3545 = EDGE_LOOP('',(#3546,#3547,#3548,#3549));
#3546 = ORIENTED_EDGE('',*,*,#3532,.F.);
#3547 = ORIENTED_EDGE('',*,*,#2936,.F.);
#3548 = ORIENTED_EDGE('',*,*,#3498,.T.);
#3549 = ORIENTED_EDGE('',*,*,#271,.T.);
#3550 = PLANE('',#3551);
#3551 = AXIS2_PLACEMENT_3D('',#3552,#3553,#3554);
#3552 = CARTESIAN_POINT('',(11.,15.,60.));
#3553 = DIRECTION('',(1.,0.,0.));
#3554 = DIRECTION('',(0.,-0.961261695938,0.275637355817));
#3555 = ADVANCED_FACE('',(#3556),#3581,.F.);
#3556 = FACE_BOUND('',#3557,.F.);
#3557 = EDGE_LOOP('',(#3558,#3566,#3567,#3575));
#3558 = ORIENTED_EDGE('',*,*,#3559,.F.);
#3559 = EDGE_CURVE('',#296,#3560,#3562,.T.);
#3560 = VERTEX_POINT('',#3561);
#3561 = CARTESIAN_POINT('',(82.,27.172297489524,107.35264244837));
#3562 = LINE('',#3563,#3564);
#3563 = CARTESIAN_POINT('',(82.,22.55824134902,108.67570175629));
#3564 = VECTOR('',#3565,1.);
#3565 = DIRECTION('',(0.,0.961261695938,-0.275637355817));
#3566 = ORIENTED_EDGE('',*,*,#295,.T.);
#3567 = ORIENTED_EDGE('',*,*,#3568,.T.);
#3568 = EDGE_CURVE('',#298,#3569,#3571,.T.);
#3569 = VERTEX_POINT('',#3570);
#3570 = CARTESIAN_POINT('',(161.,27.172297489524,107.35264244837));
#3571 = LINE('',#3572,#3573);
#3572 = CARTESIAN_POINT('',(161.,22.55824134902,108.67570175629));
#3573 = VECTOR('',#3574,1.);
#3574 = DIRECTION('',(0.,0.961261695938,-0.275637355817));
#3575 = ORIENTED_EDGE('',*,*,#3576,.F.);
#3576 = EDGE_CURVE('',#3560,#3569,#3577,.T.);
#3577 = LINE('',#3578,#3579);
#3578 = CARTESIAN_POINT('',(82.,27.172297489524,107.35264244837));
#3579 = VECTOR('',#3580,1.);
#3580 = DIRECTION('',(1.,0.,0.));
#3581 = PLANE('',#3582);
#3582 = AXIS2_PLACEMENT_3D('',#3583,#3584,#3585);
#3583 = CARTESIAN_POINT('',(82.,22.55824134902,108.67570175629));
#3584 = DIRECTION('',(0.,0.275637355817,0.961261695938));
#3585 = DIRECTION('',(1.,0.,0.));
#3586 = ADVANCED_FACE('',(#3587),#3605,.T.);
#3587 = FACE_BOUND('',#3588,.T.);
#3588 = EDGE_LOOP('',(#3589,#3590,#3591,#3599));
#3589 = ORIENTED_EDGE('',*,*,#3559,.F.);
#3590 = ORIENTED_EDGE('',*,*,#305,.T.);
#3591 = ORIENTED_EDGE('',*,*,#3592,.T.);
#3592 = EDGE_CURVE('',#306,#3593,#3595,.T.);
#3593 = VERTEX_POINT('',#3594);
#3594 = CARTESIAN_POINT('',(82.,10.634056140504,49.676940692078));
#3595 = LINE('',#3596,#3597);
#3596 = CARTESIAN_POINT('',(82.,6.02,51.));
#3597 = VECTOR('',#3598,1.);
#3598 = DIRECTION('',(0.,0.961261695938,-0.275637355817));
#3599 = ORIENTED_EDGE('',*,*,#3600,.T.);
#3600 = EDGE_CURVE('',#3593,#3560,#3601,.T.);
#3601 = LINE('',#3602,#3603);
#3602 = CARTESIAN_POINT('',(82.,10.634056140504,49.676940692078));
#3603 = VECTOR('',#3604,1.);
#3604 = DIRECTION('',(0.,0.275637355817,0.961261695938));
#3605 = PLANE('',#3606);
#3606 = AXIS2_PLACEMENT_3D('',#3607,#3608,#3609);
#3607 = CARTESIAN_POINT('',(82.,6.02,51.));
#3608 = DIRECTION('',(1.,0.,0.));
#3609 = DIRECTION('',(0.,0.275637355817,0.961261695938));
#3610 = ADVANCED_FACE('',(#3611),#3629,.F.);
#3611 = FACE_BOUND('',#3612,.F.);
#3612 = EDGE_LOOP('',(#3613,#3614,#3615,#3623));
#3613 = ORIENTED_EDGE('',*,*,#3568,.F.);
#3614 = ORIENTED_EDGE('',*,*,#321,.T.);
#3615 = ORIENTED_EDGE('',*,*,#3616,.T.);
#3616 = EDGE_CURVE('',#314,#3617,#3619,.T.);
#3617 = VERTEX_POINT('',#3618);
#3618 = CARTESIAN_POINT('',(161.,10.634056140504,49.676940692078));
#3619 = LINE('',#3620,#3621);
#3620 = CARTESIAN_POINT('',(161.,6.02,51.));
#3621 = VECTOR('',#3622,1.);
#3622 = DIRECTION('',(0.,0.961261695938,-0.275637355817));
#3623 = ORIENTED_EDGE('',*,*,#3624,.T.);
#3624 = EDGE_CURVE('',#3617,#3569,#3625,.T.);
#3625 = LINE('',#3626,#3627);
#3626 = CARTESIAN_POINT('',(161.,10.634056140504,49.676940692078));
#3627 = VECTOR('',#3628,1.);
#3628 = DIRECTION('',(0.,0.275637355817,0.961261695938));
#3629 = PLANE('',#3630);
#3630 = AXIS2_PLACEMENT_3D('',#3631,#3632,#3633);
#3631 = CARTESIAN_POINT('',(161.,6.02,51.));
#3632 = DIRECTION('',(1.,0.,0.));
#3633 = DIRECTION('',(0.,0.275637355817,0.961261695938));
#3634 = ADVANCED_FACE('',(#3635),#3646,.T.);
#3635 = FACE_BOUND('',#3636,.T.);
#3636 = EDGE_LOOP('',(#3637,#3638,#3639,#3640));
#3637 = ORIENTED_EDGE('',*,*,#3592,.F.);
#3638 = ORIENTED_EDGE('',*,*,#313,.T.);
#3639 = ORIENTED_EDGE('',*,*,#3616,.T.);
#3640 = ORIENTED_EDGE('',*,*,#3641,.F.);
#3641 = EDGE_CURVE('',#3593,#3617,#3642,.T.);
#3642 = LINE('',#3643,#3644);
#3643 = CARTESIAN_POINT('',(82.,10.634056140504,49.676940692078));
#3644 = VECTOR('',#3645,1.);
#3645 = DIRECTION('',(1.,0.,0.));
#3646 = PLANE('',#3647);
#3647 = AXIS2_PLACEMENT_3D('',#3648,#3649,#3650);
#3648 = CARTESIAN_POINT('',(82.,6.02,51.));
#3649 = DIRECTION('',(0.,0.275637355817,0.961261695938));
#3650 = DIRECTION('',(1.,0.,0.));
#3651 = ADVANCED_FACE('',(#3652),#3663,.T.);
#3652 = FACE_BOUND('',#3653,.T.);
#3653 = EDGE_LOOP('',(#3654,#3655,#3656,#3662));
#3654 = ORIENTED_EDGE('',*,*,#3417,.F.);
#3655 = ORIENTED_EDGE('',*,*,#384,.T.);
#3656 = ORIENTED_EDGE('',*,*,#3657,.T.);
#3657 = EDGE_CURVE('',#387,#2891,#3658,.T.);
#3658 = LINE('',#3659,#3660);
#3659 = CARTESIAN_POINT('',(5.634256898848,43.56730032799,
    121.53722124714));
#3660 = VECTOR('',#3661,1.);
#3661 = DIRECTION('',(0.,0.961261695938,-0.275637355817));
#3662 = ORIENTED_EDGE('',*,*,#2890,.T.);
#3663 = PLANE('',#3664);
#3664 = AXIS2_PLACEMENT_3D('',#3665,#3666,#3667);
#3665 = CARTESIAN_POINT('',(0.,27.5637355817,126.12616959383));
#3666 = DIRECTION('',(0.,0.275637355817,0.961261695938));
#3667 = DIRECTION('',(1.,0.,0.));
#3668 = ADVANCED_FACE('',(#3669),#3697,.T.);
#3669 = FACE_BOUND('',#3670,.F.);
#3670 = EDGE_LOOP('',(#3671,#3680,#3686,#3687,#3688,#3689,#3695,#3696));
#3671 = ORIENTED_EDGE('',*,*,#3672,.F.);
#3672 = EDGE_CURVE('',#3673,#3673,#3675,.T.);
#3673 = VERTEX_POINT('',#3674);
#3674 = CARTESIAN_POINT('',(12.4,43.7,122.));
#3675 = CIRCLE('',#3676,3.4);
#3676 = AXIS2_PLACEMENT_3D('',#3677,#3678,#3679);
#3677 = CARTESIAN_POINT('',(9.,43.7,122.));
#3678 = DIRECTION('',(0.,-0.961261695938,0.275637355817));
#3679 = DIRECTION('',(1.,0.,0.));
#3680 = ORIENTED_EDGE('',*,*,#3681,.T.);
#3681 = EDGE_CURVE('',#3673,#437,#3682,.T.);
#3682 = LINE('',#3683,#3684);
#3683 = CARTESIAN_POINT('',(12.4,43.7,122.));
#3684 = VECTOR('',#3685,1.);
#3685 = DIRECTION('',(0.,-0.961261695938,0.275637355817));
#3686 = ORIENTED_EDGE('',*,*,#445,.F.);
#3687 = ORIENTED_EDGE('',*,*,#3657,.T.);
#3688 = ORIENTED_EDGE('',*,*,#2898,.F.);
#3689 = ORIENTED_EDGE('',*,*,#3690,.F.);
#3690 = EDGE_CURVE('',#429,#2899,#3691,.T.);
#3691 = LINE('',#3692,#3693);
#3692 = CARTESIAN_POINT('',(12.365743101152,43.56730032799,
    121.53722124714));
#3693 = VECTOR('',#3694,1.);
#3694 = DIRECTION('',(0.,0.961261695938,-0.275637355817));
#3695 = ORIENTED_EDGE('',*,*,#436,.F.);
#3696 = ORIENTED_EDGE('',*,*,#3681,.F.);
#3697 = CYLINDRICAL_SURFACE('',#3698,3.4);
#3698 = AXIS2_PLACEMENT_3D('',#3699,#3700,#3701);
#3699 = CARTESIAN_POINT('',(9.,43.7,122.));
#3700 = DIRECTION('',(-0.,0.961261695938,-0.275637355817));
#3701 = DIRECTION('',(1.,0.,0.));
#3702 = ADVANCED_FACE('',(#3703),#3714,.T.);
#3703 = FACE_BOUND('',#3704,.T.);
#3704 = EDGE_LOOP('',(#3705,#3706,#3707,#3713));
#3705 = ORIENTED_EDGE('',*,*,#3690,.F.);
#3706 = ORIENTED_EDGE('',*,*,#428,.T.);
#3707 = ORIENTED_EDGE('',*,*,#3708,.T.);
#3708 = EDGE_CURVE('',#420,#2908,#3709,.T.);
#3709 = LINE('',#3710,#3711);
#3710 = CARTESIAN_POINT('',(187.63425689884,43.56730032799,
    121.53722124714));
#3711 = VECTOR('',#3712,1.);
#3712 = DIRECTION('',(0.,0.961261695938,-0.275637355817));
#3713 = ORIENTED_EDGE('',*,*,#2907,.T.);
#3714 = PLANE('',#3715);
#3715 = AXIS2_PLACEMENT_3D('',#3716,#3717,#3718);
#3716 = CARTESIAN_POINT('',(0.,27.5637355817,126.12616959383));
#3717 = DIRECTION('',(0.,0.275637355817,0.961261695938));
#3718 = DIRECTION('',(1.,0.,0.));
#3719 = ADVANCED_FACE('',(#3720),#3743,.T.);
#3720 = FACE_BOUND('',#3721,.F.);
#3721 = EDGE_LOOP('',(#3722,#3731,#3737,#3738,#3739,#3740,#3741,#3742));
#3722 = ORIENTED_EDGE('',*,*,#3723,.F.);
#3723 = EDGE_CURVE('',#3724,#3724,#3726,.T.);
#3724 = VERTEX_POINT('',#3725);
#3725 = CARTESIAN_POINT('',(194.4,43.7,122.));
#3726 = CIRCLE('',#3727,3.4);
#3727 = AXIS2_PLACEMENT_3D('',#3728,#3729,#3730);
#3728 = CARTESIAN_POINT('',(191.,43.7,122.));
#3729 = DIRECTION('',(0.,-0.961261695938,0.275637355817));
#3730 = DIRECTION('',(1.,0.,0.));
#3731 = ORIENTED_EDGE('',*,*,#3732,.T.);
#3732 = EDGE_CURVE('',#3724,#411,#3733,.T.);
#3733 = LINE('',#3734,#3735);
#3734 = CARTESIAN_POINT('',(194.4,43.7,122.));
#3735 = VECTOR('',#3736,1.);
#3736 = DIRECTION('',(0.,-0.961261695938,0.275637355817));
#3737 = ORIENTED_EDGE('',*,*,#419,.F.);
#3738 = ORIENTED_EDGE('',*,*,#3708,.T.);
#3739 = ORIENTED_EDGE('',*,*,#2915,.F.);
#3740 = ORIENTED_EDGE('',*,*,#2826,.F.);
#3741 = ORIENTED_EDGE('',*,*,#410,.F.);
#3742 = ORIENTED_EDGE('',*,*,#3732,.F.);
#3743 = CYLINDRICAL_SURFACE('',#3744,3.4);
#3744 = AXIS2_PLACEMENT_3D('',#3745,#3746,#3747);
#3745 = CARTESIAN_POINT('',(191.,43.7,122.));
#3746 = DIRECTION('',(-0.,0.961261695938,-0.275637355817));
#3747 = DIRECTION('',(1.,0.,0.));
#3748 = ADVANCED_FACE('',(#3749),#3768,.F.);
#3749 = FACE_BOUND('',#3750,.T.);
#3750 = EDGE_LOOP('',(#3751,#3760,#3766,#3767));
#3751 = ORIENTED_EDGE('',*,*,#3752,.F.);
#3752 = EDGE_CURVE('',#3753,#3753,#3755,.T.);
#3753 = VERTEX_POINT('',#3754);
#3754 = CARTESIAN_POINT('',(13.2,2.5,9.));
#3755 = CIRCLE('',#3756,4.2);
#3756 = AXIS2_PLACEMENT_3D('',#3757,#3758,#3759);
#3757 = CARTESIAN_POINT('',(9.,2.5,9.));
#3758 = DIRECTION('',(0.,-1.,0.));
#3759 = DIRECTION('',(1.,0.,0.));
#3760 = ORIENTED_EDGE('',*,*,#3761,.T.);
#3761 = EDGE_CURVE('',#3753,#479,#3762,.T.);
#3762 = LINE('',#3763,#3764);
#3763 = CARTESIAN_POINT('',(13.2,21.,9.));
#3764 = VECTOR('',#3765,1.);
#3765 = DIRECTION('',(0.,-1.,0.));
#3766 = ORIENTED_EDGE('',*,*,#478,.F.);
#3767 = ORIENTED_EDGE('',*,*,#3761,.F.);
#3768 = CYLINDRICAL_SURFACE('',#3769,4.2);
#3769 = AXIS2_PLACEMENT_3D('',#3770,#3771,#3772);
#3770 = CARTESIAN_POINT('',(9.,21.,9.));
#3771 = DIRECTION('',(-0.,1.,-0.));
#3772 = DIRECTION('',(1.,0.,0.));
#3773 = ADVANCED_FACE('',(#3774),#3799,.T.);
#3774 = FACE_BOUND('',#3775,.T.);
#3775 = EDGE_LOOP('',(#3776,#3777,#3785,#3793));
#3776 = ORIENTED_EDGE('',*,*,#489,.T.);
#3777 = ORIENTED_EDGE('',*,*,#3778,.T.);
#3778 = EDGE_CURVE('',#492,#3779,#3781,.T.);
#3779 = VERTEX_POINT('',#3780);
#3780 = CARTESIAN_POINT('',(35.322364147925,-1.,13.138049601991));
#3781 = LINE('',#3782,#3783);
#3782 = CARTESIAN_POINT('',(35.322364147925,4.,13.138049601991));
#3783 = VECTOR('',#3784,1.);
#3784 = DIRECTION('',(0.,-1.,2.2E-16));
#3785 = ORIENTED_EDGE('',*,*,#3786,.T.);
#3786 = EDGE_CURVE('',#3779,#3787,#3789,.T.);
#3787 = VERTEX_POINT('',#3788);
#3788 = CARTESIAN_POINT('',(36.137529506133,-1.,11.322802180157));
#3789 = B_SPLINE_CURVE_WITH_KNOTS('',2,(#3790,#3791,#3792),
  .UNSPECIFIED.,.F.,.F.,(3,3),(0.,1.),.PIECEWISE_BEZIER_KNOTS.);
#3790 = CARTESIAN_POINT('',(35.322364147925,-1.,13.138049601991));
#3791 = CARTESIAN_POINT('',(35.582779389876,-1.,12.180093533386));
#3792 = CARTESIAN_POINT('',(36.137529506133,-1.,11.322802180157));
#3793 = ORIENTED_EDGE('',*,*,#3794,.F.);
#3794 = EDGE_CURVE('',#490,#3787,#3795,.T.);
#3795 = LINE('',#3796,#3797);
#3796 = CARTESIAN_POINT('',(36.137529506133,4.,11.322802180157));
#3797 = VECTOR('',#3798,1.);
#3798 = DIRECTION('',(0.,-1.,2.2E-16));
#3799 = SURFACE_OF_LINEAR_EXTRUSION('',#3800,#3804);
#3800 = B_SPLINE_CURVE_WITH_KNOTS('',2,(#3801,#3802,#3803),
  .UNSPECIFIED.,.F.,.F.,(3,3),(0.,1.),.PIECEWISE_BEZIER_KNOTS.);
#3801 = CARTESIAN_POINT('',(35.322364147925,4.,13.138049601991));
#3802 = CARTESIAN_POINT('',(35.582779389876,4.,12.180093533386));
#3803 = CARTESIAN_POINT('',(36.137529506133,4.,11.322802180157));
#3804 = VECTOR('',#3805,1.);
#3805 = DIRECTION('',(0.,1.,-2.2E-16));
#3806 = ADVANCED_FACE('',(#3807),#3825,.T.);
#3807 = FACE_BOUND('',#3808,.T.);
#3808 = EDGE_LOOP('',(#3809,#3810,#3811,#3819));
#3809 = ORIENTED_EDGE('',*,*,#1087,.T.);
#3810 = ORIENTED_EDGE('',*,*,#3794,.T.);
#3811 = ORIENTED_EDGE('',*,*,#3812,.T.);
#3812 = EDGE_CURVE('',#3787,#3813,#3815,.T.);
#3813 = VERTEX_POINT('',#3814);
#3814 = CARTESIAN_POINT('',(37.355900816689,-1.,9.995012700714));
#3815 = B_SPLINE_CURVE_WITH_KNOTS('',2,(#3816,#3817,#3818),
  .UNSPECIFIED.,.F.,.F.,(3,3),(0.,1.),.PIECEWISE_BEZIER_KNOTS.);
#3816 = CARTESIAN_POINT('',(36.137529506133,-1.,11.322802180157));
#3817 = CARTESIAN_POINT('',(36.624987448524,-1.,10.566722633148));
#3818 = CARTESIAN_POINT('',(37.355900816689,-1.,9.995012700714));
#3819 = ORIENTED_EDGE('',*,*,#3820,.F.);
#3820 = EDGE_CURVE('',#1073,#3813,#3821,.T.);
#3821 = LINE('',#3822,#3823);
#3822 = CARTESIAN_POINT('',(37.355900816689,4.,9.995012700714));
#3823 = VECTOR('',#3824,1.);
#3824 = DIRECTION('',(0.,-1.,2.2E-16));
#3825 = SURFACE_OF_LINEAR_EXTRUSION('',#3826,#3830);
#3826 = B_SPLINE_CURVE_WITH_KNOTS('',2,(#3827,#3828,#3829),
  .UNSPECIFIED.,.F.,.F.,(3,3),(0.,1.),.PIECEWISE_BEZIER_KNOTS.);
#3827 = CARTESIAN_POINT('',(36.137529506133,4.,11.322802180157));
#3828 = CARTESIAN_POINT('',(36.624987448524,4.,10.566722633148));
#3829 = CARTESIAN_POINT('',(37.355900816689,4.,9.995012700714));
#3830 = VECTOR('',#3831,1.);
#3831 = DIRECTION('',(0.,1.,-2.2E-16));
#3832 = ADVANCED_FACE('',(#3833),#3851,.T.);
#3833 = FACE_BOUND('',#3834,.T.);
#3834 = EDGE_LOOP('',(#3835,#3836,#3837,#3845));
#3835 = ORIENTED_EDGE('',*,*,#1072,.T.);
#3836 = ORIENTED_EDGE('',*,*,#3820,.T.);
#3837 = ORIENTED_EDGE('',*,*,#3838,.T.);
#3838 = EDGE_CURVE('',#3813,#3839,#3841,.T.);
#3839 = VERTEX_POINT('',#3840);
#3840 = CARTESIAN_POINT('',(38.96106535426,-1.,9.154681163662));
#3841 = B_SPLINE_CURVE_WITH_KNOTS('',2,(#3842,#3843,#3844),
  .UNSPECIFIED.,.F.,.F.,(3,3),(0.,1.),.PIECEWISE_BEZIER_KNOTS.);
#3842 = CARTESIAN_POINT('',(37.355900816689,-1.,9.995012700714));
#3843 = CARTESIAN_POINT('',(38.086814184854,-1.,9.423849859124));
#3844 = CARTESIAN_POINT('',(38.96106535426,-1.,9.154681163662));
#3845 = ORIENTED_EDGE('',*,*,#3846,.F.);
#3846 = EDGE_CURVE('',#1058,#3839,#3847,.T.);
#3847 = LINE('',#3848,#3849);
#3848 = CARTESIAN_POINT('',(38.96106535426,4.,9.154681163662));
#3849 = VECTOR('',#3850,1.);
#3850 = DIRECTION('',(0.,-1.,2.2E-16));
#3851 = SURFACE_OF_LINEAR_EXTRUSION('',#3852,#3856);
#3852 = B_SPLINE_CURVE_WITH_KNOTS('',2,(#3853,#3854,#3855),
  .UNSPECIFIED.,.F.,.F.,(3,3),(0.,1.),.PIECEWISE_BEZIER_KNOTS.);
#3853 = CARTESIAN_POINT('',(37.355900816689,4.,9.995012700714));
#3854 = CARTESIAN_POINT('',(38.086814184854,4.,9.423849859124));
#3855 = CARTESIAN_POINT('',(38.96106535426,4.,9.154681163662));
#3856 = VECTOR('',#3857,1.);
#3857 = DIRECTION('',(0.,1.,-2.2E-16));
#3858 = ADVANCED_FACE('',(#3859),#3877,.T.);
#3859 = FACE_BOUND('',#3860,.T.);
#3860 = EDGE_LOOP('',(#3861,#3862,#3863,#3871));
#3861 = ORIENTED_EDGE('',*,*,#1057,.T.);
#3862 = ORIENTED_EDGE('',*,*,#3846,.T.);
#3863 = ORIENTED_EDGE('',*,*,#3864,.T.);
#3864 = EDGE_CURVE('',#3839,#3865,#3867,.T.);
#3865 = VERTEX_POINT('',#3866);
#3866 = CARTESIAN_POINT('',(40.860017675293,-1.,8.85213992669));
#3867 = B_SPLINE_CURVE_WITH_KNOTS('',2,(#3868,#3869,#3870),
  .UNSPECIFIED.,.F.,.F.,(3,3),(0.,1.),.PIECEWISE_BEZIER_KNOTS.);
#3868 = CARTESIAN_POINT('',(38.96106535426,-1.,9.154681163662));
#3869 = CARTESIAN_POINT('',(39.868689065178,-1.,8.85213992669));
#3870 = CARTESIAN_POINT('',(40.860017675293,-1.,8.85213992669));
#3871 = ORIENTED_EDGE('',*,*,#3872,.F.);
#3872 = EDGE_CURVE('',#1036,#3865,#3873,.T.);
#3873 = LINE('',#3874,#3875);
#3874 = CARTESIAN_POINT('',(40.860017675293,4.,8.85213992669));
#3875 = VECTOR('',#3876,1.);
#3876 = DIRECTION('',(0.,-1.,2.2E-16));
#3877 = SURFACE_OF_LINEAR_EXTRUSION('',#3878,#3882);
#3878 = B_SPLINE_CURVE_WITH_KNOTS('',2,(#3879,#3880,#3881),
  .UNSPECIFIED.,.F.,.F.,(3,3),(0.,1.),.PIECEWISE_BEZIER_KNOTS.);
#3879 = CARTESIAN_POINT('',(38.96106535426,4.,9.154681163662));
#3880 = CARTESIAN_POINT('',(39.868689065178,4.,8.85213992669));
#3881 = CARTESIAN_POINT('',(40.860017675293,4.,8.85213992669));
#3882 = VECTOR('',#3883,1.);
#3883 = DIRECTION('',(0.,1.,-2.2E-16));
#3884 = ADVANCED_FACE('',(#3885),#3903,.T.);
#3885 = FACE_BOUND('',#3886,.T.);
#3886 = EDGE_LOOP('',(#3887,#3888,#3889,#3897));
#3887 = ORIENTED_EDGE('',*,*,#1035,.T.);
#3888 = ORIENTED_EDGE('',*,*,#3872,.T.);
#3889 = ORIENTED_EDGE('',*,*,#3890,.T.);
#3890 = EDGE_CURVE('',#3865,#3891,#3893,.T.);
#3891 = VERTEX_POINT('',#3892);
#3892 = CARTESIAN_POINT('',(43.733885881109,-1.,9.608766564543));
#3893 = B_SPLINE_CURVE_WITH_KNOTS('',2,(#3894,#3895,#3896),
  .UNSPECIFIED.,.F.,.F.,(3,3),(0.,1.),.PIECEWISE_BEZIER_KNOTS.);
#3894 = CARTESIAN_POINT('',(40.860017675293,-1.,8.85213992669));
#3895 = CARTESIAN_POINT('',(42.490348391709,-1.,8.85213992669));
#3896 = CARTESIAN_POINT('',(43.733885881109,-1.,9.608766564543));
#3897 = ORIENTED_EDGE('',*,*,#3898,.F.);
#3898 = EDGE_CURVE('',#1017,#3891,#3899,.T.);
#3899 = LINE('',#3900,#3901);
#3900 = CARTESIAN_POINT('',(43.733885881109,4.,9.608766564543));
#3901 = VECTOR('',#3902,1.);
#3902 = DIRECTION('',(0.,-1.,2.2E-16));
#3903 = SURFACE_OF_LINEAR_EXTRUSION('',#3904,#3908);
#3904 = B_SPLINE_CURVE_WITH_KNOTS('',2,(#3905,#3906,#3907),
  .UNSPECIFIED.,.F.,.F.,(3,3),(0.,1.),.PIECEWISE_BEZIER_KNOTS.);
#3905 = CARTESIAN_POINT('',(40.860017675293,4.,8.85213992669));
#3906 = CARTESIAN_POINT('',(42.490348391709,4.,8.85213992669));
#3907 = CARTESIAN_POINT('',(43.733885881109,4.,9.608766564543));
#3908 = VECTOR('',#3909,1.);
#3909 = DIRECTION('',(0.,1.,-2.2E-16));
#3910 = ADVANCED_FACE('',(#3911),#3929,.T.);
#3911 = FACE_BOUND('',#3912,.T.);
#3912 = EDGE_LOOP('',(#3913,#3914,#3915,#3923));
#3913 = ORIENTED_EDGE('',*,*,#1016,.T.);
#3914 = ORIENTED_EDGE('',*,*,#3898,.T.);
#3915 = ORIENTED_EDGE('',*,*,#3916,.T.);
#3916 = EDGE_CURVE('',#3891,#3917,#3919,.T.);
#3917 = VERTEX_POINT('',#3918);
#3918 = CARTESIAN_POINT('',(45.616425476809,-1.,11.692635590995));
#3919 = B_SPLINE_CURVE_WITH_KNOTS('',2,(#3920,#3921,#3922),
  .UNSPECIFIED.,.F.,.F.,(3,3),(0.,1.),.PIECEWISE_BEZIER_KNOTS.);
#3920 = CARTESIAN_POINT('',(43.733885881109,-1.,9.608766564543));
#3921 = CARTESIAN_POINT('',(44.961010645176,-1.,10.364846111552));
#3922 = CARTESIAN_POINT('',(45.616425476809,-1.,11.692635590995));
#3923 = ORIENTED_EDGE('',*,*,#3924,.F.);
#3924 = EDGE_CURVE('',#1006,#3917,#3925,.T.);
#3925 = LINE('',#3926,#3927);
#3926 = CARTESIAN_POINT('',(45.616425476809,4.,11.692635590995));
#3927 = VECTOR('',#3928,1.);
#3928 = DIRECTION('',(0.,-1.,2.2E-16));
#3929 = SURFACE_OF_LINEAR_EXTRUSION('',#3930,#3934);
#3930 = B_SPLINE_CURVE_WITH_KNOTS('',2,(#3931,#3932,#3933),
  .UNSPECIFIED.,.F.,.F.,(3,3),(0.,1.),.PIECEWISE_BEZIER_KNOTS.);
#3931 = CARTESIAN_POINT('',(43.733885881109,4.,9.608766564543));
#3932 = CARTESIAN_POINT('',(44.961010645176,4.,10.364846111552));
#3933 = CARTESIAN_POINT('',(45.616425476809,4.,11.692635590995));
#3934 = VECTOR('',#3935,1.);
#3935 = DIRECTION('',(0.,1.,-2.2E-16));
#3936 = ADVANCED_FACE('',(#3937),#3955,.T.);
#3937 = FACE_BOUND('',#3938,.T.);
#3938 = EDGE_LOOP('',(#3939,#3940,#3941,#3949));
#3939 = ORIENTED_EDGE('',*,*,#1005,.T.);
#3940 = ORIENTED_EDGE('',*,*,#3924,.T.);
#3941 = ORIENTED_EDGE('',*,*,#3942,.T.);
#3942 = EDGE_CURVE('',#3917,#3943,#3945,.T.);
#3943 = VERTEX_POINT('',#3944);
#3944 = CARTESIAN_POINT('',(45.885047081426,-1.,12.373216601472));
#3945 = B_SPLINE_CURVE_WITH_KNOTS('',2,(#3946,#3947,#3948),
  .UNSPECIFIED.,.F.,.F.,(3,3),(0.,1.),.PIECEWISE_BEZIER_KNOTS.);
#3946 = CARTESIAN_POINT('',(45.616425476809,-1.,11.692635590995));
#3947 = CARTESIAN_POINT('',(45.767422549873,-1.,12.012136644145));
#3948 = CARTESIAN_POINT('',(45.885047081426,-1.,12.373216601472));
#3949 = ORIENTED_EDGE('',*,*,#3950,.F.);
#3950 = EDGE_CURVE('',#996,#3943,#3951,.T.);
#3951 = LINE('',#3952,#3953);
#3952 = CARTESIAN_POINT('',(45.885047081426,4.,12.373216601472));
#3953 = VECTOR('',#3954,1.);
#3954 = DIRECTION('',(0.,-1.,2.2E-16));
#3955 = SURFACE_OF_LINEAR_EXTRUSION('',#3956,#3960);
#3956 = B_SPLINE_CURVE_WITH_KNOTS('',2,(#3957,#3958,#3959),
  .UNSPECIFIED.,.F.,.F.,(3,3),(0.,1.),.PIECEWISE_BEZIER_KNOTS.);
#3957 = CARTESIAN_POINT('',(45.616425476809,4.,11.692635590995));
#3958 = CARTESIAN_POINT('',(45.767422549873,4.,12.012136644145));
#3959 = CARTESIAN_POINT('',(45.885047081426,4.,12.373216601472));
#3960 = VECTOR('',#3961,1.);
#3961 = DIRECTION('',(0.,1.,-2.2E-16));
#3962 = ADVANCED_FACE('',(#3963),#3981,.T.);
#3963 = FACE_BOUND('',#3964,.T.);
#3964 = EDGE_LOOP('',(#3965,#3966,#3967,#3975));
#3965 = ORIENTED_EDGE('',*,*,#995,.T.);
#3966 = ORIENTED_EDGE('',*,*,#3950,.T.);
#3967 = ORIENTED_EDGE('',*,*,#3968,.T.);
#3968 = EDGE_CURVE('',#3943,#3969,#3971,.T.);
#3969 = VERTEX_POINT('',#3970);
#3970 = CARTESIAN_POINT('',(46.086923603023,-1.,13.121089785814));
#3971 = B_SPLINE_CURVE_WITH_KNOTS('',2,(#3972,#3973,#3974),
  .UNSPECIFIED.,.F.,.F.,(3,3),(0.,1.),.PIECEWISE_BEZIER_KNOTS.);
#3972 = CARTESIAN_POINT('',(45.885047081426,-1.,12.373216601472));
#3973 = CARTESIAN_POINT('',(46.003218703824,-1.,12.734843649643));
#3974 = CARTESIAN_POINT('',(46.086923603023,-1.,13.121089785814));
#3975 = ORIENTED_EDGE('',*,*,#3976,.F.);
#3976 = EDGE_CURVE('',#988,#3969,#3977,.T.);
#3977 = LINE('',#3978,#3979);
#3978 = CARTESIAN_POINT('',(46.086923603023,4.,13.121089785814));
#3979 = VECTOR('',#3980,1.);
#3980 = DIRECTION('',(0.,-1.,2.2E-16));
#3981 = SURFACE_OF_LINEAR_EXTRUSION('',#3982,#3986);
#3982 = B_SPLINE_CURVE_WITH_KNOTS('',2,(#3983,#3984,#3985),
  .UNSPECIFIED.,.F.,.F.,(3,3),(0.,1.),.PIECEWISE_BEZIER_KNOTS.);
#3983 = CARTESIAN_POINT('',(45.885047081426,4.,12.373216601472));
#3984 = CARTESIAN_POINT('',(46.003218703824,4.,12.734843649643));
#3985 = CARTESIAN_POINT('',(46.086923603023,4.,13.121089785814));
#3986 = VECTOR('',#3987,1.);
#3987 = DIRECTION('',(0.,1.,-2.2E-16));
#3988 = ADVANCED_FACE('',(#3989),#4007,.T.);
#3989 = FACE_BOUND('',#3990,.T.);
#3990 = EDGE_LOOP('',(#3991,#3992,#3993,#4001));
#3991 = ORIENTED_EDGE('',*,*,#987,.T.);
#3992 = ORIENTED_EDGE('',*,*,#3976,.T.);
#3993 = ORIENTED_EDGE('',*,*,#3994,.T.);
#3994 = EDGE_CURVE('',#3969,#3995,#3997,.T.);
#3995 = VERTEX_POINT('',#3996);
#3996 = CARTESIAN_POINT('',(50.12062439904,-1.,13.121089785814));
#3997 = LINE('',#3998,#3999);
#3998 = CARTESIAN_POINT('',(46.086923603023,-1.,13.121089785814));
#3999 = VECTOR('',#4000,1.);
#4000 = DIRECTION('',(1.,0.,0.));
#4001 = ORIENTED_EDGE('',*,*,#4002,.F.);
#4002 = EDGE_CURVE('',#973,#3995,#4003,.T.);
#4003 = LINE('',#4004,#4005);
#4004 = CARTESIAN_POINT('',(50.12062439904,4.,13.121089785814));
#4005 = VECTOR('',#4006,1.);
#4006 = DIRECTION('',(0.,-1.,2.2E-16));
#4007 = PLANE('',#4008);
#4008 = AXIS2_PLACEMENT_3D('',#4009,#4010,#4011);
#4009 = CARTESIAN_POINT('',(46.086923603023,4.,13.121089785814));
#4010 = DIRECTION('',(0.,2.2E-16,1.));
#4011 = DIRECTION('',(1.,0.,0.));
#4012 = ADVANCED_FACE('',(#4013),#4031,.T.);
#4013 = FACE_BOUND('',#4014,.T.);
#4014 = EDGE_LOOP('',(#4015,#4016,#4017,#4025));
#4015 = ORIENTED_EDGE('',*,*,#972,.T.);
#4016 = ORIENTED_EDGE('',*,*,#4002,.T.);
#4017 = ORIENTED_EDGE('',*,*,#4018,.T.);
#4018 = EDGE_CURVE('',#3995,#4019,#4021,.T.);
#4019 = VERTEX_POINT('',#4020);
#4020 = CARTESIAN_POINT('',(49.456456113896,-1.,10.465510826928));
#4021 = B_SPLINE_CURVE_WITH_KNOTS('',2,(#4022,#4023,#4024),
  .UNSPECIFIED.,.F.,.F.,(3,3),(0.,1.),.PIECEWISE_BEZIER_KNOTS.);
#4022 = CARTESIAN_POINT('',(50.12062439904,-1.,13.121089785814));
#4023 = CARTESIAN_POINT('',(49.986040051309,-1.,11.659263049484));
#4024 = CARTESIAN_POINT('',(49.456456113896,-1.,10.465510826928));
#4025 = ORIENTED_EDGE('',*,*,#4026,.F.);
#4026 = EDGE_CURVE('',#958,#4019,#4027,.T.);
#4027 = LINE('',#4028,#4029);
#4028 = CARTESIAN_POINT('',(49.456456113896,4.,10.465510826928));
#4029 = VECTOR('',#4030,1.);
#4030 = DIRECTION('',(0.,-1.,2.2E-16));
#4031 = SURFACE_OF_LINEAR_EXTRUSION('',#4032,#4036);
#4032 = B_SPLINE_CURVE_WITH_KNOTS('',2,(#4033,#4034,#4035),
  .UNSPECIFIED.,.F.,.F.,(3,3),(0.,1.),.PIECEWISE_BEZIER_KNOTS.);
#4033 = CARTESIAN_POINT('',(50.12062439904,4.,13.121089785814));
#4034 = CARTESIAN_POINT('',(49.986040051309,4.,11.659263049484));
#4035 = CARTESIAN_POINT('',(49.456456113896,4.,10.465510826928));
#4036 = VECTOR('',#4037,1.);
#4037 = DIRECTION('',(0.,1.,-2.2E-16));
#4038 = ADVANCED_FACE('',(#4039),#4057,.T.);
#4039 = FACE_BOUND('',#4040,.T.);
#4040 = EDGE_LOOP('',(#4041,#4042,#4043,#4051));
#4041 = ORIENTED_EDGE('',*,*,#957,.T.);
#4042 = ORIENTED_EDGE('',*,*,#4026,.T.);
#4043 = ORIENTED_EDGE('',*,*,#4044,.T.);
#4044 = EDGE_CURVE('',#4019,#4045,#4047,.T.);
#4045 = VERTEX_POINT('',#4046);
#4046 = CARTESIAN_POINT('',(48.104047546453,-1.,8.2809770851));
#4047 = B_SPLINE_CURVE_WITH_KNOTS('',2,(#4048,#4049,#4050),
  .UNSPECIFIED.,.F.,.F.,(3,3),(0.,1.),.PIECEWISE_BEZIER_KNOTS.);
#4048 = CARTESIAN_POINT('',(49.456456113896,-1.,10.465510826928));
#4049 = CARTESIAN_POINT('',(48.927419267328,-1.,9.272305695216));
#4050 = CARTESIAN_POINT('',(48.104047546453,-1.,8.2809770851));
#4051 = ORIENTED_EDGE('',*,*,#4052,.F.);
#4052 = EDGE_CURVE('',#939,#4045,#4053,.T.);
#4053 = LINE('',#4054,#4055);
#4054 = CARTESIAN_POINT('',(48.104047546453,4.,8.2809770851));
#4055 = VECTOR('',#4056,1.);
#4056 = DIRECTION('',(0.,-1.,2.2E-16));
#4057 = SURFACE_OF_LINEAR_EXTRUSION('',#4058,#4062);
#4058 = B_SPLINE_CURVE_WITH_KNOTS('',2,(#4059,#4060,#4061),
  .UNSPECIFIED.,.F.,.F.,(3,3),(0.,1.),.PIECEWISE_BEZIER_KNOTS.);
#4059 = CARTESIAN_POINT('',(49.456456113896,4.,10.465510826928));
#4060 = CARTESIAN_POINT('',(48.927419267328,4.,9.272305695216));
#4061 = CARTESIAN_POINT('',(48.104047546453,4.,8.2809770851));
#4062 = VECTOR('',#4063,1.);
#4063 = DIRECTION('',(0.,1.,-2.2E-16));
#4064 = ADVANCED_FACE('',(#4065),#4083,.T.);
#4065 = FACE_BOUND('',#4066,.T.);
#4066 = EDGE_LOOP('',(#4067,#4068,#4069,#4077));
#4067 = ORIENTED_EDGE('',*,*,#938,.T.);
#4068 = ORIENTED_EDGE('',*,*,#4052,.T.);
#4069 = ORIENTED_EDGE('',*,*,#4070,.T.);
#4070 = EDGE_CURVE('',#4045,#4071,#4073,.T.);
#4071 = VERTEX_POINT('',#4072);
#4072 = CARTESIAN_POINT('',(43.700513339598,-1.,5.390149063107));
#4073 = B_SPLINE_CURVE_WITH_KNOTS('',2,(#4074,#4075,#4076),
  .UNSPECIFIED.,.F.,.F.,(3,3),(0.,1.),.PIECEWISE_BEZIER_KNOTS.);
#4074 = CARTESIAN_POINT('',(48.104047546453,-1.,8.2809770851));
#4075 = CARTESIAN_POINT('',(46.372505023818,-1.,6.197108058648));
#4076 = CARTESIAN_POINT('',(43.700513339598,-1.,5.390149063107));
#4077 = ORIENTED_EDGE('',*,*,#4078,.F.);
#4078 = EDGE_CURVE('',#924,#4071,#4079,.T.);
#4079 = LINE('',#4080,#4081);
#4080 = CARTESIAN_POINT('',(43.700513339598,4.,5.390149063107));
#4081 = VECTOR('',#4082,1.);
#4082 = DIRECTION('',(0.,-1.,2.2E-16));
#4083 = SURFACE_OF_LINEAR_EXTRUSION('',#4084,#4088);
#4084 = B_SPLINE_CURVE_WITH_KNOTS('',2,(#4085,#4086,#4087),
  .UNSPECIFIED.,.F.,.F.,(3,3),(0.,1.),.PIECEWISE_BEZIER_KNOTS.);
#4085 = CARTESIAN_POINT('',(48.104047546453,4.,8.2809770851));
#4086 = CARTESIAN_POINT('',(46.372505023818,4.,6.197108058648));
#4087 = CARTESIAN_POINT('',(43.700513339598,4.,5.390149063107));
#4088 = VECTOR('',#4089,1.);
#4089 = DIRECTION('',(0.,1.,-2.2E-16));
#4090 = ADVANCED_FACE('',(#4091),#4109,.T.);
#4091 = FACE_BOUND('',#4092,.T.);
#4092 = EDGE_LOOP('',(#4093,#4094,#4095,#4103));
#4093 = ORIENTED_EDGE('',*,*,#923,.T.);
#4094 = ORIENTED_EDGE('',*,*,#4078,.T.);
#4095 = ORIENTED_EDGE('',*,*,#4096,.T.);
#4096 = EDGE_CURVE('',#4071,#4097,#4099,.T.);
#4097 = VERTEX_POINT('',#4098);
#4098 = CARTESIAN_POINT('',(40.893937307648,-1.,4.986943110759));
#4099 = B_SPLINE_CURVE_WITH_KNOTS('',2,(#4100,#4101,#4102),
  .UNSPECIFIED.,.F.,.F.,(3,3),(0.,1.),.PIECEWISE_BEZIER_KNOTS.);
#4100 = CARTESIAN_POINT('',(43.700513339598,-1.,5.390149063107));
#4101 = CARTESIAN_POINT('',(42.355764043978,-1.,4.986943110759));
#4102 = CARTESIAN_POINT('',(40.893937307648,-1.,4.986943110759));
#4103 = ORIENTED_EDGE('',*,*,#4104,.F.);
#4104 = EDGE_CURVE('',#909,#4097,#4105,.T.);
#4105 = LINE('',#4106,#4107);
#4106 = CARTESIAN_POINT('',(40.893937307648,4.,4.986943110759));
#4107 = VECTOR('',#4108,1.);
#4108 = DIRECTION('',(0.,-1.,2.2E-16));
#4109 = SURFACE_OF_LINEAR_EXTRUSION('',#4110,#4114);
#4110 = B_SPLINE_CURVE_WITH_KNOTS('',2,(#4111,#4112,#4113),
  .UNSPECIFIED.,.F.,.F.,(3,3),(0.,1.),.PIECEWISE_BEZIER_KNOTS.);
#4111 = CARTESIAN_POINT('',(43.700513339598,4.,5.390149063107));
#4112 = CARTESIAN_POINT('',(42.355764043978,4.,4.986943110759));
#4113 = CARTESIAN_POINT('',(40.893937307648,4.,4.986943110759));
#4114 = VECTOR('',#4115,1.);
#4115 = DIRECTION('',(0.,1.,-2.2E-16));
#4116 = ADVANCED_FACE('',(#4117),#4135,.T.);
#4117 = FACE_BOUND('',#4118,.T.);
#4118 = EDGE_LOOP('',(#4119,#4120,#4121,#4129));
#4119 = ORIENTED_EDGE('',*,*,#908,.T.);
#4120 = ORIENTED_EDGE('',*,*,#4104,.T.);
#4121 = ORIENTED_EDGE('',*,*,#4122,.T.);
#4122 = EDGE_CURVE('',#4097,#4123,#4125,.T.);
#4123 = VERTEX_POINT('',#4124);
#4124 = CARTESIAN_POINT('',(37.944023474456,-1.,5.440481420795));
#4125 = B_SPLINE_CURVE_WITH_KNOTS('',2,(#4126,#4127,#4128),
  .UNSPECIFIED.,.F.,.F.,(3,3),(0.,1.),.PIECEWISE_BEZIER_KNOTS.);
#4126 = CARTESIAN_POINT('',(40.893937307648,-1.,4.986943110759));
#4127 = CARTESIAN_POINT('',(39.431563480474,-1.,4.986943110759));
#4128 = CARTESIAN_POINT('',(37.944023474456,-1.,5.440481420795));
#4129 = ORIENTED_EDGE('',*,*,#4130,.F.);
#4130 = EDGE_CURVE('',#890,#4123,#4131,.T.);
#4131 = LINE('',#4132,#4133);
#4132 = CARTESIAN_POINT('',(37.944023474456,4.,5.440481420795));
#4133 = VECTOR('',#4134,1.);
#4134 = DIRECTION('',(0.,-1.,2.2E-16));
#4135 = SURFACE_OF_LINEAR_EXTRUSION('',#4136,#4140);
#4136 = B_SPLINE_CURVE_WITH_KNOTS('',2,(#4137,#4138,#4139),
  .UNSPECIFIED.,.F.,.F.,(3,3),(0.,1.),.PIECEWISE_BEZIER_KNOTS.);
#4137 = CARTESIAN_POINT('',(40.893937307648,4.,4.986943110759));
#4138 = CARTESIAN_POINT('',(39.431563480474,4.,4.986943110759));
#4139 = CARTESIAN_POINT('',(37.944023474456,4.,5.440481420795));
#4140 = VECTOR('',#4141,1.);
#4141 = DIRECTION('',(0.,1.,-2.2E-16));
#4142 = ADVANCED_FACE('',(#4143),#4161,.T.);
#4143 = FACE_BOUND('',#4144,.T.);
#4144 = EDGE_LOOP('',(#4145,#4146,#4147,#4155));
#4145 = ORIENTED_EDGE('',*,*,#889,.T.);
#4146 = ORIENTED_EDGE('',*,*,#4130,.T.);
#4147 = ORIENTED_EDGE('',*,*,#4148,.T.);
#4148 = EDGE_CURVE('',#4123,#4149,#4151,.T.);
#4149 = VERTEX_POINT('',#4150);
#4150 = CARTESIAN_POINT('',(35.061948905974,-1.,6.936227789479));
#4151 = B_SPLINE_CURVE_WITH_KNOTS('',2,(#4152,#4153,#4154),
  .UNSPECIFIED.,.F.,.F.,(3,3),(0.,1.),.PIECEWISE_BEZIER_KNOTS.);
#4152 = CARTESIAN_POINT('',(37.944023474456,-1.,5.440481420795));
#4153 = CARTESIAN_POINT('',(36.457030559283,-1.,5.894566821676));
#4154 = CARTESIAN_POINT('',(35.061948905974,-1.,6.936227789479));
#4155 = ORIENTED_EDGE('',*,*,#4156,.F.);
#4156 = EDGE_CURVE('',#871,#4149,#4157,.T.);
#4157 = LINE('',#4158,#4159);
#4158 = CARTESIAN_POINT('',(35.061948905974,4.,6.936227789479));
#4159 = VECTOR('',#4160,1.);
#4160 = DIRECTION('',(0.,-1.,2.2E-16));
#4161 = SURFACE_OF_LINEAR_EXTRUSION('',#4162,#4166);
#4162 = B_SPLINE_CURVE_WITH_KNOTS('',2,(#4163,#4164,#4165),
  .UNSPECIFIED.,.F.,.F.,(3,3),(0.,1.),.PIECEWISE_BEZIER_KNOTS.);
#4163 = CARTESIAN_POINT('',(37.944023474456,4.,5.440481420795));
#4164 = CARTESIAN_POINT('',(36.457030559283,4.,5.894566821676));
#4165 = CARTESIAN_POINT('',(35.061948905974,4.,6.936227789479));
#4166 = VECTOR('',#4167,1.);
#4167 = DIRECTION('',(0.,1.,-2.2E-16));
#4168 = ADVANCED_FACE('',(#4169),#4187,.T.);
#4169 = FACE_BOUND('',#4170,.T.);
#4170 = EDGE_LOOP('',(#4171,#4172,#4173,#4181));
#4171 = ORIENTED_EDGE('',*,*,#870,.T.);
#4172 = ORIENTED_EDGE('',*,*,#4156,.T.);
#4173 = ORIENTED_EDGE('',*,*,#4174,.T.);
#4174 = EDGE_CURVE('',#4149,#4175,#4177,.T.);
#4175 = VERTEX_POINT('',#4176);
#4176 = CARTESIAN_POINT('',(32.944160247167,-1.,9.146474800996));
#4177 = B_SPLINE_CURVE_WITH_KNOTS('',2,(#4178,#4179,#4180),
  .UNSPECIFIED.,.F.,.F.,(3,3),(0.,1.),.PIECEWISE_BEZIER_KNOTS.);
#4178 = CARTESIAN_POINT('',(35.061948905974,-1.,6.936227789479));
#4179 = CARTESIAN_POINT('',(33.834824141907,-1.,7.843851500397));
#4180 = CARTESIAN_POINT('',(32.944160247167,-1.,9.146474800996));
#4181 = ORIENTED_EDGE('',*,*,#4182,.F.);
#4182 = EDGE_CURVE('',#856,#4175,#4183,.T.);
#4183 = LINE('',#4184,#4185);
#4184 = CARTESIAN_POINT('',(32.944160247167,4.,9.146474800996));
#4185 = VECTOR('',#4186,1.);
#4186 = DIRECTION('',(0.,-1.,2.2E-16));
#4187 = SURFACE_OF_LINEAR_EXTRUSION('',#4188,#4192);
#4188 = B_SPLINE_CURVE_WITH_KNOTS('',2,(#4189,#4190,#4191),
  .UNSPECIFIED.,.F.,.F.,(3,3),(0.,1.),.PIECEWISE_BEZIER_KNOTS.);
#4189 = CARTESIAN_POINT('',(35.061948905974,4.,6.936227789479));
#4190 = CARTESIAN_POINT('',(33.834824141907,4.,7.843851500397));
#4191 = CARTESIAN_POINT('',(32.944160247167,4.,9.146474800996));
#4192 = VECTOR('',#4193,1.);
#4193 = DIRECTION('',(0.,1.,-2.2E-16));
#4194 = ADVANCED_FACE('',(#4195),#4213,.T.);
#4195 = FACE_BOUND('',#4196,.T.);
#4196 = EDGE_LOOP('',(#4197,#4198,#4199,#4207));
#4197 = ORIENTED_EDGE('',*,*,#855,.T.);
#4198 = ORIENTED_EDGE('',*,*,#4182,.T.);
#4199 = ORIENTED_EDGE('',*,*,#4200,.T.);
#4200 = EDGE_CURVE('',#4175,#4201,#4203,.T.);
#4201 = VERTEX_POINT('',#4202);
#4202 = CARTESIAN_POINT('',(31.599410951547,-1.,11.927884654102));
#4203 = B_SPLINE_CURVE_WITH_KNOTS('',2,(#4204,#4205,#4206),
  .UNSPECIFIED.,.F.,.F.,(3,3),(0.,1.),.PIECEWISE_BEZIER_KNOTS.);
#4204 = CARTESIAN_POINT('',(32.944160247167,-1.,9.146474800996));
#4205 = CARTESIAN_POINT('',(32.053496352428,-1.,10.449098101595));
#4206 = CARTESIAN_POINT('',(31.599410951547,-1.,11.927884654102));
#4207 = ORIENTED_EDGE('',*,*,#4208,.F.);
#4208 = EDGE_CURVE('',#845,#4201,#4209,.T.);
#4209 = LINE('',#4210,#4211);
#4210 = CARTESIAN_POINT('',(31.599410951547,4.,11.927884654102));
#4211 = VECTOR('',#4212,1.);
#4212 = DIRECTION('',(0.,-1.,2.2E-16));
#4213 = SURFACE_OF_LINEAR_EXTRUSION('',#4214,#4218);
#4214 = B_SPLINE_CURVE_WITH_KNOTS('',2,(#4215,#4216,#4217),
  .UNSPECIFIED.,.F.,.F.,(3,3),(0.,1.),.PIECEWISE_BEZIER_KNOTS.);
#4215 = CARTESIAN_POINT('',(32.944160247167,4.,9.146474800996));
#4216 = CARTESIAN_POINT('',(32.053496352428,4.,10.449098101595));
#4217 = CARTESIAN_POINT('',(31.599410951547,4.,11.927884654102));
#4218 = VECTOR('',#4219,1.);
#4219 = DIRECTION('',(0.,1.,-2.2E-16));
#4220 = ADVANCED_FACE('',(#4221),#4239,.T.);
#4221 = FACE_BOUND('',#4222,.T.);
#4222 = EDGE_LOOP('',(#4223,#4224,#4225,#4233));
#4223 = ORIENTED_EDGE('',*,*,#844,.T.);
#4224 = ORIENTED_EDGE('',*,*,#4208,.T.);
#4225 = ORIENTED_EDGE('',*,*,#4226,.T.);
#4226 = EDGE_CURVE('',#4201,#4227,#4229,.T.);
#4227 = VERTEX_POINT('',#4228);
#4228 = CARTESIAN_POINT('',(31.23833099422,-1.,13.490923196652));
#4229 = B_SPLINE_CURVE_WITH_KNOTS('',2,(#4230,#4231,#4232),
  .UNSPECIFIED.,.F.,.F.,(3,3),(0.,1.),.PIECEWISE_BEZIER_KNOTS.);
#4230 = CARTESIAN_POINT('',(31.599410951547,-1.,11.927884654102));
#4231 = CARTESIAN_POINT('',(31.36416188844,-1.,12.684511291955));
#4232 = CARTESIAN_POINT('',(31.23833099422,-1.,13.490923196652));
#4233 = ORIENTED_EDGE('',*,*,#4234,.F.);
#4234 = EDGE_CURVE('',#834,#4227,#4235,.T.);
#4235 = LINE('',#4236,#4237);
#4236 = CARTESIAN_POINT('',(31.23833099422,4.,13.490923196652));
#4237 = VECTOR('',#4238,1.);
#4238 = DIRECTION('',(0.,-1.,2.2E-16));
#4239 = SURFACE_OF_LINEAR_EXTRUSION('',#4240,#4244);
#4240 = B_SPLINE_CURVE_WITH_KNOTS('',2,(#4241,#4242,#4243),
  .UNSPECIFIED.,.F.,.F.,(3,3),(0.,1.),.PIECEWISE_BEZIER_KNOTS.);
#4241 = CARTESIAN_POINT('',(31.599410951547,4.,11.927884654102));
#4242 = CARTESIAN_POINT('',(31.36416188844,4.,12.684511291955));
#4243 = CARTESIAN_POINT('',(31.23833099422,4.,13.490923196652));
#4244 = VECTOR('',#4245,1.);
#4245 = DIRECTION('',(0.,1.,-2.2E-16));
#4246 = ADVANCED_FACE('',(#4247),#4265,.T.);
#4247 = FACE_BOUND('',#4248,.T.);
#4248 = EDGE_LOOP('',(#4249,#4250,#4251,#4259));
#4249 = ORIENTED_EDGE('',*,*,#833,.T.);
#4250 = ORIENTED_EDGE('',*,*,#4234,.T.);
#4251 = ORIENTED_EDGE('',*,*,#4252,.T.);
#4252 = EDGE_CURVE('',#4227,#4253,#4255,.T.);
#4253 = VERTEX_POINT('',#4254);
#4254 = CARTESIAN_POINT('',(31.1125001,-1.,15.154626454578));
#4255 = B_SPLINE_CURVE_WITH_KNOTS('',2,(#4256,#4257,#4258),
  .UNSPECIFIED.,.F.,.F.,(3,3),(0.,1.),.PIECEWISE_BEZIER_KNOTS.);
#4256 = CARTESIAN_POINT('',(31.23833099422,-1.,13.490923196652));
#4257 = CARTESIAN_POINT('',(31.1125001,-1.,14.297882192193));
#4258 = CARTESIAN_POINT('',(31.1125001,-1.,15.154626454578));
#4259 = ORIENTED_EDGE('',*,*,#4260,.F.);
#4260 = EDGE_CURVE('',#815,#4253,#4261,.T.);
#4261 = LINE('',#4262,#4263);
#4262 = CARTESIAN_POINT('',(31.1125001,4.,15.154626454578));
#4263 = VECTOR('',#4264,1.);
#4264 = DIRECTION('',(0.,-1.,2.2E-16));
#4265 = SURFACE_OF_LINEAR_EXTRUSION('',#4266,#4270);
#4266 = B_SPLINE_CURVE_WITH_KNOTS('',2,(#4267,#4268,#4269),
  .UNSPECIFIED.,.F.,.F.,(3,3),(0.,1.),.PIECEWISE_BEZIER_KNOTS.);
#4267 = CARTESIAN_POINT('',(31.23833099422,4.,13.490923196652));
#4268 = CARTESIAN_POINT('',(31.1125001,4.,14.297882192193));
#4269 = CARTESIAN_POINT('',(31.1125001,4.,15.154626454578));
#4270 = VECTOR('',#4271,1.);
#4271 = DIRECTION('',(0.,1.,-2.2E-16));
#4272 = ADVANCED_FACE('',(#4273),#4291,.T.);
#4273 = FACE_BOUND('',#4274,.T.);
#4274 = EDGE_LOOP('',(#4275,#4276,#4277,#4285));
#4275 = ORIENTED_EDGE('',*,*,#814,.T.);
#4276 = ORIENTED_EDGE('',*,*,#4260,.T.);
#4277 = ORIENTED_EDGE('',*,*,#4278,.T.);
#4278 = EDGE_CURVE('',#4253,#4279,#4281,.T.);
#4279 = VERTEX_POINT('',#4280);
#4280 = CARTESIAN_POINT('',(31.608164405058,-1.,18.423494250075));
#4281 = B_SPLINE_CURVE_WITH_KNOTS('',2,(#4282,#4283,#4284),
  .UNSPECIFIED.,.F.,.F.,(3,3),(0.,1.),.PIECEWISE_BEZIER_KNOTS.);
#4282 = CARTESIAN_POINT('',(31.1125001,-1.,15.154626454578));
#4283 = CARTESIAN_POINT('',(31.1125001,-1.,16.902581702547));
#4284 = CARTESIAN_POINT('',(31.608164405058,-1.,18.423494250075));
#4285 = ORIENTED_EDGE('',*,*,#4286,.F.);
#4286 = EDGE_CURVE('',#800,#4279,#4287,.T.);
#4287 = LINE('',#4288,#4289);
#4288 = CARTESIAN_POINT('',(31.608164405058,4.,18.423494250075));
#4289 = VECTOR('',#4290,1.);
#4290 = DIRECTION('',(0.,-1.,2.2E-16));
#4291 = SURFACE_OF_LINEAR_EXTRUSION('',#4292,#4296);
#4292 = B_SPLINE_CURVE_WITH_KNOTS('',2,(#4293,#4294,#4295),
  .UNSPECIFIED.,.F.,.F.,(3,3),(0.,1.),.PIECEWISE_BEZIER_KNOTS.);
#4293 = CARTESIAN_POINT('',(31.1125001,4.,15.154626454578));
#4294 = CARTESIAN_POINT('',(31.1125001,4.,16.902581702547));
#4295 = CARTESIAN_POINT('',(31.608164405058,4.,18.423494250075));
#4296 = VECTOR('',#4297,1.);
#4297 = DIRECTION('',(0.,1.,-2.2E-16));
#4298 = ADVANCED_FACE('',(#4299),#4317,.T.);
#4299 = FACE_BOUND('',#4300,.T.);
#4300 = EDGE_LOOP('',(#4301,#4302,#4303,#4311));
#4301 = ORIENTED_EDGE('',*,*,#799,.T.);
#4302 = ORIENTED_EDGE('',*,*,#4286,.T.);
#4303 = ORIENTED_EDGE('',*,*,#4304,.T.);
#4304 = EDGE_CURVE('',#4279,#4305,#4307,.T.);
#4305 = VERTEX_POINT('',#4306);
#4306 = CARTESIAN_POINT('',(32.961120063345,-1.,21.188491377848));
#4307 = B_SPLINE_CURVE_WITH_KNOTS('',2,(#4308,#4309,#4310),
  .UNSPECIFIED.,.F.,.F.,(3,3),(0.,1.),.PIECEWISE_BEZIER_KNOTS.);
#4308 = CARTESIAN_POINT('',(31.608164405058,-1.,18.423494250075));
#4309 = CARTESIAN_POINT('',(32.103828710116,-1.,19.944953888448));
#4310 = CARTESIAN_POINT('',(32.961120063345,-1.,21.188491377848));
#4311 = ORIENTED_EDGE('',*,*,#4312,.F.);
#4312 = EDGE_CURVE('',#781,#4305,#4313,.T.);
#4313 = LINE('',#4314,#4315);
#4314 = CARTESIAN_POINT('',(32.961120063345,4.,21.188491377848));
#4315 = VECTOR('',#4316,1.);
#4316 = DIRECTION('',(0.,-1.,2.2E-16));
#4317 = SURFACE_OF_LINEAR_EXTRUSION('',#4318,#4322);
#4318 = B_SPLINE_CURVE_WITH_KNOTS('',2,(#4319,#4320,#4321),
  .UNSPECIFIED.,.F.,.F.,(3,3),(0.,1.),.PIECEWISE_BEZIER_KNOTS.);
#4319 = CARTESIAN_POINT('',(31.608164405058,4.,18.423494250075));
#4320 = CARTESIAN_POINT('',(32.103828710116,4.,19.944953888448));
#4321 = CARTESIAN_POINT('',(32.961120063345,4.,21.188491377848));
#4322 = VECTOR('',#4323,1.);
#4323 = DIRECTION('',(0.,1.,-2.2E-16));
#4324 = ADVANCED_FACE('',(#4325),#4343,.T.);
#4325 = FACE_BOUND('',#4326,.T.);
#4326 = EDGE_LOOP('',(#4327,#4328,#4329,#4337));
#4327 = ORIENTED_EDGE('',*,*,#780,.T.);
#4328 = ORIENTED_EDGE('',*,*,#4312,.T.);
#4329 = ORIENTED_EDGE('',*,*,#4330,.T.);
#4330 = EDGE_CURVE('',#4305,#4331,#4333,.T.);
#4331 = VERTEX_POINT('',#4332);
#4332 = CARTESIAN_POINT('',(35.195986162861,-1.,23.465483472386));
#4333 = B_SPLINE_CURVE_WITH_KNOTS('',2,(#4334,#4335,#4336),
  .UNSPECIFIED.,.F.,.F.,(3,3),(0.,1.),.PIECEWISE_BEZIER_KNOTS.);
#4334 = CARTESIAN_POINT('',(32.961120063345,-1.,21.188491377848));
#4335 = CARTESIAN_POINT('',(33.91907613195,-1.,22.549653398802));
#4336 = CARTESIAN_POINT('',(35.195986162861,-1.,23.465483472386));
#4337 = ORIENTED_EDGE('',*,*,#4338,.F.);
#4338 = EDGE_CURVE('',#766,#4331,#4339,.T.);
#4339 = LINE('',#4340,#4341);
#4340 = CARTESIAN_POINT('',(35.195986162861,4.,23.465483472386));
#4341 = VECTOR('',#4342,1.);
#4342 = DIRECTION('',(0.,-1.,2.2E-16));
#4343 = SURFACE_OF_LINEAR_EXTRUSION('',#4344,#4348);
#4344 = B_SPLINE_CURVE_WITH_KNOTS('',2,(#4345,#4346,#4347),
  .UNSPECIFIED.,.F.,.F.,(3,3),(0.,1.),.PIECEWISE_BEZIER_KNOTS.);
#4345 = CARTESIAN_POINT('',(32.961120063345,4.,21.188491377848));
#4346 = CARTESIAN_POINT('',(33.91907613195,4.,22.549653398802));
#4347 = CARTESIAN_POINT('',(35.195986162861,4.,23.465483472386));
#4348 = VECTOR('',#4349,1.);
#4349 = DIRECTION('',(0.,1.,-2.2E-16));
#4350 = ADVANCED_FACE('',(#4351),#4369,.T.);
#4351 = FACE_BOUND('',#4352,.T.);
#4352 = EDGE_LOOP('',(#4353,#4354,#4355,#4363));
#4353 = ORIENTED_EDGE('',*,*,#765,.T.);
#4354 = ORIENTED_EDGE('',*,*,#4338,.T.);
#4355 = ORIENTED_EDGE('',*,*,#4356,.T.);
#4356 = EDGE_CURVE('',#4331,#4357,#4359,.T.);
#4357 = VERTEX_POINT('',#4358);
#4358 = CARTESIAN_POINT('',(37.750900406371,-1.,24.818439130673));
#4359 = B_SPLINE_CURVE_WITH_KNOTS('',2,(#4360,#4361,#4362),
  .UNSPECIFIED.,.F.,.F.,(3,3),(0.,1.),.PIECEWISE_BEZIER_KNOTS.);
#4360 = CARTESIAN_POINT('',(35.195986162861,-1.,23.465483472386));
#4361 = CARTESIAN_POINT('',(36.473443284616,-1.,24.381860636814));
#4362 = CARTESIAN_POINT('',(37.750900406371,-1.,24.818439130673));
#4363 = ORIENTED_EDGE('',*,*,#4364,.F.);
#4364 = EDGE_CURVE('',#755,#4357,#4365,.T.);
#4365 = LINE('',#4366,#4367);
#4366 = CARTESIAN_POINT('',(37.750900406371,4.,24.818439130673));
#4367 = VECTOR('',#4368,1.);
#4368 = DIRECTION('',(0.,-1.,2.2E-16));
#4369 = SURFACE_OF_LINEAR_EXTRUSION('',#4370,#4374);
#4370 = B_SPLINE_CURVE_WITH_KNOTS('',2,(#4371,#4372,#4373),
  .UNSPECIFIED.,.F.,.F.,(3,3),(0.,1.),.PIECEWISE_BEZIER_KNOTS.);
#4371 = CARTESIAN_POINT('',(35.195986162861,4.,23.465483472386));
#4372 = CARTESIAN_POINT('',(36.473443284616,4.,24.381860636814));
#4373 = CARTESIAN_POINT('',(37.750900406371,4.,24.818439130673));
#4374 = VECTOR('',#4375,1.);
#4375 = DIRECTION('',(0.,1.,-2.2E-16));
#4376 = ADVANCED_FACE('',(#4377),#4395,.T.);
#4377 = FACE_BOUND('',#4378,.T.);
#4378 = EDGE_LOOP('',(#4379,#4380,#4381,#4389));
#4379 = ORIENTED_EDGE('',*,*,#754,.T.);
#4380 = ORIENTED_EDGE('',*,*,#4364,.T.);
#4381 = ORIENTED_EDGE('',*,*,#4382,.T.);
#4382 = EDGE_CURVE('',#4357,#4383,#4385,.T.);
#4383 = VERTEX_POINT('',#4384);
#4384 = CARTESIAN_POINT('',(39.280019316566,-1.,25.188272541511));
#4385 = B_SPLINE_CURVE_WITH_KNOTS('',2,(#4386,#4387,#4388),
  .UNSPECIFIED.,.F.,.F.,(3,3),(0.,1.),.PIECEWISE_BEZIER_KNOTS.);
#4386 = CARTESIAN_POINT('',(37.750900406371,-1.,24.818439130673));
#4387 = CARTESIAN_POINT('',(38.490567228047,-1.,25.05368819378));
#4388 = CARTESIAN_POINT('',(39.280019316566,-1.,25.188272541511));
#4389 = ORIENTED_EDGE('',*,*,#4390,.F.);
#4390 = EDGE_CURVE('',#744,#4383,#4391,.T.);
#4391 = LINE('',#4392,#4393);
#4392 = CARTESIAN_POINT('',(39.280019316566,4.,25.188272541511));
#4393 = VECTOR('',#4394,1.);
#4394 = DIRECTION('',(0.,-1.,2.2E-16));
#4395 = SURFACE_OF_LINEAR_EXTRUSION('',#4396,#4400);
#4396 = B_SPLINE_CURVE_WITH_KNOTS('',2,(#4397,#4398,#4399),
  .UNSPECIFIED.,.F.,.F.,(3,3),(0.,1.),.PIECEWISE_BEZIER_KNOTS.);
#4397 = CARTESIAN_POINT('',(37.750900406371,4.,24.818439130673));
#4398 = CARTESIAN_POINT('',(38.490567228047,4.,25.05368819378));
#4399 = CARTESIAN_POINT('',(39.280019316566,4.,25.188272541511));
#4400 = VECTOR('',#4401,1.);
#4401 = DIRECTION('',(0.,1.,-2.2E-16));
#4402 = ADVANCED_FACE('',(#4403),#4421,.T.);
#4403 = FACE_BOUND('',#4404,.T.);
#4404 = EDGE_LOOP('',(#4405,#4406,#4407,#4415));
#4405 = ORIENTED_EDGE('',*,*,#743,.T.);
#4406 = ORIENTED_EDGE('',*,*,#4390,.T.);
#4407 = ORIENTED_EDGE('',*,*,#4408,.T.);
#4408 = EDGE_CURVE('',#4383,#4409,#4411,.T.);
#4409 = VERTEX_POINT('',#4410);
#4410 = CARTESIAN_POINT('',(40.893937307648,-1.,25.322856889241));
#4411 = B_SPLINE_CURVE_WITH_KNOTS('',2,(#4412,#4413,#4414),
  .UNSPECIFIED.,.F.,.F.,(3,3),(0.,1.),.PIECEWISE_BEZIER_KNOTS.);
#4412 = CARTESIAN_POINT('',(39.280019316566,-1.,25.188272541511));
#4413 = CARTESIAN_POINT('',(40.07001849593,-1.,25.322856889241));
#4414 = CARTESIAN_POINT('',(40.893937307648,-1.,25.322856889241));
#4415 = ORIENTED_EDGE('',*,*,#4416,.F.);
#4416 = EDGE_CURVE('',#725,#4409,#4417,.T.);
#4417 = LINE('',#4418,#4419);
#4418 = CARTESIAN_POINT('',(40.893937307648,4.,25.322856889241));
#4419 = VECTOR('',#4420,1.);
#4420 = DIRECTION('',(0.,-1.,2.2E-16));
#4421 = SURFACE_OF_LINEAR_EXTRUSION('',#4422,#4426);
#4422 = B_SPLINE_CURVE_WITH_KNOTS('',2,(#4423,#4424,#4425),
  .UNSPECIFIED.,.F.,.F.,(3,3),(0.,1.),.PIECEWISE_BEZIER_KNOTS.);
#4423 = CARTESIAN_POINT('',(39.280019316566,4.,25.188272541511));
#4424 = CARTESIAN_POINT('',(40.07001849593,4.,25.322856889241));
#4425 = CARTESIAN_POINT('',(40.893937307648,4.,25.322856889241));
#4426 = VECTOR('',#4427,1.);
#4427 = DIRECTION('',(0.,1.,-2.2E-16));
#4428 = ADVANCED_FACE('',(#4429),#4447,.T.);
#4429 = FACE_BOUND('',#4430,.T.);
#4430 = EDGE_LOOP('',(#4431,#4432,#4433,#4441));
#4431 = ORIENTED_EDGE('',*,*,#724,.T.);
#4432 = ORIENTED_EDGE('',*,*,#4416,.T.);
#4433 = ORIENTED_EDGE('',*,*,#4434,.T.);
#4434 = EDGE_CURVE('',#4409,#4435,#4437,.T.);
#4435 = VERTEX_POINT('',#4436);
#4436 = CARTESIAN_POINT('',(46.137255960711,-1.,23.793190888202));
#4437 = B_SPLINE_CURVE_WITH_KNOTS('',2,(#4438,#4439,#4440),
  .UNSPECIFIED.,.F.,.F.,(3,3),(0.,1.),.PIECEWISE_BEZIER_KNOTS.);
#4438 = CARTESIAN_POINT('',(40.893937307648,-1.,25.322856889241));
#4439 = CARTESIAN_POINT('',(43.784218238797,-1.,25.322856889241));
#4440 = CARTESIAN_POINT('',(46.137255960711,-1.,23.793190888202));
#4441 = ORIENTED_EDGE('',*,*,#4442,.F.);
#4442 = EDGE_CURVE('',#710,#4435,#4443,.T.);
#4443 = LINE('',#4444,#4445);
#4444 = CARTESIAN_POINT('',(46.137255960711,4.,23.793190888202));
#4445 = VECTOR('',#4446,1.);
#4446 = DIRECTION('',(0.,-1.,2.2E-16));
#4447 = SURFACE_OF_LINEAR_EXTRUSION('',#4448,#4452);
#4448 = B_SPLINE_CURVE_WITH_KNOTS('',2,(#4449,#4450,#4451),
  .UNSPECIFIED.,.F.,.F.,(3,3),(0.,1.),.PIECEWISE_BEZIER_KNOTS.);
#4449 = CARTESIAN_POINT('',(40.893937307648,4.,25.322856889241));
#4450 = CARTESIAN_POINT('',(43.784218238797,4.,25.322856889241));
#4451 = CARTESIAN_POINT('',(46.137255960711,4.,23.793190888202));
#4452 = VECTOR('',#4453,1.);
#4453 = DIRECTION('',(0.,1.,-2.2E-16));
#4454 = ADVANCED_FACE('',(#4455),#4473,.T.);
#4455 = FACE_BOUND('',#4456,.T.);
#4456 = EDGE_LOOP('',(#4457,#4458,#4459,#4467));
#4457 = ORIENTED_EDGE('',*,*,#709,.T.);
#4458 = ORIENTED_EDGE('',*,*,#4442,.T.);
#4459 = ORIENTED_EDGE('',*,*,#4460,.T.);
#4460 = EDGE_CURVE('',#4435,#4461,#4463,.T.);
#4461 = VERTEX_POINT('',#4462);
#4462 = CARTESIAN_POINT('',(48.120460271787,-1.,22.020069461389));
#4463 = B_SPLINE_CURVE_WITH_KNOTS('',2,(#4464,#4465,#4466),
  .UNSPECIFIED.,.F.,.F.,(3,3),(0.,1.),.PIECEWISE_BEZIER_KNOTS.);
#4464 = CARTESIAN_POINT('',(46.137255960711,-1.,23.793190888202));
#4465 = CARTESIAN_POINT('',(47.263716009402,-1.,23.054071157371));
#4466 = CARTESIAN_POINT('',(48.120460271787,-1.,22.020069461389));
#4467 = ORIENTED_EDGE('',*,*,#4468,.F.);
#4468 = EDGE_CURVE('',#695,#4461,#4469,.T.);
#4469 = LINE('',#4470,#4471);
#4470 = CARTESIAN_POINT('',(48.120460271787,4.,22.020069461389));
#4471 = VECTOR('',#4472,1.);
#4472 = DIRECTION('',(0.,-1.,2.2E-16));
#4473 = SURFACE_OF_LINEAR_EXTRUSION('',#4474,#4478);
#4474 = B_SPLINE_CURVE_WITH_KNOTS('',2,(#4475,#4476,#4477),
  .UNSPECIFIED.,.F.,.F.,(3,3),(0.,1.),.PIECEWISE_BEZIER_KNOTS.);
#4475 = CARTESIAN_POINT('',(46.137255960711,4.,23.793190888202));
#4476 = CARTESIAN_POINT('',(47.263716009402,4.,23.054071157371));
#4477 = CARTESIAN_POINT('',(48.120460271787,4.,22.020069461389));
#4478 = VECTOR('',#4479,1.);
#4479 = DIRECTION('',(0.,1.,-2.2E-16));
#4480 = ADVANCED_FACE('',(#4481),#4499,.T.);
#4481 = FACE_BOUND('',#4482,.T.);
#4482 = EDGE_LOOP('',(#4483,#4484,#4485,#4493));
#4483 = ORIENTED_EDGE('',*,*,#694,.T.);
#4484 = ORIENTED_EDGE('',*,*,#4468,.T.);
#4485 = ORIENTED_EDGE('',*,*,#4486,.T.);
#4486 = EDGE_CURVE('',#4461,#4487,#4489,.T.);
#4487 = VERTEX_POINT('',#4488);
#4488 = CARTESIAN_POINT('',(49.482169383585,-1.,19.810369540717));
#4489 = B_SPLINE_CURVE_WITH_KNOTS('',2,(#4490,#4491,#4492),
  .UNSPECIFIED.,.F.,.F.,(3,3),(0.,1.),.PIECEWISE_BEZIER_KNOTS.);
#4490 = CARTESIAN_POINT('',(48.120460271787,-1.,22.020069461389));
#4491 = CARTESIAN_POINT('',(48.977751625016,-1.,20.986614856252));
#4492 = CARTESIAN_POINT('',(49.482169383585,-1.,19.810369540717));
#4493 = ORIENTED_EDGE('',*,*,#4494,.F.);
#4494 = EDGE_CURVE('',#680,#4487,#4495,.T.);
#4495 = LINE('',#4496,#4497);
#4496 = CARTESIAN_POINT('',(49.482169383585,4.,19.810369540717));
#4497 = VECTOR('',#4498,1.);
#4498 = DIRECTION('',(0.,-1.,2.2E-16));
#4499 = SURFACE_OF_LINEAR_EXTRUSION('',#4500,#4504);
#4500 = B_SPLINE_CURVE_WITH_KNOTS('',2,(#4501,#4502,#4503),
  .UNSPECIFIED.,.F.,.F.,(3,3),(0.,1.),.PIECEWISE_BEZIER_KNOTS.);
#4501 = CARTESIAN_POINT('',(48.120460271787,4.,22.020069461389));
#4502 = CARTESIAN_POINT('',(48.977751625016,4.,20.986614856252));
#4503 = CARTESIAN_POINT('',(49.482169383585,4.,19.810369540717));
#4504 = VECTOR('',#4505,1.);
#4505 = DIRECTION('',(0.,1.,-2.2E-16));
#4506 = ADVANCED_FACE('',(#4507),#4525,.T.);
#4507 = FACE_BOUND('',#4508,.T.);
#4508 = EDGE_LOOP('',(#4509,#4510,#4511,#4519));
#4509 = ORIENTED_EDGE('',*,*,#679,.T.);
#4510 = ORIENTED_EDGE('',*,*,#4494,.T.);
#4511 = ORIENTED_EDGE('',*,*,#4512,.T.);
#4512 = EDGE_CURVE('',#4487,#4513,#4515,.T.);
#4513 = VERTEX_POINT('',#4514);
#4514 = CARTESIAN_POINT('',(50.12062439904,-1.,17.188710214186));
#4515 = B_SPLINE_CURVE_WITH_KNOTS('',2,(#4516,#4517,#4518),
  .UNSPECIFIED.,.F.,.F.,(3,3),(0.,1.),.PIECEWISE_BEZIER_KNOTS.);
#4516 = CARTESIAN_POINT('',(49.482169383585,-1.,19.810369540717));
#4517 = CARTESIAN_POINT('',(49.986040051309,-1.,18.600204592828));
#4518 = CARTESIAN_POINT('',(50.12062439904,-1.,17.188710214186));
#4519 = ORIENTED_EDGE('',*,*,#4520,.F.);
#4520 = EDGE_CURVE('',#672,#4513,#4521,.T.);
#4521 = LINE('',#4522,#4523);
#4522 = CARTESIAN_POINT('',(50.12062439904,4.,17.188710214186));
#4523 = VECTOR('',#4524,1.);
#4524 = DIRECTION('',(0.,-1.,2.2E-16));
#4525 = SURFACE_OF_LINEAR_EXTRUSION('',#4526,#4530);
#4526 = B_SPLINE_CURVE_WITH_KNOTS('',2,(#4527,#4528,#4529),
  .UNSPECIFIED.,.F.,.F.,(3,3),(0.,1.),.PIECEWISE_BEZIER_KNOTS.);
#4527 = CARTESIAN_POINT('',(49.482169383585,4.,19.810369540717));
#4528 = CARTESIAN_POINT('',(49.986040051309,4.,18.600204592828));
#4529 = CARTESIAN_POINT('',(50.12062439904,4.,17.188710214186));
#4530 = VECTOR('',#4531,1.);
#4531 = DIRECTION('',(0.,1.,-2.2E-16));
#4532 = ADVANCED_FACE('',(#4533),#4551,.T.);
#4533 = FACE_BOUND('',#4534,.T.);
#4534 = EDGE_LOOP('',(#4535,#4536,#4537,#4545));
#4535 = ORIENTED_EDGE('',*,*,#671,.T.);
#4536 = ORIENTED_EDGE('',*,*,#4520,.T.);
#4537 = ORIENTED_EDGE('',*,*,#4538,.T.);
#4538 = EDGE_CURVE('',#4513,#4539,#4541,.T.);
#4539 = VERTEX_POINT('',#4540);
#4540 = CARTESIAN_POINT('',(46.086923603023,-1.,17.188710214186));
#4541 = LINE('',#4542,#4543);
#4542 = CARTESIAN_POINT('',(50.12062439904,-1.,17.188710214186));
#4543 = VECTOR('',#4544,1.);
#4544 = DIRECTION('',(-1.,0.,0.));
#4545 = ORIENTED_EDGE('',*,*,#4546,.F.);
#4546 = EDGE_CURVE('',#657,#4539,#4547,.T.);
#4547 = LINE('',#4548,#4549);
#4548 = CARTESIAN_POINT('',(46.086923603023,4.,17.188710214186));
#4549 = VECTOR('',#4550,1.);
#4550 = DIRECTION('',(0.,-1.,2.2E-16));
#4551 = PLANE('',#4552);
#4552 = AXIS2_PLACEMENT_3D('',#4553,#4554,#4555);
#4553 = CARTESIAN_POINT('',(50.12062439904,4.,17.188710214186));
#4554 = DIRECTION('',(0.,-2.2E-16,-1.));
#4555 = DIRECTION('',(-1.,0.,0.));
#4556 = ADVANCED_FACE('',(#4557),#4575,.T.);
#4557 = FACE_BOUND('',#4558,.T.);
#4558 = EDGE_LOOP('',(#4559,#4560,#4561,#4569));
#4559 = ORIENTED_EDGE('',*,*,#656,.T.);
#4560 = ORIENTED_EDGE('',*,*,#4546,.T.);
#4561 = ORIENTED_EDGE('',*,*,#4562,.T.);
#4562 = EDGE_CURVE('',#4539,#4563,#4565,.T.);
#4563 = VERTEX_POINT('',#4564);
#4564 = CARTESIAN_POINT('',(45.607672023298,-1.,18.625370771672));
#4565 = B_SPLINE_CURVE_WITH_KNOTS('',2,(#4566,#4567,#4568),
  .UNSPECIFIED.,.F.,.F.,(3,3),(0.,1.),.PIECEWISE_BEZIER_KNOTS.);
#4566 = CARTESIAN_POINT('',(46.086923603023,-1.,17.188710214186));
#4567 = CARTESIAN_POINT('',(45.952339255292,-1.,17.944789761195));
#4568 = CARTESIAN_POINT('',(45.607672023298,-1.,18.625370771672));
#4569 = ORIENTED_EDGE('',*,*,#4570,.F.);
#4570 = EDGE_CURVE('',#642,#4563,#4571,.T.);
#4571 = LINE('',#4572,#4573);
#4572 = CARTESIAN_POINT('',(45.607672023298,4.,18.625370771672));
#4573 = VECTOR('',#4574,1.);
#4574 = DIRECTION('',(0.,-1.,2.2E-16));
#4575 = SURFACE_OF_LINEAR_EXTRUSION('',#4576,#4580);
#4576 = B_SPLINE_CURVE_WITH_KNOTS('',2,(#4577,#4578,#4579),
  .UNSPECIFIED.,.F.,.F.,(3,3),(0.,1.),.PIECEWISE_BEZIER_KNOTS.);
#4577 = CARTESIAN_POINT('',(46.086923603023,4.,17.188710214186));
#4578 = CARTESIAN_POINT('',(45.952339255292,4.,17.944789761195));
#4579 = CARTESIAN_POINT('',(45.607672023298,4.,18.625370771672));
#4580 = VECTOR('',#4581,1.);
#4581 = DIRECTION('',(0.,1.,-2.2E-16));
#4582 = ADVANCED_FACE('',(#4583),#4601,.T.);
#4583 = FACE_BOUND('',#4584,.T.);
#4584 = EDGE_LOOP('',(#4585,#4586,#4587,#4595));
#4585 = ORIENTED_EDGE('',*,*,#641,.T.);
#4586 = ORIENTED_EDGE('',*,*,#4570,.T.);
#4587 = ORIENTED_EDGE('',*,*,#4588,.T.);
#4588 = EDGE_CURVE('',#4563,#4589,#4591,.T.);
#4589 = VERTEX_POINT('',#4590);
#4590 = CARTESIAN_POINT('',(44.809466481268,-1.,19.810369540717));
#4591 = B_SPLINE_CURVE_WITH_KNOTS('',2,(#4592,#4593,#4594),
  .UNSPECIFIED.,.F.,.F.,(3,3),(0.,1.),.PIECEWISE_BEZIER_KNOTS.);
#4592 = CARTESIAN_POINT('',(45.607672023298,-1.,18.625370771672));
#4593 = CARTESIAN_POINT('',(45.263551882148,-1.,19.305951782148));
#4594 = CARTESIAN_POINT('',(44.809466481268,-1.,19.810369540717));
#4595 = ORIENTED_EDGE('',*,*,#4596,.F.);
#4596 = EDGE_CURVE('',#627,#4589,#4597,.T.);
#4597 = LINE('',#4598,#4599);
#4598 = CARTESIAN_POINT('',(44.809466481268,4.,19.810369540717));
#4599 = VECTOR('',#4600,1.);
#4600 = DIRECTION('',(0.,-1.,2.2E-16));
#4601 = SURFACE_OF_LINEAR_EXTRUSION('',#4602,#4606);
#4602 = B_SPLINE_CURVE_WITH_KNOTS('',2,(#4603,#4604,#4605),
  .UNSPECIFIED.,.F.,.F.,(3,3),(0.,1.),.PIECEWISE_BEZIER_KNOTS.);
#4603 = CARTESIAN_POINT('',(45.607672023298,4.,18.625370771672));
#4604 = CARTESIAN_POINT('',(45.263551882148,4.,19.305951782148));
#4605 = CARTESIAN_POINT('',(44.809466481268,4.,19.810369540717));
#4606 = VECTOR('',#4607,1.);
#4607 = DIRECTION('',(0.,1.,-2.2E-16));
#4608 = ADVANCED_FACE('',(#4609),#4627,.T.);
#4609 = FACE_BOUND('',#4610,.T.);
#4610 = EDGE_LOOP('',(#4611,#4612,#4613,#4621));
#4611 = ORIENTED_EDGE('',*,*,#626,.T.);
#4612 = ORIENTED_EDGE('',*,*,#4596,.T.);
#4613 = ORIENTED_EDGE('',*,*,#4614,.T.);
#4614 = EDGE_CURVE('',#4589,#4615,#4617,.T.);
#4615 = VERTEX_POINT('',#4616);
#4616 = CARTESIAN_POINT('',(43.733885881109,-1.,20.692279981946));
#4617 = B_SPLINE_CURVE_WITH_KNOTS('',2,(#4618,#4619,#4620),
  .UNSPECIFIED.,.F.,.F.,(3,3),(0.,1.),.PIECEWISE_BEZIER_KNOTS.);
#4618 = CARTESIAN_POINT('',(44.809466481268,-1.,19.810369540717));
#4619 = CARTESIAN_POINT('',(44.338968355054,-1.,20.314240208442));
#4620 = CARTESIAN_POINT('',(43.733885881109,-1.,20.692279981946));
#4621 = ORIENTED_EDGE('',*,*,#4622,.F.);
#4622 = EDGE_CURVE('',#612,#4615,#4623,.T.);
#4623 = LINE('',#4624,#4625);
#4624 = CARTESIAN_POINT('',(43.733885881109,4.,20.692279981946));
#4625 = VECTOR('',#4626,1.);
#4626 = DIRECTION('',(0.,-1.,2.2E-16));
#4627 = SURFACE_OF_LINEAR_EXTRUSION('',#4628,#4632);
#4628 = B_SPLINE_CURVE_WITH_KNOTS('',2,(#4629,#4630,#4631),
  .UNSPECIFIED.,.F.,.F.,(3,3),(0.,1.),.PIECEWISE_BEZIER_KNOTS.);
#4629 = CARTESIAN_POINT('',(44.809466481268,4.,19.810369540717));
#4630 = CARTESIAN_POINT('',(44.338968355054,4.,20.314240208442));
#4631 = CARTESIAN_POINT('',(43.733885881109,4.,20.692279981946));
#4632 = VECTOR('',#4633,1.);
#4633 = DIRECTION('',(0.,1.,-2.2E-16));
#4634 = ADVANCED_FACE('',(#4635),#4653,.T.);
#4635 = FACE_BOUND('',#4636,.T.);
#4636 = EDGE_LOOP('',(#4637,#4638,#4639,#4647));
#4637 = ORIENTED_EDGE('',*,*,#611,.T.);
#4638 = ORIENTED_EDGE('',*,*,#4622,.T.);
#4639 = ORIENTED_EDGE('',*,*,#4640,.T.);
#4640 = EDGE_CURVE('',#4615,#4641,#4643,.T.);
#4641 = VERTEX_POINT('',#4642);
#4642 = CARTESIAN_POINT('',(42.406096401666,-1.,21.272196277047));
#4643 = B_SPLINE_CURVE_WITH_KNOTS('',2,(#4644,#4645,#4646),
  .UNSPECIFIED.,.F.,.F.,(3,3),(0.,1.),.PIECEWISE_BEZIER_KNOTS.);
#4644 = CARTESIAN_POINT('',(43.733885881109,-1.,20.692279981946));
#4645 = CARTESIAN_POINT('',(43.128803407164,-1.,21.070866846295));
#4646 = CARTESIAN_POINT('',(42.406096401666,-1.,21.272196277047));
#4647 = ORIENTED_EDGE('',*,*,#4648,.F.);
#4648 = EDGE_CURVE('',#597,#4641,#4649,.T.);
#4649 = LINE('',#4650,#4651);
#4650 = CARTESIAN_POINT('',(42.406096401666,4.,21.272196277047));
#4651 = VECTOR('',#4652,1.);
#4652 = DIRECTION('',(0.,-1.,2.2E-16));
#4653 = SURFACE_OF_LINEAR_EXTRUSION('',#4654,#4658);
#4654 = B_SPLINE_CURVE_WITH_KNOTS('',2,(#4655,#4656,#4657),
  .UNSPECIFIED.,.F.,.F.,(3,3),(0.,1.),.PIECEWISE_BEZIER_KNOTS.);
#4655 = CARTESIAN_POINT('',(43.733885881109,4.,20.692279981946));
#4656 = CARTESIAN_POINT('',(43.128803407164,4.,21.070866846295));
#4657 = CARTESIAN_POINT('',(42.406096401666,4.,21.272196277047));
#4658 = VECTOR('',#4659,1.);
#4659 = DIRECTION('',(0.,1.,-2.2E-16));
#4660 = ADVANCED_FACE('',(#4661),#4679,.T.);
#4661 = FACE_BOUND('',#4662,.T.);
#4662 = EDGE_LOOP('',(#4663,#4664,#4665,#4673));
#4663 = ORIENTED_EDGE('',*,*,#596,.T.);
#4664 = ORIENTED_EDGE('',*,*,#4648,.T.);
#4665 = ORIENTED_EDGE('',*,*,#4666,.T.);
#4666 = EDGE_CURVE('',#4641,#4667,#4669,.T.);
#4667 = VERTEX_POINT('',#4668);
#4668 = CARTESIAN_POINT('',(40.860017675293,-1.,21.457112982466));
#4669 = B_SPLINE_CURVE_WITH_KNOTS('',2,(#4670,#4671,#4672),
  .UNSPECIFIED.,.F.,.F.,(3,3),(0.,1.),.PIECEWISE_BEZIER_KNOTS.);
#4670 = CARTESIAN_POINT('',(42.406096401666,-1.,21.272196277047));
#4671 = CARTESIAN_POINT('',(41.650016854657,-1.,21.457112982466));
#4672 = CARTESIAN_POINT('',(40.860017675293,-1.,21.457112982466));
#4673 = ORIENTED_EDGE('',*,*,#4674,.F.);
#4674 = EDGE_CURVE('',#582,#4667,#4675,.T.);
#4675 = LINE('',#4676,#4677);
#4676 = CARTESIAN_POINT('',(40.860017675293,4.,21.457112982466));
#4677 = VECTOR('',#4678,1.);
#4678 = DIRECTION('',(0.,-1.,2.2E-16));
#4679 = SURFACE_OF_LINEAR_EXTRUSION('',#4680,#4684);
#4680 = B_SPLINE_CURVE_WITH_KNOTS('',2,(#4681,#4682,#4683),
  .UNSPECIFIED.,.F.,.F.,(3,3),(0.,1.),.PIECEWISE_BEZIER_KNOTS.);
#4681 = CARTESIAN_POINT('',(42.406096401666,4.,21.272196277047));
#4682 = CARTESIAN_POINT('',(41.650016854657,4.,21.457112982466));
#4683 = CARTESIAN_POINT('',(40.860017675293,4.,21.457112982466));
#4684 = VECTOR('',#4685,1.);
#4685 = DIRECTION('',(0.,1.,-2.2E-16));
#4686 = ADVANCED_FACE('',(#4687),#4705,.T.);
#4687 = FACE_BOUND('',#4688,.T.);
#4688 = EDGE_LOOP('',(#4689,#4690,#4691,#4699));
#4689 = ORIENTED_EDGE('',*,*,#581,.T.);
#4690 = ORIENTED_EDGE('',*,*,#4674,.T.);
#4691 = ORIENTED_EDGE('',*,*,#4692,.T.);
#4692 = EDGE_CURVE('',#4667,#4693,#4695,.T.);
#4693 = VERTEX_POINT('',#4694);
#4694 = CARTESIAN_POINT('',(38.893773180395,-1.,21.129405566649));
#4695 = B_SPLINE_CURVE_WITH_KNOTS('',2,(#4696,#4697,#4698),
  .UNSPECIFIED.,.F.,.F.,(3,3),(0.,1.),.PIECEWISE_BEZIER_KNOTS.);
#4696 = CARTESIAN_POINT('',(40.860017675293,-1.,21.457112982466));
#4697 = CARTESIAN_POINT('',(39.784437075135,-1.,21.457112982466));
#4698 = CARTESIAN_POINT('',(38.893773180395,-1.,21.129405566649));
#4699 = ORIENTED_EDGE('',*,*,#4700,.F.);
#4700 = EDGE_CURVE('',#567,#4693,#4701,.T.);
#4701 = LINE('',#4702,#4703);
#4702 = CARTESIAN_POINT('',(38.893773180395,4.,21.129405566649));
#4703 = VECTOR('',#4704,1.);
#4704 = DIRECTION('',(0.,-1.,2.2E-16));
#4705 = SURFACE_OF_LINEAR_EXTRUSION('',#4706,#4710);
#4706 = B_SPLINE_CURVE_WITH_KNOTS('',2,(#4707,#4708,#4709),
  .UNSPECIFIED.,.F.,.F.,(3,3),(0.,1.),.PIECEWISE_BEZIER_KNOTS.);
#4707 = CARTESIAN_POINT('',(40.860017675293,4.,21.457112982466));
#4708 = CARTESIAN_POINT('',(39.784437075135,4.,21.457112982466));
#4709 = CARTESIAN_POINT('',(38.893773180395,4.,21.129405566649));
#4710 = VECTOR('',#4711,1.);
#4711 = DIRECTION('',(0.,1.,-2.2E-16));
#4712 = ADVANCED_FACE('',(#4713),#4731,.T.);
#4713 = FACE_BOUND('',#4714,.T.);
#4714 = EDGE_LOOP('',(#4715,#4716,#4717,#4725));
#4715 = ORIENTED_EDGE('',*,*,#566,.T.);
#4716 = ORIENTED_EDGE('',*,*,#4700,.T.);
#4717 = ORIENTED_EDGE('',*,*,#4718,.T.);
#4718 = EDGE_CURVE('',#4693,#4719,#4721,.T.);
#4719 = VERTEX_POINT('',#4720);
#4720 = CARTESIAN_POINT('',(37.364107179356,-1.,20.314240208442));
#4721 = B_SPLINE_CURVE_WITH_KNOTS('',2,(#4722,#4723,#4724),
  .UNSPECIFIED.,.F.,.F.,(3,3),(0.,1.),.PIECEWISE_BEZIER_KNOTS.);
#4722 = CARTESIAN_POINT('',(38.893773180395,-1.,21.129405566649));
#4723 = CARTESIAN_POINT('',(38.003109285655,-1.,20.801698150833));
#4724 = CARTESIAN_POINT('',(37.364107179356,-1.,20.314240208442));
#4725 = ORIENTED_EDGE('',*,*,#4726,.F.);
#4726 = EDGE_CURVE('',#548,#4719,#4727,.T.);
#4727 = LINE('',#4728,#4729);
#4728 = CARTESIAN_POINT('',(37.364107179356,4.,20.314240208442));
#4729 = VECTOR('',#4730,1.);
#4730 = DIRECTION('',(0.,-1.,2.2E-16));
#4731 = SURFACE_OF_LINEAR_EXTRUSION('',#4732,#4736);
#4732 = B_SPLINE_CURVE_WITH_KNOTS('',2,(#4733,#4734,#4735),
  .UNSPECIFIED.,.F.,.F.,(3,3),(0.,1.),.PIECEWISE_BEZIER_KNOTS.);
#4733 = CARTESIAN_POINT('',(38.893773180395,4.,21.129405566649));
#4734 = CARTESIAN_POINT('',(38.003109285655,4.,20.801698150833));
#4735 = CARTESIAN_POINT('',(37.364107179356,4.,20.314240208442));
#4736 = VECTOR('',#4737,1.);
#4737 = DIRECTION('',(0.,1.,-2.2E-16));
#4738 = ADVANCED_FACE('',(#4739),#4757,.T.);
#4739 = FACE_BOUND('',#4740,.T.);
#4740 = EDGE_LOOP('',(#4741,#4742,#4743,#4751));
#4741 = ORIENTED_EDGE('',*,*,#547,.T.);
#4742 = ORIENTED_EDGE('',*,*,#4726,.T.);
#4743 = ORIENTED_EDGE('',*,*,#4744,.T.);
#4744 = EDGE_CURVE('',#4719,#4745,#4747,.T.);
#4745 = VERTEX_POINT('',#4746);
#4746 = CARTESIAN_POINT('',(35.347530326769,-1.,17.222082755697));
#4747 = B_SPLINE_CURVE_WITH_KNOTS('',2,(#4748,#4749,#4750),
  .UNSPECIFIED.,.F.,.F.,(3,3),(0.,1.),.PIECEWISE_BEZIER_KNOTS.);
#4748 = CARTESIAN_POINT('',(37.364107179356,-1.,20.314240208442));
#4749 = CARTESIAN_POINT('',(35.902280443026,-1.,19.154954709084));
#4750 = CARTESIAN_POINT('',(35.347530326769,-1.,17.222082755697));
#4751 = ORIENTED_EDGE('',*,*,#4752,.F.);
#4752 = EDGE_CURVE('',#537,#4745,#4753,.T.);
#4753 = LINE('',#4754,#4755);
#4754 = CARTESIAN_POINT('',(35.347530326769,4.,17.222082755697));
#4755 = VECTOR('',#4756,1.);
#4756 = DIRECTION('',(0.,-1.,2.2E-16));
#4757 = SURFACE_OF_LINEAR_EXTRUSION('',#4758,#4762);
#4758 = B_SPLINE_CURVE_WITH_KNOTS('',2,(#4759,#4760,#4761),
  .UNSPECIFIED.,.F.,.F.,(3,3),(0.,1.),.PIECEWISE_BEZIER_KNOTS.);
#4759 = CARTESIAN_POINT('',(37.364107179356,4.,20.314240208442));
#4760 = CARTESIAN_POINT('',(35.902280443026,4.,19.154954709084));
#4761 = CARTESIAN_POINT('',(35.347530326769,4.,17.222082755697));
#4762 = VECTOR('',#4763,1.);
#4763 = DIRECTION('',(0.,1.,-2.2E-16));
#4764 = ADVANCED_FACE('',(#4765),#4783,.T.);
#4765 = FACE_BOUND('',#4766,.T.);
#4766 = EDGE_LOOP('',(#4767,#4768,#4769,#4777));
#4767 = ORIENTED_EDGE('',*,*,#536,.T.);
#4768 = ORIENTED_EDGE('',*,*,#4752,.T.);
#4769 = ORIENTED_EDGE('',*,*,#4770,.T.);
#4770 = EDGE_CURVE('',#4745,#4771,#4773,.T.);
#4771 = VERTEX_POINT('',#4772);
#4772 = CARTESIAN_POINT('',(35.12924107984,-1.,16.205040875892));
#4773 = B_SPLINE_CURVE_WITH_KNOTS('',2,(#4774,#4775,#4776),
  .UNSPECIFIED.,.F.,.F.,(3,3),(0.,1.),.PIECEWISE_BEZIER_KNOTS.);
#4774 = CARTESIAN_POINT('',(35.347530326769,-1.,17.222082755697));
#4775 = CARTESIAN_POINT('',(35.196533253705,-1.,16.734624813305));
#4776 = CARTESIAN_POINT('',(35.12924107984,-1.,16.205040875892));
#4777 = ORIENTED_EDGE('',*,*,#4778,.F.);
#4778 = EDGE_CURVE('',#526,#4771,#4779,.T.);
#4779 = LINE('',#4780,#4781);
#4780 = CARTESIAN_POINT('',(35.12924107984,4.,16.205040875892));
#4781 = VECTOR('',#4782,1.);
#4782 = DIRECTION('',(0.,-1.,2.2E-16));
#4783 = SURFACE_OF_LINEAR_EXTRUSION('',#4784,#4788);
#4784 = B_SPLINE_CURVE_WITH_KNOTS('',2,(#4785,#4786,#4787),
  .UNSPECIFIED.,.F.,.F.,(3,3),(0.,1.),.PIECEWISE_BEZIER_KNOTS.);
#4785 = CARTESIAN_POINT('',(35.347530326769,4.,17.222082755697));
#4786 = CARTESIAN_POINT('',(35.196533253705,4.,16.734624813305));
#4787 = CARTESIAN_POINT('',(35.12924107984,4.,16.205040875892));
#4788 = VECTOR('',#4789,1.);
#4789 = DIRECTION('',(0.,1.,-2.2E-16));
#4790 = ADVANCED_FACE('',(#4791),#4809,.T.);
#4791 = FACE_BOUND('',#4792,.T.);
#4792 = EDGE_LOOP('',(#4793,#4794,#4795,#4803));
#4793 = ORIENTED_EDGE('',*,*,#525,.T.);
#4794 = ORIENTED_EDGE('',*,*,#4778,.T.);
#4795 = ORIENTED_EDGE('',*,*,#4796,.T.);
#4796 = EDGE_CURVE('',#4771,#4797,#4799,.T.);
#4797 = VERTEX_POINT('',#4798);
#4798 = CARTESIAN_POINT('',(35.061948905974,-1.,15.121253913067));
#4799 = B_SPLINE_CURVE_WITH_KNOTS('',2,(#4800,#4801,#4802),
  .UNSPECIFIED.,.F.,.F.,(3,3),(0.,1.),.PIECEWISE_BEZIER_KNOTS.);
#4800 = CARTESIAN_POINT('',(35.12924107984,-1.,16.205040875892));
#4801 = CARTESIAN_POINT('',(35.061948905974,-1.,15.676004029324));
#4802 = CARTESIAN_POINT('',(35.061948905974,-1.,15.121253913067));
#4803 = ORIENTED_EDGE('',*,*,#4804,.F.);
#4804 = EDGE_CURVE('',#507,#4797,#4805,.T.);
#4805 = LINE('',#4806,#4807);
#4806 = CARTESIAN_POINT('',(35.061948905974,4.,15.121253913067));
#4807 = VECTOR('',#4808,1.);
#4808 = DIRECTION('',(0.,-1.,2.2E-16));
#4809 = SURFACE_OF_LINEAR_EXTRUSION('',#4810,#4814);
#4810 = B_SPLINE_CURVE_WITH_KNOTS('',2,(#4811,#4812,#4813),
  .UNSPECIFIED.,.F.,.F.,(3,3),(0.,1.),.PIECEWISE_BEZIER_KNOTS.);
#4811 = CARTESIAN_POINT('',(35.12924107984,4.,16.205040875892));
#4812 = CARTESIAN_POINT('',(35.061948905974,4.,15.676004029324));
#4813 = CARTESIAN_POINT('',(35.061948905974,4.,15.121253913067));
#4814 = VECTOR('',#4815,1.);
#4815 = DIRECTION('',(0.,1.,-2.2E-16));
#4816 = ADVANCED_FACE('',(#4817),#4828,.T.);
#4817 = FACE_BOUND('',#4818,.T.);
#4818 = EDGE_LOOP('',(#4819,#4820,#4821,#4827));
#4819 = ORIENTED_EDGE('',*,*,#506,.T.);
#4820 = ORIENTED_EDGE('',*,*,#4804,.T.);
#4821 = ORIENTED_EDGE('',*,*,#4822,.T.);
#4822 = EDGE_CURVE('',#4797,#3779,#4823,.T.);
#4823 = B_SPLINE_CURVE_WITH_KNOTS('',2,(#4824,#4825,#4826),
  .UNSPECIFIED.,.F.,.F.,(3,3),(0.,1.),.PIECEWISE_BEZIER_KNOTS.);
#4824 = CARTESIAN_POINT('',(35.061948905974,-1.,15.121253913067));
#4825 = CARTESIAN_POINT('',(35.061948905974,-1.,14.096005670597));
#4826 = CARTESIAN_POINT('',(35.322364147925,-1.,13.138049601991));
#4827 = ORIENTED_EDGE('',*,*,#3778,.F.);
#4828 = SURFACE_OF_LINEAR_EXTRUSION('',#4829,#4833);
#4829 = B_SPLINE_CURVE_WITH_KNOTS('',2,(#4830,#4831,#4832),
  .UNSPECIFIED.,.F.,.F.,(3,3),(0.,1.),.PIECEWISE_BEZIER_KNOTS.);
#4830 = CARTESIAN_POINT('',(35.061948905974,4.,15.121253913067));
#4831 = CARTESIAN_POINT('',(35.061948905974,4.,14.096005670597));
#4832 = CARTESIAN_POINT('',(35.322364147925,4.,13.138049601991));
#4833 = VECTOR('',#4834,1.);
#4834 = DIRECTION('',(0.,1.,-2.2E-16));
#4835 = ADVANCED_FACE('',(#4836),#4861,.T.);
#4836 = FACE_BOUND('',#4837,.T.);
#4837 = EDGE_LOOP('',(#4838,#4839,#4847,#4855));
#4838 = ORIENTED_EDGE('',*,*,#1102,.T.);
#4839 = ORIENTED_EDGE('',*,*,#4840,.T.);
#4840 = EDGE_CURVE('',#1105,#4841,#4843,.T.);
#4841 = VERTEX_POINT('',#4842);
#4842 = CARTESIAN_POINT('',(51.644272400791,-1.,25.1549));
#4843 = LINE('',#4844,#4845);
#4844 = CARTESIAN_POINT('',(51.644272400791,4.,25.1549));
#4845 = VECTOR('',#4846,1.);
#4846 = DIRECTION('',(0.,-1.,2.2E-16));
#4847 = ORIENTED_EDGE('',*,*,#4848,.T.);
#4848 = EDGE_CURVE('',#4841,#4849,#4851,.T.);
#4849 = VERTEX_POINT('',#4850);
#4850 = CARTESIAN_POINT('',(55.593721206765,-1.,25.1549));
#4851 = LINE('',#4852,#4853);
#4852 = CARTESIAN_POINT('',(51.644272400791,-1.,25.1549));
#4853 = VECTOR('',#4854,1.);
#4854 = DIRECTION('',(1.,0.,0.));
#4855 = ORIENTED_EDGE('',*,*,#4856,.F.);
#4856 = EDGE_CURVE('',#1103,#4849,#4857,.T.);
#4857 = LINE('',#4858,#4859);
#4858 = CARTESIAN_POINT('',(55.593721206765,4.,25.1549));
#4859 = VECTOR('',#4860,1.);
#4860 = DIRECTION('',(0.,-1.,2.2E-16));
#4861 = PLANE('',#4862);
#4862 = AXIS2_PLACEMENT_3D('',#4863,#4864,#4865);
#4863 = CARTESIAN_POINT('',(51.644272400791,4.,25.1549));
#4864 = DIRECTION('',(0.,2.2E-16,1.));
#4865 = DIRECTION('',(1.,0.,0.));
#4866 = ADVANCED_FACE('',(#4867),#4885,.T.);
#4867 = FACE_BOUND('',#4868,.T.);
#4868 = EDGE_LOOP('',(#4869,#4870,#4871,#4879));
#4869 = ORIENTED_EDGE('',*,*,#1192,.T.);
#4870 = ORIENTED_EDGE('',*,*,#4856,.T.);
#4871 = ORIENTED_EDGE('',*,*,#4872,.T.);
#4872 = EDGE_CURVE('',#4849,#4873,#4875,.T.);
#4873 = VERTEX_POINT('',#4874);
#4874 = CARTESIAN_POINT('',(55.593721206765,-1.,18.146666282791));
#4875 = LINE('',#4876,#4877);
#4876 = CARTESIAN_POINT('',(55.593721206765,-1.,25.1549));
#4877 = VECTOR('',#4878,1.);
#4878 = DIRECTION('',(0.,0.,-1.));
#4879 = ORIENTED_EDGE('',*,*,#4880,.F.);
#4880 = EDGE_CURVE('',#1185,#4873,#4881,.T.);
#4881 = LINE('',#4882,#4883);
#4882 = CARTESIAN_POINT('',(55.593721206765,4.,18.146666282791));
#4883 = VECTOR('',#4884,1.);
#4884 = DIRECTION('',(0.,-1.,2.2E-16));
#4885 = PLANE('',#4886);
#4886 = AXIS2_PLACEMENT_3D('',#4887,#4888,#4889);
#4887 = CARTESIAN_POINT('',(55.593721206765,4.,25.1549));
#4888 = DIRECTION('',(1.,0.,0.));
#4889 = DIRECTION('',(0.,2.2E-16,-1.));
#4890 = ADVANCED_FACE('',(#4891),#4909,.T.);
#4891 = FACE_BOUND('',#4892,.T.);
#4892 = EDGE_LOOP('',(#4893,#4894,#4895,#4903));
#4893 = ORIENTED_EDGE('',*,*,#1184,.T.);
#4894 = ORIENTED_EDGE('',*,*,#4880,.T.);
#4895 = ORIENTED_EDGE('',*,*,#4896,.T.);
#4896 = EDGE_CURVE('',#4873,#4897,#4899,.T.);
#4897 = VERTEX_POINT('',#4898);
#4898 = CARTESIAN_POINT('',(58.534881586446,-1.,18.146666282791));
#4899 = LINE('',#4900,#4901);
#4900 = CARTESIAN_POINT('',(55.593721206765,-1.,18.146666282791));
#4901 = VECTOR('',#4902,1.);
#4902 = DIRECTION('',(1.,0.,0.));
#4903 = ORIENTED_EDGE('',*,*,#4904,.F.);
#4904 = EDGE_CURVE('',#1177,#4897,#4905,.T.);
#4905 = LINE('',#4906,#4907);
#4906 = CARTESIAN_POINT('',(58.534881586446,4.,18.146666282791));
#4907 = VECTOR('',#4908,1.);
#4908 = DIRECTION('',(0.,-1.,2.2E-16));
#4909 = PLANE('',#4910);
#4910 = AXIS2_PLACEMENT_3D('',#4911,#4912,#4913);
#4911 = CARTESIAN_POINT('',(55.593721206765,4.,18.146666282791));
#4912 = DIRECTION('',(0.,2.2E-16,1.));
#4913 = DIRECTION('',(1.,0.,0.));
#4914 = ADVANCED_FACE('',(#4915),#4933,.T.);
#4915 = FACE_BOUND('',#4916,.T.);
#4916 = EDGE_LOOP('',(#4917,#4918,#4919,#4927));
#4917 = ORIENTED_EDGE('',*,*,#1176,.T.);
#4918 = ORIENTED_EDGE('',*,*,#4904,.T.);
#4919 = ORIENTED_EDGE('',*,*,#4920,.T.);
#4920 = EDGE_CURVE('',#4897,#4921,#4923,.T.);
#4921 = VERTEX_POINT('',#4922);
#4922 = CARTESIAN_POINT('',(58.534881586446,-1.,25.1549));
#4923 = LINE('',#4924,#4925);
#4924 = CARTESIAN_POINT('',(58.534881586446,-1.,18.146666282791));
#4925 = VECTOR('',#4926,1.);
#4926 = DIRECTION('',(0.,0.,1.));
#4927 = ORIENTED_EDGE('',*,*,#4928,.F.);
#4928 = EDGE_CURVE('',#1169,#4921,#4929,.T.);
#4929 = LINE('',#4930,#4931);
#4930 = CARTESIAN_POINT('',(58.534881586446,4.,25.1549));
#4931 = VECTOR('',#4932,1.);
#4932 = DIRECTION('',(0.,-1.,2.2E-16));
#4933 = PLANE('',#4934);
#4934 = AXIS2_PLACEMENT_3D('',#4935,#4936,#4937);
#4935 = CARTESIAN_POINT('',(58.534881586446,4.,18.146666282791));
#4936 = DIRECTION('',(-1.,0.,0.));
#4937 = DIRECTION('',(0.,-2.2E-16,1.));
#4938 = ADVANCED_FACE('',(#4939),#4957,.T.);
#4939 = FACE_BOUND('',#4940,.T.);
#4940 = EDGE_LOOP('',(#4941,#4942,#4943,#4951));
#4941 = ORIENTED_EDGE('',*,*,#1168,.T.);
#4942 = ORIENTED_EDGE('',*,*,#4928,.T.);
#4943 = ORIENTED_EDGE('',*,*,#4944,.T.);
#4944 = EDGE_CURVE('',#4921,#4945,#4947,.T.);
#4945 = VERTEX_POINT('',#4946);
#4946 = CARTESIAN_POINT('',(62.484877483264,-1.,25.1549));
#4947 = LINE('',#4948,#4949);
#4948 = CARTESIAN_POINT('',(58.534881586446,-1.,25.1549));
#4949 = VECTOR('',#4950,1.);
#4950 = DIRECTION('',(1.,0.,0.));
#4951 = ORIENTED_EDGE('',*,*,#4952,.F.);
#4952 = EDGE_CURVE('',#1161,#4945,#4953,.T.);
#4953 = LINE('',#4954,#4955);
#4954 = CARTESIAN_POINT('',(62.484877483264,4.,25.1549));
#4955 = VECTOR('',#4956,1.);
#4956 = DIRECTION('',(0.,-1.,2.2E-16));
#4957 = PLANE('',#4958);
#4958 = AXIS2_PLACEMENT_3D('',#4959,#4960,#4961);
#4959 = CARTESIAN_POINT('',(58.534881586446,4.,25.1549));
#4960 = DIRECTION('',(0.,2.2E-16,1.));
#4961 = DIRECTION('',(1.,0.,0.));
#4962 = ADVANCED_FACE('',(#4963),#4981,.T.);
#4963 = FACE_BOUND('',#4964,.T.);
#4964 = EDGE_LOOP('',(#4965,#4966,#4967,#4975));
#4965 = ORIENTED_EDGE('',*,*,#1160,.T.);
#4966 = ORIENTED_EDGE('',*,*,#4952,.T.);
#4967 = ORIENTED_EDGE('',*,*,#4968,.T.);
#4968 = EDGE_CURVE('',#4945,#4969,#4971,.T.);
#4969 = VERTEX_POINT('',#4970);
#4970 = CARTESIAN_POINT('',(62.484877483264,-1.,5.1549));
#4971 = LINE('',#4972,#4973);
#4972 = CARTESIAN_POINT('',(62.484877483264,-1.,25.1549));
#4973 = VECTOR('',#4974,1.);
#4974 = DIRECTION('',(0.,0.,-1.));
#4975 = ORIENTED_EDGE('',*,*,#4976,.F.);
#4976 = EDGE_CURVE('',#1153,#4969,#4977,.T.);
#4977 = LINE('',#4978,#4979);
#4978 = CARTESIAN_POINT('',(62.484877483264,4.,5.1549));
#4979 = VECTOR('',#4980,1.);
#4980 = DIRECTION('',(0.,-1.,2.2E-16));
#4981 = PLANE('',#4982);
#4982 = AXIS2_PLACEMENT_3D('',#4983,#4984,#4985);
#4983 = CARTESIAN_POINT('',(62.484877483264,4.,25.1549));
#4984 = DIRECTION('',(1.,0.,0.));
#4985 = DIRECTION('',(0.,2.2E-16,-1.));
#4986 = ADVANCED_FACE('',(#4987),#5005,.T.);
#4987 = FACE_BOUND('',#4988,.T.);
#4988 = EDGE_LOOP('',(#4989,#4990,#4991,#4999));
#4989 = ORIENTED_EDGE('',*,*,#1152,.T.);
#4990 = ORIENTED_EDGE('',*,*,#4976,.T.);
#4991 = ORIENTED_EDGE('',*,*,#4992,.T.);
#4992 = EDGE_CURVE('',#4969,#4993,#4995,.T.);
#4993 = VERTEX_POINT('',#4994);
#4994 = CARTESIAN_POINT('',(58.534881586446,-1.,5.1549));
#4995 = LINE('',#4996,#4997);
#4996 = CARTESIAN_POINT('',(62.484877483264,-1.,5.1549));
#4997 = VECTOR('',#4998,1.);
#4998 = DIRECTION('',(-1.,0.,0.));
#4999 = ORIENTED_EDGE('',*,*,#5000,.F.);
#5000 = EDGE_CURVE('',#1145,#4993,#5001,.T.);
#5001 = LINE('',#5002,#5003);
#5002 = CARTESIAN_POINT('',(58.534881586446,4.,5.1549));
#5003 = VECTOR('',#5004,1.);
#5004 = DIRECTION('',(0.,-1.,2.2E-16));
#5005 = PLANE('',#5006);
#5006 = AXIS2_PLACEMENT_3D('',#5007,#5008,#5009);
#5007 = CARTESIAN_POINT('',(62.484877483264,4.,5.1549));
#5008 = DIRECTION('',(0.,-2.2E-16,-1.));
#5009 = DIRECTION('',(-1.,0.,0.));
#5010 = ADVANCED_FACE('',(#5011),#5029,.T.);
#5011 = FACE_BOUND('',#5012,.T.);
#5012 = EDGE_LOOP('',(#5013,#5014,#5015,#5023));
#5013 = ORIENTED_EDGE('',*,*,#1144,.T.);
#5014 = ORIENTED_EDGE('',*,*,#5000,.T.);
#5015 = ORIENTED_EDGE('',*,*,#5016,.T.);
#5016 = EDGE_CURVE('',#4993,#5017,#5019,.T.);
#5017 = VERTEX_POINT('',#5018);
#5018 = CARTESIAN_POINT('',(58.534881586446,-1.,14.448879265257));
#5019 = LINE('',#5020,#5021);
#5020 = CARTESIAN_POINT('',(58.534881586446,-1.,5.1549));
#5021 = VECTOR('',#5022,1.);
#5022 = DIRECTION('',(0.,0.,1.));
#5023 = ORIENTED_EDGE('',*,*,#5024,.F.);
#5024 = EDGE_CURVE('',#1137,#5017,#5025,.T.);
#5025 = LINE('',#5026,#5027);
#5026 = CARTESIAN_POINT('',(58.534881586446,4.,14.448879265257));
#5027 = VECTOR('',#5028,1.);
#5028 = DIRECTION('',(0.,-1.,2.2E-16));
#5029 = PLANE('',#5030);
#5030 = AXIS2_PLACEMENT_3D('',#5031,#5032,#5033);
#5031 = CARTESIAN_POINT('',(58.534881586446,4.,5.1549));
#5032 = DIRECTION('',(-1.,0.,0.));
#5033 = DIRECTION('',(0.,-2.2E-16,1.));
#5034 = ADVANCED_FACE('',(#5035),#5053,.T.);
#5035 = FACE_BOUND('',#5036,.T.);
#5036 = EDGE_LOOP('',(#5037,#5038,#5039,#5047));
#5037 = ORIENTED_EDGE('',*,*,#1136,.T.);
#5038 = ORIENTED_EDGE('',*,*,#5024,.T.);
#5039 = ORIENTED_EDGE('',*,*,#5040,.T.);
#5040 = EDGE_CURVE('',#5017,#5041,#5043,.T.);
#5041 = VERTEX_POINT('',#5042);
#5042 = CARTESIAN_POINT('',(55.593721206765,-1.,14.448879265257));
#5043 = LINE('',#5044,#5045);
#5044 = CARTESIAN_POINT('',(58.534881586446,-1.,14.448879265257));
#5045 = VECTOR('',#5046,1.);
#5046 = DIRECTION('',(-1.,0.,0.));
#5047 = ORIENTED_EDGE('',*,*,#5048,.F.);
#5048 = EDGE_CURVE('',#1129,#5041,#5049,.T.);
#5049 = LINE('',#5050,#5051);
#5050 = CARTESIAN_POINT('',(55.593721206765,4.,14.448879265257));
#5051 = VECTOR('',#5052,1.);
#5052 = DIRECTION('',(0.,-1.,2.2E-16));
#5053 = PLANE('',#5054);
#5054 = AXIS2_PLACEMENT_3D('',#5055,#5056,#5057);
#5055 = CARTESIAN_POINT('',(58.534881586446,4.,14.448879265257));
#5056 = DIRECTION('',(0.,-2.2E-16,-1.));
#5057 = DIRECTION('',(-1.,0.,0.));
#5058 = ADVANCED_FACE('',(#5059),#5077,.T.);
#5059 = FACE_BOUND('',#5060,.T.);
#5060 = EDGE_LOOP('',(#5061,#5062,#5063,#5071));
#5061 = ORIENTED_EDGE('',*,*,#1128,.T.);
#5062 = ORIENTED_EDGE('',*,*,#5048,.T.);
#5063 = ORIENTED_EDGE('',*,*,#5064,.T.);
#5064 = EDGE_CURVE('',#5041,#5065,#5067,.T.);
#5065 = VERTEX_POINT('',#5066);
#5066 = CARTESIAN_POINT('',(55.593721206765,-1.,5.1549));
#5067 = LINE('',#5068,#5069);
#5068 = CARTESIAN_POINT('',(55.593721206765,-1.,14.448879265257));
#5069 = VECTOR('',#5070,1.);
#5070 = DIRECTION('',(0.,0.,-1.));
#5071 = ORIENTED_EDGE('',*,*,#5072,.F.);
#5072 = EDGE_CURVE('',#1121,#5065,#5073,.T.);
#5073 = LINE('',#5074,#5075);
#5074 = CARTESIAN_POINT('',(55.593721206765,4.,5.1549));
#5075 = VECTOR('',#5076,1.);
#5076 = DIRECTION('',(0.,-1.,2.2E-16));
#5077 = PLANE('',#5078);
#5078 = AXIS2_PLACEMENT_3D('',#5079,#5080,#5081);
#5079 = CARTESIAN_POINT('',(55.593721206765,4.,14.448879265257));
#5080 = DIRECTION('',(1.,0.,0.));
#5081 = DIRECTION('',(0.,2.2E-16,-1.));
#5082 = ADVANCED_FACE('',(#5083),#5101,.T.);
#5083 = FACE_BOUND('',#5084,.T.);
#5084 = EDGE_LOOP('',(#5085,#5086,#5087,#5095));
#5085 = ORIENTED_EDGE('',*,*,#1120,.T.);
#5086 = ORIENTED_EDGE('',*,*,#5072,.T.);
#5087 = ORIENTED_EDGE('',*,*,#5088,.T.);
#5088 = EDGE_CURVE('',#5065,#5089,#5091,.T.);
#5089 = VERTEX_POINT('',#5090);
#5090 = CARTESIAN_POINT('',(51.644272400791,-1.,5.1549));
#5091 = LINE('',#5092,#5093);
#5092 = CARTESIAN_POINT('',(55.593721206765,-1.,5.1549));
#5093 = VECTOR('',#5094,1.);
#5094 = DIRECTION('',(-1.,0.,0.));
#5095 = ORIENTED_EDGE('',*,*,#5096,.F.);
#5096 = EDGE_CURVE('',#1113,#5089,#5097,.T.);
#5097 = LINE('',#5098,#5099);
#5098 = CARTESIAN_POINT('',(51.644272400791,4.,5.1549));
#5099 = VECTOR('',#5100,1.);
#5100 = DIRECTION('',(0.,-1.,2.2E-16));
#5101 = PLANE('',#5102);
#5102 = AXIS2_PLACEMENT_3D('',#5103,#5104,#5105);
#5103 = CARTESIAN_POINT('',(55.593721206765,4.,5.1549));
#5104 = DIRECTION('',(0.,-2.2E-16,-1.));
#5105 = DIRECTION('',(-1.,0.,0.));
#5106 = ADVANCED_FACE('',(#5107),#5118,.T.);
#5107 = FACE_BOUND('',#5108,.T.);
#5108 = EDGE_LOOP('',(#5109,#5110,#5111,#5117));
#5109 = ORIENTED_EDGE('',*,*,#1112,.T.);
#5110 = ORIENTED_EDGE('',*,*,#5096,.T.);
#5111 = ORIENTED_EDGE('',*,*,#5112,.T.);
#5112 = EDGE_CURVE('',#5089,#4841,#5113,.T.);
#5113 = LINE('',#5114,#5115);
#5114 = CARTESIAN_POINT('',(51.644272400791,-1.,5.1549));
#5115 = VECTOR('',#5116,1.);
#5116 = DIRECTION('',(0.,0.,1.));
#5117 = ORIENTED_EDGE('',*,*,#4840,.F.);
#5118 = PLANE('',#5119);
#5119 = AXIS2_PLACEMENT_3D('',#5120,#5121,#5122);
#5120 = CARTESIAN_POINT('',(51.644272400791,4.,5.1549));
#5121 = DIRECTION('',(-1.,0.,0.));
#5122 = DIRECTION('',(0.,-2.2E-16,1.));
#5123 = ADVANCED_FACE('',(#5124),#5149,.T.);
#5124 = FACE_BOUND('',#5125,.T.);
#5125 = EDGE_LOOP('',(#5126,#5127,#5135,#5143));
#5126 = ORIENTED_EDGE('',*,*,#1200,.T.);
#5127 = ORIENTED_EDGE('',*,*,#5128,.T.);
#5128 = EDGE_CURVE('',#1203,#5129,#5131,.T.);
#5129 = VERTEX_POINT('',#5130);
#5130 = CARTESIAN_POINT('',(66.780087702921,-1.,25.1549));
#5131 = LINE('',#5132,#5133);
#5132 = CARTESIAN_POINT('',(66.780087702921,4.,25.1549));
#5133 = VECTOR('',#5134,1.);
#5134 = DIRECTION('',(0.,-1.,2.2E-16));
#5135 = ORIENTED_EDGE('',*,*,#5136,.T.);
#5136 = EDGE_CURVE('',#5129,#5137,#5139,.T.);
#5137 = VERTEX_POINT('',#5138);
#5138 = CARTESIAN_POINT('',(72.427159399177,-1.,25.1549));
#5139 = LINE('',#5140,#5141);
#5140 = CARTESIAN_POINT('',(66.780087702921,-1.,25.1549));
#5141 = VECTOR('',#5142,1.);
#5142 = DIRECTION('',(1.,0.,0.));
#5143 = ORIENTED_EDGE('',*,*,#5144,.F.);
#5144 = EDGE_CURVE('',#1201,#5137,#5145,.T.);
#5145 = LINE('',#5146,#5147);
#5146 = CARTESIAN_POINT('',(72.427159399177,4.,25.1549));
#5147 = VECTOR('',#5148,1.);
#5148 = DIRECTION('',(0.,-1.,2.2E-16));
#5149 = PLANE('',#5150);
#5150 = AXIS2_PLACEMENT_3D('',#5151,#5152,#5153);
#5151 = CARTESIAN_POINT('',(66.780087702921,4.,25.1549));
#5152 = DIRECTION('',(0.,2.2E-16,1.));
#5153 = DIRECTION('',(1.,0.,0.));
#5154 = ADVANCED_FACE('',(#5155),#5173,.T.);
#5155 = FACE_BOUND('',#5156,.T.);
#5156 = EDGE_LOOP('',(#5157,#5158,#5159,#5167));
#5157 = ORIENTED_EDGE('',*,*,#1258,.T.);
#5158 = ORIENTED_EDGE('',*,*,#5144,.T.);
#5159 = ORIENTED_EDGE('',*,*,#5160,.T.);
#5160 = EDGE_CURVE('',#5137,#5161,#5163,.T.);
#5161 = VERTEX_POINT('',#5162);
#5162 = CARTESIAN_POINT('',(75.553236484277,-1.,5.1549));
#5163 = LINE('',#5164,#5165);
#5164 = CARTESIAN_POINT('',(72.427159399177,-1.,25.1549));
#5165 = VECTOR('',#5166,1.);
#5166 = DIRECTION('',(0.154428820205,0.,-0.988003916738));
#5167 = ORIENTED_EDGE('',*,*,#5168,.F.);
#5168 = EDGE_CURVE('',#1251,#5161,#5169,.T.);
#5169 = LINE('',#5170,#5171);
#5170 = CARTESIAN_POINT('',(75.553236484277,4.,5.1549));
#5171 = VECTOR('',#5172,1.);
#5172 = DIRECTION('',(0.,-1.,2.2E-16));
#5173 = PLANE('',#5174);
#5174 = AXIS2_PLACEMENT_3D('',#5175,#5176,#5177);
#5175 = CARTESIAN_POINT('',(72.427159399177,4.,25.1549));
#5176 = DIRECTION('',(0.988003916738,3.E-17,0.154428820205));
#5177 = DIRECTION('',(0.154428820205,2.2E-16,-0.988003916738));
#5178 = ADVANCED_FACE('',(#5179),#5197,.T.);
#5179 = FACE_BOUND('',#5180,.T.);
#5180 = EDGE_LOOP('',(#5181,#5182,#5183,#5191));
#5181 = ORIENTED_EDGE('',*,*,#1250,.T.);
#5182 = ORIENTED_EDGE('',*,*,#5168,.T.);
#5183 = ORIENTED_EDGE('',*,*,#5184,.T.);
#5184 = EDGE_CURVE('',#5161,#5185,#5187,.T.);
#5185 = VERTEX_POINT('',#5186);
#5186 = CARTESIAN_POINT('',(71.603787678302,-1.,5.1549));
#5187 = LINE('',#5188,#5189);
#5188 = CARTESIAN_POINT('',(75.553236484277,-1.,5.1549));
#5189 = VECTOR('',#5190,1.);
#5190 = DIRECTION('',(-1.,0.,0.));
#5191 = ORIENTED_EDGE('',*,*,#5192,.F.);
#5192 = EDGE_CURVE('',#1243,#5185,#5193,.T.);
#5193 = LINE('',#5194,#5195);
#5194 = CARTESIAN_POINT('',(71.603787678302,4.,5.1549));
#5195 = VECTOR('',#5196,1.);
#5196 = DIRECTION('',(0.,-1.,2.2E-16));
#5197 = PLANE('',#5198);
#5198 = AXIS2_PLACEMENT_3D('',#5199,#5200,#5201);
#5199 = CARTESIAN_POINT('',(75.553236484277,4.,5.1549));
#5200 = DIRECTION('',(0.,-2.2E-16,-1.));
#5201 = DIRECTION('',(-1.,0.,0.));
#5202 = ADVANCED_FACE('',(#5203),#5221,.T.);
#5203 = FACE_BOUND('',#5204,.T.);
#5204 = EDGE_LOOP('',(#5205,#5206,#5207,#5215));
#5205 = ORIENTED_EDGE('',*,*,#1242,.T.);
#5206 = ORIENTED_EDGE('',*,*,#5192,.T.);
#5207 = ORIENTED_EDGE('',*,*,#5208,.T.);
#5208 = EDGE_CURVE('',#5185,#5209,#5211,.T.);
#5209 = VERTEX_POINT('',#5210);
#5210 = CARTESIAN_POINT('',(71.015665020535,-1.,9.743350912274));
#5211 = LINE('',#5212,#5213);
#5212 = CARTESIAN_POINT('',(71.603787678302,-1.,5.1549));
#5213 = VECTOR('',#5214,1.);
#5214 = DIRECTION('',(-0.127134482029,0.,0.991885489096));
#5215 = ORIENTED_EDGE('',*,*,#5216,.F.);
#5216 = EDGE_CURVE('',#1235,#5209,#5217,.T.);
#5217 = LINE('',#5218,#5219);
#5218 = CARTESIAN_POINT('',(71.015665020535,4.,9.743350912274));
#5219 = VECTOR('',#5220,1.);
#5220 = DIRECTION('',(0.,-1.,2.2E-16));
#5221 = PLANE('',#5222);
#5222 = AXIS2_PLACEMENT_3D('',#5223,#5224,#5225);
#5223 = CARTESIAN_POINT('',(71.603787678302,4.,5.1549));
#5224 = DIRECTION('',(-0.991885489096,-3.E-17,-0.127134482029));
#5225 = DIRECTION('',(-0.127134482029,-2.2E-16,0.991885489096));
#5226 = ADVANCED_FACE('',(#5227),#5245,.T.);
#5227 = FACE_BOUND('',#5228,.T.);
#5228 = EDGE_LOOP('',(#5229,#5230,#5231,#5239));
#5229 = ORIENTED_EDGE('',*,*,#1234,.T.);
#5230 = ORIENTED_EDGE('',*,*,#5216,.T.);
#5231 = ORIENTED_EDGE('',*,*,#5232,.T.);
#5232 = EDGE_CURVE('',#5209,#5233,#5235,.T.);
#5233 = VERTEX_POINT('',#5234);
#5234 = CARTESIAN_POINT('',(68.192129172407,-1.,9.743350912274));
#5235 = LINE('',#5236,#5237);
#5236 = CARTESIAN_POINT('',(71.015665020535,-1.,9.743350912274));
#5237 = VECTOR('',#5238,1.);
#5238 = DIRECTION('',(-1.,0.,0.));
#5239 = ORIENTED_EDGE('',*,*,#5240,.F.);
#5240 = EDGE_CURVE('',#1227,#5233,#5241,.T.);
#5241 = LINE('',#5242,#5243);
#5242 = CARTESIAN_POINT('',(68.192129172407,4.,9.743350912274));
#5243 = VECTOR('',#5244,1.);
#5244 = DIRECTION('',(0.,-1.,2.2E-16));
#5245 = PLANE('',#5246);
#5246 = AXIS2_PLACEMENT_3D('',#5247,#5248,#5249);
#5247 = CARTESIAN_POINT('',(71.015665020535,4.,9.743350912274));
#5248 = DIRECTION('',(0.,-2.2E-16,-1.));
#5249 = DIRECTION('',(-1.,0.,0.));
#5250 = ADVANCED_FACE('',(#5251),#5269,.T.);
#5251 = FACE_BOUND('',#5252,.T.);
#5252 = EDGE_LOOP('',(#5253,#5254,#5255,#5263));
#5253 = ORIENTED_EDGE('',*,*,#1226,.T.);
#5254 = ORIENTED_EDGE('',*,*,#5240,.T.);
#5255 = ORIENTED_EDGE('',*,*,#5256,.T.);
#5256 = EDGE_CURVE('',#5233,#5257,#5259,.T.);
#5257 = VERTEX_POINT('',#5258);
#5258 = CARTESIAN_POINT('',(67.603459423796,-1.,5.1549));
#5259 = LINE('',#5260,#5261);
#5260 = CARTESIAN_POINT('',(68.192129172407,-1.,9.743350912274));
#5261 = VECTOR('',#5262,1.);
#5262 = DIRECTION('',(-0.127250832507,-0.,-0.991870568989));
#5263 = ORIENTED_EDGE('',*,*,#5264,.F.);
#5264 = EDGE_CURVE('',#1219,#5257,#5265,.T.);
#5265 = LINE('',#5266,#5267);
#5266 = CARTESIAN_POINT('',(67.603459423796,4.,5.1549));
#5267 = VECTOR('',#5268,1.);
#5268 = DIRECTION('',(0.,-1.,2.2E-16));
#5269 = PLANE('',#5270);
#5270 = AXIS2_PLACEMENT_3D('',#5271,#5272,#5273);
#5271 = CARTESIAN_POINT('',(68.192129172407,4.,9.743350912274));
#5272 = DIRECTION('',(0.991870568989,-3.E-17,-0.127250832507));
#5273 = DIRECTION('',(-0.127250832507,2.2E-16,-0.991870568989));
#5274 = ADVANCED_FACE('',(#5275),#5293,.T.);
#5275 = FACE_BOUND('',#5276,.T.);
#5276 = EDGE_LOOP('',(#5277,#5278,#5279,#5287));
#5277 = ORIENTED_EDGE('',*,*,#1218,.T.);
#5278 = ORIENTED_EDGE('',*,*,#5264,.T.);
#5279 = ORIENTED_EDGE('',*,*,#5280,.T.);
#5280 = EDGE_CURVE('',#5257,#5281,#5283,.T.);
#5281 = VERTEX_POINT('',#5282);
#5282 = CARTESIAN_POINT('',(63.654010617821,-1.,5.1549));
#5283 = LINE('',#5284,#5285);
#5284 = CARTESIAN_POINT('',(67.603459423796,-1.,5.1549));
#5285 = VECTOR('',#5286,1.);
#5286 = DIRECTION('',(-1.,0.,0.));
#5287 = ORIENTED_EDGE('',*,*,#5288,.F.);
#5288 = EDGE_CURVE('',#1211,#5281,#5289,.T.);
#5289 = LINE('',#5290,#5291);
#5290 = CARTESIAN_POINT('',(63.654010617821,4.,5.1549));
#5291 = VECTOR('',#5292,1.);
#5292 = DIRECTION('',(0.,-1.,2.2E-16));
#5293 = PLANE('',#5294);
#5294 = AXIS2_PLACEMENT_3D('',#5295,#5296,#5297);
#5295 = CARTESIAN_POINT('',(67.603459423796,4.,5.1549));
#5296 = DIRECTION('',(0.,-2.2E-16,-1.));
#5297 = DIRECTION('',(-1.,0.,0.));
#5298 = ADVANCED_FACE('',(#5299),#5310,.T.);
#5299 = FACE_BOUND('',#5300,.T.);
#5300 = EDGE_LOOP('',(#5301,#5302,#5303,#5309));
#5301 = ORIENTED_EDGE('',*,*,#1210,.T.);
#5302 = ORIENTED_EDGE('',*,*,#5288,.T.);
#5303 = ORIENTED_EDGE('',*,*,#5304,.T.);
#5304 = EDGE_CURVE('',#5281,#5129,#5305,.T.);
#5305 = LINE('',#5306,#5307);
#5306 = CARTESIAN_POINT('',(63.654010617821,-1.,5.1549));
#5307 = VECTOR('',#5308,1.);
#5308 = DIRECTION('',(0.154428820205,0.,0.988003916738));
#5309 = ORIENTED_EDGE('',*,*,#5128,.F.);
#5310 = PLANE('',#5311);
#5311 = AXIS2_PLACEMENT_3D('',#5312,#5313,#5314);
#5312 = CARTESIAN_POINT('',(63.654010617821,4.,5.1549));
#5313 = DIRECTION('',(-0.988003916738,3.E-17,0.154428820205));
#5314 = DIRECTION('',(0.154428820205,-2.2E-16,0.988003916738));
#5315 = ADVANCED_FACE('',(#5316),#5341,.T.);
#5316 = FACE_BOUND('',#5317,.T.);
#5317 = EDGE_LOOP('',(#5318,#5319,#5327,#5335));
#5318 = ORIENTED_EDGE('',*,*,#1266,.T.);
#5319 = ORIENTED_EDGE('',*,*,#5320,.T.);
#5320 = EDGE_CURVE('',#1269,#5321,#5323,.T.);
#5321 = VERTEX_POINT('',#5322);
#5322 = CARTESIAN_POINT('',(76.731123072345,-1.,18.423494250075));
#5323 = LINE('',#5324,#5325);
#5324 = CARTESIAN_POINT('',(76.731123072345,4.,18.423494250075));
#5325 = VECTOR('',#5326,1.);
#5326 = DIRECTION('',(0.,-1.,2.2E-16));
#5327 = ORIENTED_EDGE('',*,*,#5328,.T.);
#5328 = EDGE_CURVE('',#5321,#5329,#5331,.T.);
#5329 = VERTEX_POINT('',#5330);
#5330 = CARTESIAN_POINT('',(78.193496899519,-1.,21.188491377848));
#5331 = B_SPLINE_CURVE_WITH_KNOTS('',2,(#5332,#5333,#5334),
  .UNSPECIFIED.,.F.,.F.,(3,3),(0.,1.),.PIECEWISE_BEZIER_KNOTS.);
#5332 = CARTESIAN_POINT('',(76.731123072345,-1.,18.423494250075));
#5333 = CARTESIAN_POINT('',(77.251953556246,-1.,19.911034256093));
#5334 = CARTESIAN_POINT('',(78.193496899519,-1.,21.188491377848));
#5335 = ORIENTED_EDGE('',*,*,#5336,.F.);
#5336 = EDGE_CURVE('',#1267,#5329,#5337,.T.);
#5337 = LINE('',#5338,#5339);
#5338 = CARTESIAN_POINT('',(78.193496899519,4.,21.188491377848));
#5339 = VECTOR('',#5340,1.);
#5340 = DIRECTION('',(0.,-1.,2.2E-16));
#5341 = SURFACE_OF_LINEAR_EXTRUSION('',#5342,#5346);
#5342 = B_SPLINE_CURVE_WITH_KNOTS('',2,(#5343,#5344,#5345),
  .UNSPECIFIED.,.F.,.F.,(3,3),(0.,1.),.PIECEWISE_BEZIER_KNOTS.);
#5343 = CARTESIAN_POINT('',(76.731123072345,4.,18.423494250075));
#5344 = CARTESIAN_POINT('',(77.251953556246,4.,19.911034256093));
#5345 = CARTESIAN_POINT('',(78.193496899519,4.,21.188491377848));
#5346 = VECTOR('',#5347,1.);
#5347 = DIRECTION('',(0.,1.,-2.2E-16));
#5348 = ADVANCED_FACE('',(#5349),#5367,.T.);
#5349 = FACE_BOUND('',#5350,.T.);
#5350 = EDGE_LOOP('',(#5351,#5352,#5353,#5361));
#5351 = ORIENTED_EDGE('',*,*,#1619,.T.);
#5352 = ORIENTED_EDGE('',*,*,#5336,.T.);
#5353 = ORIENTED_EDGE('',*,*,#5354,.T.);
#5354 = EDGE_CURVE('',#5329,#5355,#5357,.T.);
#5355 = VERTEX_POINT('',#5356);
#5356 = CARTESIAN_POINT('',(80.40319682019,-1.,23.373025119676));
#5357 = B_SPLINE_CURVE_WITH_KNOTS('',2,(#5358,#5359,#5360),
  .UNSPECIFIED.,.F.,.F.,(3,3),(0.,1.),.PIECEWISE_BEZIER_KNOTS.);
#5358 = CARTESIAN_POINT('',(78.193496899519,-1.,21.188491377848));
#5359 = CARTESIAN_POINT('',(79.117533335769,-1.,22.448988683426));
#5360 = CARTESIAN_POINT('',(80.40319682019,-1.,23.373025119676));
#5361 = ORIENTED_EDGE('',*,*,#5362,.F.);
#5362 = EDGE_CURVE('',#1605,#5355,#5363,.T.);
#5363 = LINE('',#5364,#5365);
#5364 = CARTESIAN_POINT('',(80.40319682019,4.,23.373025119676));
#5365 = VECTOR('',#5366,1.);
#5366 = DIRECTION('',(0.,-1.,2.2E-16));
#5367 = SURFACE_OF_LINEAR_EXTRUSION('',#5368,#5372);
#5368 = B_SPLINE_CURVE_WITH_KNOTS('',2,(#5369,#5370,#5371),
  .UNSPECIFIED.,.F.,.F.,(3,3),(0.,1.),.PIECEWISE_BEZIER_KNOTS.);
#5369 = CARTESIAN_POINT('',(78.193496899519,4.,21.188491377848));
#5370 = CARTESIAN_POINT('',(79.117533335769,4.,22.448988683426));
#5371 = CARTESIAN_POINT('',(80.40319682019,4.,23.373025119676));
#5372 = VECTOR('',#5373,1.);
#5373 = DIRECTION('',(0.,1.,-2.2E-16));
#5374 = ADVANCED_FACE('',(#5375),#5393,.T.);
#5375 = FACE_BOUND('',#5376,.T.);
#5376 = EDGE_LOOP('',(#5377,#5378,#5379,#5387));
#5377 = ORIENTED_EDGE('',*,*,#1604,.T.);
#5378 = ORIENTED_EDGE('',*,*,#5362,.T.);
#5379 = ORIENTED_EDGE('',*,*,#5380,.T.);
#5380 = EDGE_CURVE('',#5355,#5381,#5383,.T.);
#5381 = VERTEX_POINT('',#5382);
#5382 = CARTESIAN_POINT('',(83.168193947963,-1.,24.80202640534));
#5383 = B_SPLINE_CURVE_WITH_KNOTS('',2,(#5384,#5385,#5386),
  .UNSPECIFIED.,.F.,.F.,(3,3),(0.,1.),.PIECEWISE_BEZIER_KNOTS.);
#5384 = CARTESIAN_POINT('',(80.40319682019,-1.,23.373025119676));
#5385 = CARTESIAN_POINT('',(81.688860304612,-1.,24.297608646771));
#5386 = CARTESIAN_POINT('',(83.168193947963,-1.,24.80202640534));
#5387 = ORIENTED_EDGE('',*,*,#5388,.F.);
#5388 = EDGE_CURVE('',#1594,#5381,#5389,.T.);
#5389 = LINE('',#5390,#5391);
#5390 = CARTESIAN_POINT('',(83.168193947963,4.,24.80202640534));
#5391 = VECTOR('',#5392,1.);
#5392 = DIRECTION('',(0.,-1.,2.2E-16));
#5393 = SURFACE_OF_LINEAR_EXTRUSION('',#5394,#5398);
#5394 = B_SPLINE_CURVE_WITH_KNOTS('',2,(#5395,#5396,#5397),
  .UNSPECIFIED.,.F.,.F.,(3,3),(0.,1.),.PIECEWISE_BEZIER_KNOTS.);
#5395 = CARTESIAN_POINT('',(80.40319682019,4.,23.373025119676));
#5396 = CARTESIAN_POINT('',(81.688860304612,4.,24.297608646771));
#5397 = CARTESIAN_POINT('',(83.168193947963,4.,24.80202640534));
#5398 = VECTOR('',#5399,1.);
#5399 = DIRECTION('',(0.,1.,-2.2E-16));
#5400 = ADVANCED_FACE('',(#5401),#5419,.T.);
#5401 = FACE_BOUND('',#5402,.T.);
#5402 = EDGE_LOOP('',(#5403,#5404,#5405,#5413));
#5403 = ORIENTED_EDGE('',*,*,#1593,.T.);
#5404 = ORIENTED_EDGE('',*,*,#5388,.T.);
#5405 = ORIENTED_EDGE('',*,*,#5406,.T.);
#5406 = EDGE_CURVE('',#5381,#5407,#5409,.T.);
#5407 = VERTEX_POINT('',#5408);
#5408 = CARTESIAN_POINT('',(84.705519220825,-1.,25.188272541511));
#5409 = B_SPLINE_CURVE_WITH_KNOTS('',2,(#5410,#5411,#5412),
  .UNSPECIFIED.,.F.,.F.,(3,3),(0.,1.),.PIECEWISE_BEZIER_KNOTS.);
#5410 = CARTESIAN_POINT('',(83.168193947963,-1.,24.80202640534));
#5411 = CARTESIAN_POINT('',(83.907313678795,-1.,25.05368819378));
#5412 = CARTESIAN_POINT('',(84.705519220825,-1.,25.188272541511));
#5413 = ORIENTED_EDGE('',*,*,#5414,.F.);
#5414 = EDGE_CURVE('',#1583,#5407,#5415,.T.);
#5415 = LINE('',#5416,#5417);
#5416 = CARTESIAN_POINT('',(84.705519220825,4.,25.188272541511));
#5417 = VECTOR('',#5418,1.);
#5418 = DIRECTION('',(0.,-1.,2.2E-16));
#5419 = SURFACE_OF_LINEAR_EXTRUSION('',#5420,#5424);
#5420 = B_SPLINE_CURVE_WITH_KNOTS('',2,(#5421,#5422,#5423),
  .UNSPECIFIED.,.F.,.F.,(3,3),(0.,1.),.PIECEWISE_BEZIER_KNOTS.);
#5421 = CARTESIAN_POINT('',(83.168193947963,4.,24.80202640534));
#5422 = CARTESIAN_POINT('',(83.907313678795,4.,25.05368819378));
#5423 = CARTESIAN_POINT('',(84.705519220825,4.,25.188272541511));
#5424 = VECTOR('',#5425,1.);
#5425 = DIRECTION('',(0.,1.,-2.2E-16));
#5426 = ADVANCED_FACE('',(#5427),#5445,.T.);
#5427 = FACE_BOUND('',#5428,.T.);
#5428 = EDGE_LOOP('',(#5429,#5430,#5431,#5439));
#5429 = ORIENTED_EDGE('',*,*,#1582,.T.);
#5430 = ORIENTED_EDGE('',*,*,#5414,.T.);
#5431 = ORIENTED_EDGE('',*,*,#5432,.T.);
#5432 = EDGE_CURVE('',#5407,#5433,#5435,.T.);
#5433 = VERTEX_POINT('',#5434);
#5434 = CARTESIAN_POINT('',(86.327643574574,-1.,25.322856889241));
#5435 = B_SPLINE_CURVE_WITH_KNOTS('',2,(#5436,#5437,#5438),
  .UNSPECIFIED.,.F.,.F.,(3,3),(0.,1.),.PIECEWISE_BEZIER_KNOTS.);
#5436 = CARTESIAN_POINT('',(84.705519220825,-1.,25.188272541511));
#5437 = CARTESIAN_POINT('',(85.5042718537,-1.,25.322856889241));
#5438 = CARTESIAN_POINT('',(86.327643574574,-1.,25.322856889241));
#5439 = ORIENTED_EDGE('',*,*,#5440,.F.);
#5440 = EDGE_CURVE('',#1564,#5433,#5441,.T.);
#5441 = LINE('',#5442,#5443);
#5442 = CARTESIAN_POINT('',(86.327643574574,4.,25.322856889241));
#5443 = VECTOR('',#5444,1.);
#5444 = DIRECTION('',(0.,-1.,2.2E-16));
#5445 = SURFACE_OF_LINEAR_EXTRUSION('',#5446,#5450);
#5446 = B_SPLINE_CURVE_WITH_KNOTS('',2,(#5447,#5448,#5449),
  .UNSPECIFIED.,.F.,.F.,(3,3),(0.,1.),.PIECEWISE_BEZIER_KNOTS.);
#5447 = CARTESIAN_POINT('',(84.705519220825,4.,25.188272541511));
#5448 = CARTESIAN_POINT('',(85.5042718537,4.,25.322856889241));
#5449 = CARTESIAN_POINT('',(86.327643574574,4.,25.322856889241));
#5450 = VECTOR('',#5451,1.);
#5451 = DIRECTION('',(0.,1.,-2.2E-16));
#5452 = ADVANCED_FACE('',(#5453),#5471,.T.);
#5453 = FACE_BOUND('',#5454,.T.);
#5454 = EDGE_LOOP('',(#5455,#5456,#5457,#5465));
#5455 = ORIENTED_EDGE('',*,*,#1563,.T.);
#5456 = ORIENTED_EDGE('',*,*,#5440,.T.);
#5457 = ORIENTED_EDGE('',*,*,#5458,.T.);
#5458 = EDGE_CURVE('',#5433,#5459,#5461,.T.);
#5459 = VERTEX_POINT('',#5460);
#5460 = CARTESIAN_POINT('',(89.521012833539,-1.,24.793272951829));
#5461 = B_SPLINE_CURVE_WITH_KNOTS('',2,(#5462,#5463,#5464),
  .UNSPECIFIED.,.F.,.F.,(3,3),(0.,1.),.PIECEWISE_BEZIER_KNOTS.);
#5462 = CARTESIAN_POINT('',(86.327643574574,-1.,25.322856889241));
#5463 = CARTESIAN_POINT('',(88.025266464855,-1.,25.322856889241));
#5464 = CARTESIAN_POINT('',(89.521012833539,-1.,24.793272951829));
#5465 = ORIENTED_EDGE('',*,*,#5466,.F.);
#5466 = EDGE_CURVE('',#1545,#5459,#5467,.T.);
#5467 = LINE('',#5468,#5469);
#5468 = CARTESIAN_POINT('',(89.521012833539,4.,24.793272951829));
#5469 = VECTOR('',#5470,1.);
#5470 = DIRECTION('',(0.,-1.,2.2E-16));
#5471 = SURFACE_OF_LINEAR_EXTRUSION('',#5472,#5476);
#5472 = B_SPLINE_CURVE_WITH_KNOTS('',2,(#5473,#5474,#5475),
  .UNSPECIFIED.,.F.,.F.,(3,3),(0.,1.),.PIECEWISE_BEZIER_KNOTS.);
#5473 = CARTESIAN_POINT('',(86.327643574574,4.,25.322856889241));
#5474 = CARTESIAN_POINT('',(88.025266464855,4.,25.322856889241));
#5475 = CARTESIAN_POINT('',(89.521012833539,4.,24.793272951829));
#5476 = VECTOR('',#5477,1.);
#5477 = DIRECTION('',(0.,1.,-2.2E-16));
#5478 = ADVANCED_FACE('',(#5479),#5497,.T.);
#5479 = FACE_BOUND('',#5480,.T.);
#5480 = EDGE_LOOP('',(#5481,#5482,#5483,#5491));
#5481 = ORIENTED_EDGE('',*,*,#1544,.T.);
#5482 = ORIENTED_EDGE('',*,*,#5466,.T.);
#5483 = ORIENTED_EDGE('',*,*,#5484,.T.);
#5484 = EDGE_CURVE('',#5459,#5485,#5487,.T.);
#5485 = VERTEX_POINT('',#5486);
#5486 = CARTESIAN_POINT('',(92.260296691624,-1.,23.373025119676));
#5487 = B_SPLINE_CURVE_WITH_KNOTS('',2,(#5488,#5489,#5490),
  .UNSPECIFIED.,.F.,.F.,(3,3),(0.,1.),.PIECEWISE_BEZIER_KNOTS.);
#5488 = CARTESIAN_POINT('',(89.521012833539,-1.,24.793272951829));
#5489 = CARTESIAN_POINT('',(91.016759202224,-1.,24.26423610526));
#5490 = CARTESIAN_POINT('',(92.260296691624,-1.,23.373025119676));
#5491 = ORIENTED_EDGE('',*,*,#5492,.F.);
#5492 = EDGE_CURVE('',#1526,#5485,#5493,.T.);
#5493 = LINE('',#5494,#5495);
#5494 = CARTESIAN_POINT('',(92.260296691624,4.,23.373025119676));
#5495 = VECTOR('',#5496,1.);
#5496 = DIRECTION('',(0.,-1.,2.2E-16));
#5497 = SURFACE_OF_LINEAR_EXTRUSION('',#5498,#5502);
#5498 = B_SPLINE_CURVE_WITH_KNOTS('',2,(#5499,#5500,#5501),
  .UNSPECIFIED.,.F.,.F.,(3,3),(0.,1.),.PIECEWISE_BEZIER_KNOTS.);
#5499 = CARTESIAN_POINT('',(89.521012833539,4.,24.793272951829));
#5500 = CARTESIAN_POINT('',(91.016759202224,4.,24.26423610526));
#5501 = CARTESIAN_POINT('',(92.260296691624,4.,23.373025119676));
#5502 = VECTOR('',#5503,1.);
#5503 = DIRECTION('',(0.,1.,-2.2E-16));
#5504 = ADVANCED_FACE('',(#5505),#5523,.T.);
#5505 = FACE_BOUND('',#5506,.T.);
#5506 = EDGE_LOOP('',(#5507,#5508,#5509,#5517));
#5507 = ORIENTED_EDGE('',*,*,#1525,.T.);
#5508 = ORIENTED_EDGE('',*,*,#5492,.T.);
#5509 = ORIENTED_EDGE('',*,*,#5510,.T.);
#5510 = EDGE_CURVE('',#5485,#5511,#5513,.T.);
#5511 = VERTEX_POINT('',#5512);
#5512 = CARTESIAN_POINT('',(94.579414781183,-1.,21.011781035096));
#5513 = B_SPLINE_CURVE_WITH_KNOTS('',2,(#5514,#5515,#5516),
  .UNSPECIFIED.,.F.,.F.,(3,3),(0.,1.),.PIECEWISE_BEZIER_KNOTS.);
#5514 = CARTESIAN_POINT('',(92.260296691624,-1.,23.373025119676));
#5515 = CARTESIAN_POINT('',(93.688750886443,-1.,22.314404335695));
#5516 = CARTESIAN_POINT('',(94.579414781183,-1.,21.011781035096));
#5517 = ORIENTED_EDGE('',*,*,#5518,.F.);
#5518 = EDGE_CURVE('',#1511,#5511,#5519,.T.);
#5519 = LINE('',#5520,#5521);
#5520 = CARTESIAN_POINT('',(94.579414781183,4.,21.011781035096));
#5521 = VECTOR('',#5522,1.);
#5522 = DIRECTION('',(0.,-1.,2.2E-16));
#5523 = SURFACE_OF_LINEAR_EXTRUSION('',#5524,#5528);
#5524 = B_SPLINE_CURVE_WITH_KNOTS('',2,(#5525,#5526,#5527),
  .UNSPECIFIED.,.F.,.F.,(3,3),(0.,1.),.PIECEWISE_BEZIER_KNOTS.);
#5525 = CARTESIAN_POINT('',(92.260296691624,4.,23.373025119676));
#5526 = CARTESIAN_POINT('',(93.688750886443,4.,22.314404335695));
#5527 = CARTESIAN_POINT('',(94.579414781183,4.,21.011781035096));
#5528 = VECTOR('',#5529,1.);
#5529 = DIRECTION('',(0.,1.,-2.2E-16));
#5530 = ADVANCED_FACE('',(#5531),#5549,.T.);
#5531 = FACE_BOUND('',#5532,.T.);
#5532 = EDGE_LOOP('',(#5533,#5534,#5535,#5543));
#5533 = ORIENTED_EDGE('',*,*,#1510,.T.);
#5534 = ORIENTED_EDGE('',*,*,#5518,.T.);
#5535 = ORIENTED_EDGE('',*,*,#5536,.T.);
#5536 = EDGE_CURVE('',#5511,#5537,#5539,.T.);
#5537 = VERTEX_POINT('',#5538);
#5538 = CARTESIAN_POINT('',(95.907204260626,-1.,18.432247703586));
#5539 = B_SPLINE_CURVE_WITH_KNOTS('',2,(#5540,#5541,#5542),
  .UNSPECIFIED.,.F.,.F.,(3,3),(0.,1.),.PIECEWISE_BEZIER_KNOTS.);
#5540 = CARTESIAN_POINT('',(94.579414781183,-1.,21.011781035096));
#5541 = CARTESIAN_POINT('',(95.470625766767,-1.,19.709704825341));
#5542 = CARTESIAN_POINT('',(95.907204260626,-1.,18.432247703586));
#5543 = ORIENTED_EDGE('',*,*,#5544,.F.);
#5544 = EDGE_CURVE('',#1498,#5537,#5545,.T.);
#5545 = LINE('',#5546,#5547);
#5546 = CARTESIAN_POINT('',(95.907204260626,4.,18.432247703586));
#5547 = VECTOR('',#5548,1.);
#5548 = DIRECTION('',(0.,-1.,2.2E-16));
#5549 = SURFACE_OF_LINEAR_EXTRUSION('',#5550,#5554);
#5550 = B_SPLINE_CURVE_WITH_KNOTS('',2,(#5551,#5552,#5553),
  .UNSPECIFIED.,.F.,.F.,(3,3),(0.,1.),.PIECEWISE_BEZIER_KNOTS.);
#5551 = CARTESIAN_POINT('',(94.579414781183,4.,21.011781035096));
#5552 = CARTESIAN_POINT('',(95.470625766767,4.,19.709704825341));
#5553 = CARTESIAN_POINT('',(95.907204260626,4.,18.432247703586));
#5554 = VECTOR('',#5555,1.);
#5555 = DIRECTION('',(0.,1.,-2.2E-16));
#5556 = ADVANCED_FACE('',(#5557),#5575,.T.);
#5557 = FACE_BOUND('',#5558,.T.);
#5558 = EDGE_LOOP('',(#5559,#5560,#5561,#5569));
#5559 = ORIENTED_EDGE('',*,*,#1497,.T.);
#5560 = ORIENTED_EDGE('',*,*,#5544,.T.);
#5561 = ORIENTED_EDGE('',*,*,#5562,.T.);
#5562 = EDGE_CURVE('',#5537,#5563,#5565,.T.);
#5563 = VERTEX_POINT('',#5564);
#5564 = CARTESIAN_POINT('',(96.293997487641,-1.,16.885621886369));
#5565 = B_SPLINE_CURVE_WITH_KNOTS('',2,(#5566,#5567,#5568),
  .UNSPECIFIED.,.F.,.F.,(3,3),(0.,1.),.PIECEWISE_BEZIER_KNOTS.);
#5566 = CARTESIAN_POINT('',(95.907204260626,-1.,18.432247703586));
#5567 = CARTESIAN_POINT('',(96.15941313991,-1.,17.675621065733));
#5568 = CARTESIAN_POINT('',(96.293997487641,-1.,16.885621886369));
#5569 = ORIENTED_EDGE('',*,*,#5570,.F.);
#5570 = EDGE_CURVE('',#1487,#5563,#5571,.T.);
#5571 = LINE('',#5572,#5573);
#5572 = CARTESIAN_POINT('',(96.293997487641,4.,16.885621886369));
#5573 = VECTOR('',#5574,1.);
#5574 = DIRECTION('',(0.,-1.,2.2E-16));
#5575 = SURFACE_OF_LINEAR_EXTRUSION('',#5576,#5580);
#5576 = B_SPLINE_CURVE_WITH_KNOTS('',2,(#5577,#5578,#5579),
  .UNSPECIFIED.,.F.,.F.,(3,3),(0.,1.),.PIECEWISE_BEZIER_KNOTS.);
#5577 = CARTESIAN_POINT('',(95.907204260626,4.,18.432247703586));
#5578 = CARTESIAN_POINT('',(96.15941313991,4.,17.675621065733));
#5579 = CARTESIAN_POINT('',(96.293997487641,4.,16.885621886369));
#5580 = VECTOR('',#5581,1.);
#5581 = DIRECTION('',(0.,1.,-2.2E-16));
#5582 = ADVANCED_FACE('',(#5583),#5601,.T.);
#5583 = FACE_BOUND('',#5584,.T.);
#5584 = EDGE_LOOP('',(#5585,#5586,#5587,#5595));
#5585 = ORIENTED_EDGE('',*,*,#1486,.T.);
#5586 = ORIENTED_EDGE('',*,*,#5570,.T.);
#5587 = ORIENTED_EDGE('',*,*,#5588,.T.);
#5588 = EDGE_CURVE('',#5563,#5589,#5591,.T.);
#5589 = VERTEX_POINT('',#5590);
#5590 = CARTESIAN_POINT('',(96.428581835372,-1.,15.272250986131));
#5591 = B_SPLINE_CURVE_WITH_KNOTS('',2,(#5592,#5593,#5594),
  .UNSPECIFIED.,.F.,.F.,(3,3),(0.,1.),.PIECEWISE_BEZIER_KNOTS.);
#5592 = CARTESIAN_POINT('',(96.293997487641,-1.,16.885621886369));
#5593 = CARTESIAN_POINT('',(96.428581835372,-1.,16.09616979785));
#5594 = CARTESIAN_POINT('',(96.428581835372,-1.,15.272250986131));
#5595 = ORIENTED_EDGE('',*,*,#5596,.F.);
#5596 = EDGE_CURVE('',#1468,#5589,#5597,.T.);
#5597 = LINE('',#5598,#5599);
#5598 = CARTESIAN_POINT('',(96.428581835372,4.,15.272250986131));
#5599 = VECTOR('',#5600,1.);
#5600 = DIRECTION('',(0.,-1.,2.2E-16));
#5601 = SURFACE_OF_LINEAR_EXTRUSION('',#5602,#5606);
#5602 = B_SPLINE_CURVE_WITH_KNOTS('',2,(#5603,#5604,#5605),
  .UNSPECIFIED.,.F.,.F.,(3,3),(0.,1.),.PIECEWISE_BEZIER_KNOTS.);
#5603 = CARTESIAN_POINT('',(96.293997487641,4.,16.885621886369));
#5604 = CARTESIAN_POINT('',(96.428581835372,4.,16.09616979785));
#5605 = CARTESIAN_POINT('',(96.428581835372,4.,15.272250986131));
#5606 = VECTOR('',#5607,1.);
#5607 = DIRECTION('',(0.,1.,-2.2E-16));
#5608 = ADVANCED_FACE('',(#5609),#5627,.T.);
#5609 = FACE_BOUND('',#5610,.T.);
#5610 = EDGE_LOOP('',(#5611,#5612,#5613,#5621));
#5611 = ORIENTED_EDGE('',*,*,#1467,.T.);
#5612 = ORIENTED_EDGE('',*,*,#5596,.T.);
#5613 = ORIENTED_EDGE('',*,*,#5614,.T.);
#5614 = EDGE_CURVE('',#5589,#5615,#5617,.T.);
#5615 = VERTEX_POINT('',#5616);
#5616 = CARTESIAN_POINT('',(95.915957714137,-1.,12.062469001833));
#5617 = B_SPLINE_CURVE_WITH_KNOTS('',2,(#5618,#5619,#5620),
  .UNSPECIFIED.,.F.,.F.,(3,3),(0.,1.),.PIECEWISE_BEZIER_KNOTS.);
#5618 = CARTESIAN_POINT('',(96.428581835372,-1.,15.272250986131));
#5619 = CARTESIAN_POINT('',(96.428581835372,-1.,13.625507544383));
#5620 = CARTESIAN_POINT('',(95.915957714137,-1.,12.062469001833));
#5621 = ORIENTED_EDGE('',*,*,#5622,.F.);
#5622 = EDGE_CURVE('',#1453,#5615,#5623,.T.);
#5623 = LINE('',#5624,#5625);
#5624 = CARTESIAN_POINT('',(95.915957714137,4.,12.062469001833));
#5625 = VECTOR('',#5626,1.);
#5626 = DIRECTION('',(0.,-1.,2.2E-16));
#5627 = SURFACE_OF_LINEAR_EXTRUSION('',#5628,#5632);
#5628 = B_SPLINE_CURVE_WITH_KNOTS('',2,(#5629,#5630,#5631),
  .UNSPECIFIED.,.F.,.F.,(3,3),(0.,1.),.PIECEWISE_BEZIER_KNOTS.);
#5629 = CARTESIAN_POINT('',(96.428581835372,4.,15.272250986131));
#5630 = CARTESIAN_POINT('',(96.428581835372,4.,13.625507544383));
#5631 = CARTESIAN_POINT('',(95.915957714137,4.,12.062469001833));
#5632 = VECTOR('',#5633,1.);
#5633 = DIRECTION('',(0.,1.,-2.2E-16));
#5634 = ADVANCED_FACE('',(#5635),#5653,.T.);
#5635 = FACE_BOUND('',#5636,.T.);
#5636 = EDGE_LOOP('',(#5637,#5638,#5639,#5647));
#5637 = ORIENTED_EDGE('',*,*,#1452,.T.);
#5638 = ORIENTED_EDGE('',*,*,#5622,.T.);
#5639 = ORIENTED_EDGE('',*,*,#5640,.T.);
#5640 = EDGE_CURVE('',#5615,#5641,#5643,.T.);
#5641 = VERTEX_POINT('',#5642);
#5642 = CARTESIAN_POINT('',(94.478750065807,-1.,9.205560612195));
#5643 = B_SPLINE_CURVE_WITH_KNOTS('',2,(#5644,#5645,#5646),
  .UNSPECIFIED.,.F.,.F.,(3,3),(0.,1.),.PIECEWISE_BEZIER_KNOTS.);
#5644 = CARTESIAN_POINT('',(95.915957714137,-1.,12.062469001833));
#5645 = CARTESIAN_POINT('',(95.403333592902,-1.,10.499430459283));
#5646 = CARTESIAN_POINT('',(94.478750065807,-1.,9.205560612195));
#5647 = ORIENTED_EDGE('',*,*,#5648,.F.);
#5648 = EDGE_CURVE('',#1438,#5641,#5649,.T.);
#5649 = LINE('',#5650,#5651);
#5650 = CARTESIAN_POINT('',(94.478750065807,4.,9.205560612195));
#5651 = VECTOR('',#5652,1.);
#5652 = DIRECTION('',(0.,-1.,2.2E-16));
#5653 = SURFACE_OF_LINEAR_EXTRUSION('',#5654,#5658);
#5654 = B_SPLINE_CURVE_WITH_KNOTS('',2,(#5655,#5656,#5657),
  .UNSPECIFIED.,.F.,.F.,(3,3),(0.,1.),.PIECEWISE_BEZIER_KNOTS.);
#5655 = CARTESIAN_POINT('',(95.915957714137,4.,12.062469001833));
#5656 = CARTESIAN_POINT('',(95.403333592902,4.,10.499430459283));
#5657 = CARTESIAN_POINT('',(94.478750065807,4.,9.205560612195));
#5658 = VECTOR('',#5659,1.);
#5659 = DIRECTION('',(0.,1.,-2.2E-16));
#5660 = ADVANCED_FACE('',(#5661),#5679,.T.);
#5661 = FACE_BOUND('',#5662,.T.);
#5662 = EDGE_LOOP('',(#5663,#5664,#5665,#5673));
#5663 = ORIENTED_EDGE('',*,*,#1437,.T.);
#5664 = ORIENTED_EDGE('',*,*,#5648,.T.);
#5665 = ORIENTED_EDGE('',*,*,#5666,.T.);
#5666 = EDGE_CURVE('',#5641,#5667,#5669,.T.);
#5667 = VERTEX_POINT('',#5668);
#5668 = CARTESIAN_POINT('',(92.252090328958,-1.,6.978353784501));
#5669 = B_SPLINE_CURVE_WITH_KNOTS('',2,(#5670,#5671,#5672),
  .UNSPECIFIED.,.F.,.F.,(3,3),(0.,1.),.PIECEWISE_BEZIER_KNOTS.);
#5670 = CARTESIAN_POINT('',(94.478750065807,-1.,9.205560612195));
#5671 = CARTESIAN_POINT('',(93.537753813379,-1.,7.92810349044));
#5672 = CARTESIAN_POINT('',(92.252090328958,-1.,6.978353784501));
#5673 = ORIENTED_EDGE('',*,*,#5674,.F.);
#5674 = EDGE_CURVE('',#1423,#5667,#5675,.T.);
#5675 = LINE('',#5676,#5677);
#5676 = CARTESIAN_POINT('',(92.252090328958,4.,6.978353784501));
#5677 = VECTOR('',#5678,1.);
#5678 = DIRECTION('',(0.,-1.,2.2E-16));
#5679 = SURFACE_OF_LINEAR_EXTRUSION('',#5680,#5684);
#5680 = B_SPLINE_CURVE_WITH_KNOTS('',2,(#5681,#5682,#5683),
  .UNSPECIFIED.,.F.,.F.,(3,3),(0.,1.),.PIECEWISE_BEZIER_KNOTS.);
#5681 = CARTESIAN_POINT('',(94.478750065807,4.,9.205560612195));
#5682 = CARTESIAN_POINT('',(93.537753813379,4.,7.92810349044));
#5683 = CARTESIAN_POINT('',(92.252090328958,4.,6.978353784501));
#5684 = VECTOR('',#5685,1.);
#5685 = DIRECTION('',(0.,1.,-2.2E-16));
#5686 = ADVANCED_FACE('',(#5687),#5705,.T.);
#5687 = FACE_BOUND('',#5688,.T.);
#5688 = EDGE_LOOP('',(#5689,#5690,#5691,#5699));
#5689 = ORIENTED_EDGE('',*,*,#1422,.T.);
#5690 = ORIENTED_EDGE('',*,*,#5674,.T.);
#5691 = ORIENTED_EDGE('',*,*,#5692,.T.);
#5692 = EDGE_CURVE('',#5667,#5693,#5695,.T.);
#5693 = VERTEX_POINT('',#5694);
#5694 = CARTESIAN_POINT('',(89.504053017362,-1.,5.524733410838));
#5695 = B_SPLINE_CURVE_WITH_KNOTS('',2,(#5696,#5697,#5698),
  .UNSPECIFIED.,.F.,.F.,(3,3),(0.,1.),.PIECEWISE_BEZIER_KNOTS.);
#5696 = CARTESIAN_POINT('',(92.252090328958,-1.,6.978353784501));
#5697 = CARTESIAN_POINT('',(90.966426844536,-1.,6.028604078562));
#5698 = CARTESIAN_POINT('',(89.504053017362,-1.,5.524733410838));
#5699 = ORIENTED_EDGE('',*,*,#5700,.F.);
#5700 = EDGE_CURVE('',#1404,#5693,#5701,.T.);
#5701 = LINE('',#5702,#5703);
#5702 = CARTESIAN_POINT('',(89.504053017362,4.,5.524733410838));
#5703 = VECTOR('',#5704,1.);
#5704 = DIRECTION('',(0.,-1.,2.2E-16));
#5705 = SURFACE_OF_LINEAR_EXTRUSION('',#5706,#5710);
#5706 = B_SPLINE_CURVE_WITH_KNOTS('',2,(#5707,#5708,#5709),
  .UNSPECIFIED.,.F.,.F.,(3,3),(0.,1.),.PIECEWISE_BEZIER_KNOTS.);
#5707 = CARTESIAN_POINT('',(92.252090328958,4.,6.978353784501));
#5708 = CARTESIAN_POINT('',(90.966426844536,4.,6.028604078562));
#5709 = CARTESIAN_POINT('',(89.504053017362,4.,5.524733410838));
#5710 = VECTOR('',#5711,1.);
#5711 = DIRECTION('',(0.,1.,-2.2E-16));
#5712 = ADVANCED_FACE('',(#5713),#5731,.T.);
#5713 = FACE_BOUND('',#5714,.T.);
#5714 = EDGE_LOOP('',(#5715,#5716,#5717,#5725));
#5715 = ORIENTED_EDGE('',*,*,#1403,.T.);
#5716 = ORIENTED_EDGE('',*,*,#5700,.T.);
#5717 = ORIENTED_EDGE('',*,*,#5718,.T.);
#5718 = EDGE_CURVE('',#5693,#5719,#5721,.T.);
#5719 = VERTEX_POINT('',#5720);
#5720 = CARTESIAN_POINT('',(86.327643574574,-1.,4.986943110759));
#5721 = B_SPLINE_CURVE_WITH_KNOTS('',2,(#5722,#5723,#5724),
  .UNSPECIFIED.,.F.,.F.,(3,3),(0.,1.),.PIECEWISE_BEZIER_KNOTS.);
#5722 = CARTESIAN_POINT('',(89.504053017362,-1.,5.524733410838));
#5723 = CARTESIAN_POINT('',(87.974934107167,-1.,4.986943110759));
#5724 = CARTESIAN_POINT('',(86.327643574574,-1.,4.986943110759));
#5725 = ORIENTED_EDGE('',*,*,#5726,.F.);
#5726 = EDGE_CURVE('',#1385,#5719,#5727,.T.);
#5727 = LINE('',#5728,#5729);
#5728 = CARTESIAN_POINT('',(86.327643574574,4.,4.986943110759));
#5729 = VECTOR('',#5730,1.);
#5730 = DIRECTION('',(0.,-1.,2.2E-16));
#5731 = SURFACE_OF_LINEAR_EXTRUSION('',#5732,#5736);
#5732 = B_SPLINE_CURVE_WITH_KNOTS('',2,(#5733,#5734,#5735),
  .UNSPECIFIED.,.F.,.F.,(3,3),(0.,1.),.PIECEWISE_BEZIER_KNOTS.);
#5733 = CARTESIAN_POINT('',(89.504053017362,4.,5.524733410838));
#5734 = CARTESIAN_POINT('',(87.974934107167,4.,4.986943110759));
#5735 = CARTESIAN_POINT('',(86.327643574574,4.,4.986943110759));
#5736 = VECTOR('',#5737,1.);
#5737 = DIRECTION('',(0.,1.,-2.2E-16));
#5738 = ADVANCED_FACE('',(#5739),#5757,.T.);
#5739 = FACE_BOUND('',#5740,.T.);
#5740 = EDGE_LOOP('',(#5741,#5742,#5743,#5751));
#5741 = ORIENTED_EDGE('',*,*,#1384,.T.);
#5742 = ORIENTED_EDGE('',*,*,#5726,.T.);
#5743 = ORIENTED_EDGE('',*,*,#5744,.T.);
#5744 = EDGE_CURVE('',#5719,#5745,#5747,.T.);
#5745 = VERTEX_POINT('',#5746);
#5746 = CARTESIAN_POINT('',(83.134274315609,-1.,5.524733410838));
#5747 = B_SPLINE_CURVE_WITH_KNOTS('',2,(#5748,#5749,#5750),
  .UNSPECIFIED.,.F.,.F.,(3,3),(0.,1.),.PIECEWISE_BEZIER_KNOTS.);
#5748 = CARTESIAN_POINT('',(86.327643574574,-1.,4.986943110759));
#5749 = CARTESIAN_POINT('',(84.646980500471,-1.,4.986943110759));
#5750 = CARTESIAN_POINT('',(83.134274315609,-1.,5.524733410838));
#5751 = ORIENTED_EDGE('',*,*,#5752,.F.);
#5752 = EDGE_CURVE('',#1366,#5745,#5753,.T.);
#5753 = LINE('',#5754,#5755);
#5754 = CARTESIAN_POINT('',(83.134274315609,4.,5.524733410838));
#5755 = VECTOR('',#5756,1.);
#5756 = DIRECTION('',(0.,-1.,2.2E-16));
#5757 = SURFACE_OF_LINEAR_EXTRUSION('',#5758,#5762);
#5758 = B_SPLINE_CURVE_WITH_KNOTS('',2,(#5759,#5760,#5761),
  .UNSPECIFIED.,.F.,.F.,(3,3),(0.,1.),.PIECEWISE_BEZIER_KNOTS.);
#5759 = CARTESIAN_POINT('',(86.327643574574,4.,4.986943110759));
#5760 = CARTESIAN_POINT('',(84.646980500471,4.,4.986943110759));
#5761 = CARTESIAN_POINT('',(83.134274315609,4.,5.524733410838));
#5762 = VECTOR('',#5763,1.);
#5763 = DIRECTION('',(0.,1.,-2.2E-16));
#5764 = ADVANCED_FACE('',(#5765),#5783,.T.);
#5765 = FACE_BOUND('',#5766,.T.);
#5766 = EDGE_LOOP('',(#5767,#5768,#5769,#5777));
#5767 = ORIENTED_EDGE('',*,*,#1365,.T.);
#5768 = ORIENTED_EDGE('',*,*,#5752,.T.);
#5769 = ORIENTED_EDGE('',*,*,#5770,.T.);
#5770 = EDGE_CURVE('',#5745,#5771,#5773,.T.);
#5771 = VERTEX_POINT('',#5772);
#5772 = CARTESIAN_POINT('',(80.378030641346,-1.,6.986560147167));
#5773 = B_SPLINE_CURVE_WITH_KNOTS('',2,(#5774,#5775,#5776),
  .UNSPECIFIED.,.F.,.F.,(3,3),(0.,1.),.PIECEWISE_BEZIER_KNOTS.);
#5774 = CARTESIAN_POINT('',(83.134274315609,-1.,5.524733410838));
#5775 = CARTESIAN_POINT('',(81.621568130747,-1.,6.062523710917));
#5776 = CARTESIAN_POINT('',(80.378030641346,-1.,6.986560147167));
#5777 = ORIENTED_EDGE('',*,*,#5778,.F.);
#5778 = EDGE_CURVE('',#1351,#5771,#5779,.T.);
#5779 = LINE('',#5780,#5781);
#5780 = CARTESIAN_POINT('',(80.378030641346,4.,6.986560147167));
#5781 = VECTOR('',#5782,1.);
#5782 = DIRECTION('',(0.,-1.,2.2E-16));
#5783 = SURFACE_OF_LINEAR_EXTRUSION('',#5784,#5788);
#5784 = B_SPLINE_CURVE_WITH_KNOTS('',2,(#5785,#5786,#5787),
  .UNSPECIFIED.,.F.,.F.,(3,3),(0.,1.),.PIECEWISE_BEZIER_KNOTS.);
#5785 = CARTESIAN_POINT('',(83.134274315609,4.,5.524733410838));
#5786 = CARTESIAN_POINT('',(81.621568130747,4.,6.062523710917));
#5787 = CARTESIAN_POINT('',(80.378030641346,4.,6.986560147167));
#5788 = VECTOR('',#5789,1.);
#5789 = DIRECTION('',(0.,1.,-2.2E-16));
#5790 = ADVANCED_FACE('',(#5791),#5809,.T.);
#5791 = FACE_BOUND('',#5792,.T.);
#5792 = EDGE_LOOP('',(#5793,#5794,#5795,#5803));
#5793 = ORIENTED_EDGE('',*,*,#1350,.T.);
#5794 = ORIENTED_EDGE('',*,*,#5778,.T.);
#5795 = ORIENTED_EDGE('',*,*,#5796,.T.);
#5796 = EDGE_CURVE('',#5771,#5797,#5799,.T.);
#5797 = VERTEX_POINT('',#5798);
#5798 = CARTESIAN_POINT('',(78.184743446008,-1.,9.188600796017));
#5799 = B_SPLINE_CURVE_WITH_KNOTS('',2,(#5800,#5801,#5802),
  .UNSPECIFIED.,.F.,.F.,(3,3),(0.,1.),.PIECEWISE_BEZIER_KNOTS.);
#5800 = CARTESIAN_POINT('',(80.378030641346,-1.,6.986560147167));
#5801 = CARTESIAN_POINT('',(79.117533335769,-1.,7.92810349044));
#5802 = CARTESIAN_POINT('',(78.184743446008,-1.,9.188600796017));
#5803 = ORIENTED_EDGE('',*,*,#5804,.F.);
#5804 = EDGE_CURVE('',#1328,#5797,#5805,.T.);
#5805 = LINE('',#5806,#5807);
#5806 = CARTESIAN_POINT('',(78.184743446008,4.,9.188600796017));
#5807 = VECTOR('',#5808,1.);
#5808 = DIRECTION('',(0.,-1.,2.2E-16));
#5809 = SURFACE_OF_LINEAR_EXTRUSION('',#5810,#5814);
#5810 = B_SPLINE_CURVE_WITH_KNOTS('',2,(#5811,#5812,#5813),
  .UNSPECIFIED.,.F.,.F.,(3,3),(0.,1.),.PIECEWISE_BEZIER_KNOTS.);
#5811 = CARTESIAN_POINT('',(80.378030641346,4.,6.986560147167));
#5812 = CARTESIAN_POINT('',(79.117533335769,4.,7.92810349044));
#5813 = CARTESIAN_POINT('',(78.184743446008,4.,9.188600796017));
#5814 = VECTOR('',#5815,1.);
#5815 = DIRECTION('',(0.,1.,-2.2E-16));
#5816 = ADVANCED_FACE('',(#5817),#5835,.T.);
#5817 = FACE_BOUND('',#5818,.T.);
#5818 = EDGE_LOOP('',(#5819,#5820,#5821,#5829));
#5819 = ORIENTED_EDGE('',*,*,#1327,.T.);
#5820 = ORIENTED_EDGE('',*,*,#5804,.T.);
#5821 = ORIENTED_EDGE('',*,*,#5822,.T.);
#5822 = EDGE_CURVE('',#5797,#5823,#5825,.T.);
#5823 = VERTEX_POINT('',#5824);
#5824 = CARTESIAN_POINT('',(76.731123072345,-1.,12.045509185655));
#5825 = B_SPLINE_CURVE_WITH_KNOTS('',2,(#5826,#5827,#5828),
  .UNSPECIFIED.,.F.,.F.,(3,3),(0.,1.),.PIECEWISE_BEZIER_KNOTS.);
#5826 = CARTESIAN_POINT('',(78.184743446008,-1.,9.188600796017));
#5827 = CARTESIAN_POINT('',(77.251953556246,-1.,10.449098101595));
#5828 = CARTESIAN_POINT('',(76.731123072345,-1.,12.045509185655));
#5829 = ORIENTED_EDGE('',*,*,#5830,.F.);
#5830 = EDGE_CURVE('',#1317,#5823,#5831,.T.);
#5831 = LINE('',#5832,#5833);
#5832 = CARTESIAN_POINT('',(76.731123072345,4.,12.045509185655));
#5833 = VECTOR('',#5834,1.);
#5834 = DIRECTION('',(0.,-1.,2.2E-16));
#5835 = SURFACE_OF_LINEAR_EXTRUSION('',#5836,#5840);
#5836 = B_SPLINE_CURVE_WITH_KNOTS('',2,(#5837,#5838,#5839),
  .UNSPECIFIED.,.F.,.F.,(3,3),(0.,1.),.PIECEWISE_BEZIER_KNOTS.);
#5837 = CARTESIAN_POINT('',(78.184743446008,4.,9.188600796017));
#5838 = CARTESIAN_POINT('',(77.251953556246,4.,10.449098101595));
#5839 = CARTESIAN_POINT('',(76.731123072345,4.,12.045509185655));
#5840 = VECTOR('',#5841,1.);
#5841 = DIRECTION('',(0.,1.,-2.2E-16));
#5842 = ADVANCED_FACE('',(#5843),#5861,.T.);
#5843 = FACE_BOUND('',#5844,.T.);
#5844 = EDGE_LOOP('',(#5845,#5846,#5847,#5855));
#5845 = ORIENTED_EDGE('',*,*,#1316,.T.);
#5846 = ORIENTED_EDGE('',*,*,#5830,.T.);
#5847 = ORIENTED_EDGE('',*,*,#5848,.T.);
#5848 = EDGE_CURVE('',#5823,#5849,#5851,.T.);
#5849 = VERTEX_POINT('',#5850);
#5850 = CARTESIAN_POINT('',(76.344329845329,-1.,13.616754090872));
#5851 = B_SPLINE_CURVE_WITH_KNOTS('',2,(#5852,#5853,#5854),
  .UNSPECIFIED.,.F.,.F.,(3,3),(0.,1.),.PIECEWISE_BEZIER_KNOTS.);
#5852 = CARTESIAN_POINT('',(76.731123072345,-1.,12.045509185655));
#5853 = CARTESIAN_POINT('',(76.47891419306,-1.,12.802135823508));
#5854 = CARTESIAN_POINT('',(76.344329845329,-1.,13.616754090872));
#5855 = ORIENTED_EDGE('',*,*,#5856,.F.);
#5856 = EDGE_CURVE('',#1306,#5849,#5857,.T.);
#5857 = LINE('',#5858,#5859);
#5858 = CARTESIAN_POINT('',(76.344329845329,4.,13.616754090872));
#5859 = VECTOR('',#5860,1.);
#5860 = DIRECTION('',(0.,-1.,2.2E-16));
#5861 = SURFACE_OF_LINEAR_EXTRUSION('',#5862,#5866);
#5862 = B_SPLINE_CURVE_WITH_KNOTS('',2,(#5863,#5864,#5865),
  .UNSPECIFIED.,.F.,.F.,(3,3),(0.,1.),.PIECEWISE_BEZIER_KNOTS.);
#5863 = CARTESIAN_POINT('',(76.731123072345,4.,12.045509185655));
#5864 = CARTESIAN_POINT('',(76.47891419306,4.,12.802135823508));
#5865 = CARTESIAN_POINT('',(76.344329845329,4.,13.616754090872));
#5866 = VECTOR('',#5867,1.);
#5867 = DIRECTION('',(0.,1.,-2.2E-16));
#5868 = ADVANCED_FACE('',(#5869),#5887,.T.);
#5869 = FACE_BOUND('',#5870,.T.);
#5870 = EDGE_LOOP('',(#5871,#5872,#5873,#5881));
#5871 = ORIENTED_EDGE('',*,*,#1305,.T.);
#5872 = ORIENTED_EDGE('',*,*,#5856,.T.);
#5873 = ORIENTED_EDGE('',*,*,#5874,.T.);
#5874 = EDGE_CURVE('',#5849,#5875,#5877,.T.);
#5875 = VERTEX_POINT('',#5876);
#5876 = CARTESIAN_POINT('',(76.210292588443,-1.,15.272250986131));
#5877 = B_SPLINE_CURVE_WITH_KNOTS('',2,(#5878,#5879,#5880),
  .UNSPECIFIED.,.F.,.F.,(3,3),(0.,1.),.PIECEWISE_BEZIER_KNOTS.);
#5878 = CARTESIAN_POINT('',(76.344329845329,-1.,13.616754090872));
#5879 = CARTESIAN_POINT('',(76.210292588443,-1.,14.43191944908));
#5880 = CARTESIAN_POINT('',(76.210292588443,-1.,15.272250986131));
#5881 = ORIENTED_EDGE('',*,*,#5882,.F.);
#5882 = EDGE_CURVE('',#1284,#5875,#5883,.T.);
#5883 = LINE('',#5884,#5885);
#5884 = CARTESIAN_POINT('',(76.210292588443,4.,15.272250986131));
#5885 = VECTOR('',#5886,1.);
#5886 = DIRECTION('',(0.,-1.,2.2E-16));
#5887 = SURFACE_OF_LINEAR_EXTRUSION('',#5888,#5892);
#5888 = B_SPLINE_CURVE_WITH_KNOTS('',2,(#5889,#5890,#5891),
  .UNSPECIFIED.,.F.,.F.,(3,3),(0.,1.),.PIECEWISE_BEZIER_KNOTS.);
#5889 = CARTESIAN_POINT('',(76.344329845329,4.,13.616754090872));
#5890 = CARTESIAN_POINT('',(76.210292588443,4.,14.43191944908));
#5891 = CARTESIAN_POINT('',(76.210292588443,4.,15.272250986131));
#5892 = VECTOR('',#5893,1.);
#5893 = DIRECTION('',(0.,1.,-2.2E-16));
#5894 = ADVANCED_FACE('',(#5895),#5906,.T.);
#5895 = FACE_BOUND('',#5896,.T.);
#5896 = EDGE_LOOP('',(#5897,#5898,#5899,#5905));
#5897 = ORIENTED_EDGE('',*,*,#1283,.T.);
#5898 = ORIENTED_EDGE('',*,*,#5882,.T.);
#5899 = ORIENTED_EDGE('',*,*,#5900,.T.);
#5900 = EDGE_CURVE('',#5875,#5321,#5901,.T.);
#5901 = B_SPLINE_CURVE_WITH_KNOTS('',2,(#5902,#5903,#5904),
  .UNSPECIFIED.,.F.,.F.,(3,3),(0.,1.),.PIECEWISE_BEZIER_KNOTS.);
#5902 = CARTESIAN_POINT('',(76.210292588443,-1.,15.272250986131));
#5903 = CARTESIAN_POINT('',(76.210292588443,-1.,16.936501334902));
#5904 = CARTESIAN_POINT('',(76.731123072345,-1.,18.423494250075));
#5905 = ORIENTED_EDGE('',*,*,#5320,.F.);
#5906 = SURFACE_OF_LINEAR_EXTRUSION('',#5907,#5911);
#5907 = B_SPLINE_CURVE_WITH_KNOTS('',2,(#5908,#5909,#5910),
  .UNSPECIFIED.,.F.,.F.,(3,3),(0.,1.),.PIECEWISE_BEZIER_KNOTS.);
#5908 = CARTESIAN_POINT('',(76.210292588443,4.,15.272250986131));
#5909 = CARTESIAN_POINT('',(76.210292588443,4.,16.936501334902));
#5910 = CARTESIAN_POINT('',(76.731123072345,4.,18.423494250075));
#5911 = VECTOR('',#5912,1.);
#5912 = DIRECTION('',(0.,1.,-2.2E-16));
#5913 = ADVANCED_FACE('',(#5914),#5939,.T.);
#5914 = FACE_BOUND('',#5915,.T.);
#5915 = EDGE_LOOP('',(#5916,#5917,#5925,#5933));
#5916 = ORIENTED_EDGE('',*,*,#1634,.T.);
#5917 = ORIENTED_EDGE('',*,*,#5918,.T.);
#5918 = EDGE_CURVE('',#1637,#5919,#5921,.T.);
#5919 = VERTEX_POINT('',#5920);
#5920 = CARTESIAN_POINT('',(110.99979938604,-1.,14.230590018328));
#5921 = LINE('',#5922,#5923);
#5922 = CARTESIAN_POINT('',(110.99979938604,4.,14.230590018328));
#5923 = VECTOR('',#5924,1.);
#5924 = DIRECTION('',(0.,-1.,2.2E-16));
#5925 = ORIENTED_EDGE('',*,*,#5926,.T.);
#5926 = EDGE_CURVE('',#5919,#5927,#5929,.T.);
#5927 = VERTEX_POINT('',#5928);
#5928 = CARTESIAN_POINT('',(118.78107246644,-1.,14.230590018328));
#5929 = LINE('',#5930,#5931);
#5930 = CARTESIAN_POINT('',(110.99979938604,-1.,14.230590018328));
#5931 = VECTOR('',#5932,1.);
#5932 = DIRECTION('',(1.,0.,0.));
#5933 = ORIENTED_EDGE('',*,*,#5934,.F.);
#5934 = EDGE_CURVE('',#1635,#5927,#5935,.T.);
#5935 = LINE('',#5936,#5937);
#5936 = CARTESIAN_POINT('',(118.78107246644,4.,14.230590018328));
#5937 = VECTOR('',#5938,1.);
#5938 = DIRECTION('',(0.,-1.,2.2E-16));
#5939 = PLANE('',#5940);
#5940 = AXIS2_PLACEMENT_3D('',#5941,#5942,#5943);
#5941 = CARTESIAN_POINT('',(110.99979938604,4.,14.230590018328));
#5942 = DIRECTION('',(0.,2.2E-16,1.));
#5943 = DIRECTION('',(1.,0.,0.));
#5944 = ADVANCED_FACE('',(#5945),#5963,.T.);
#5945 = FACE_BOUND('',#5946,.T.);
#5946 = EDGE_LOOP('',(#5947,#5948,#5949,#5957));
#5947 = ORIENTED_EDGE('',*,*,#1660,.T.);
#5948 = ORIENTED_EDGE('',*,*,#5934,.T.);
#5949 = ORIENTED_EDGE('',*,*,#5950,.T.);
#5950 = EDGE_CURVE('',#5927,#5951,#5953,.T.);
#5951 = VERTEX_POINT('',#5952);
#5952 = CARTESIAN_POINT('',(118.78107246644,-1.,10.701306980879));
#5953 = LINE('',#5954,#5955);
#5954 = CARTESIAN_POINT('',(118.78107246644,-1.,14.230590018328));
#5955 = VECTOR('',#5956,1.);
#5956 = DIRECTION('',(0.,0.,-1.));
#5957 = ORIENTED_EDGE('',*,*,#5958,.F.);
#5958 = EDGE_CURVE('',#1653,#5951,#5959,.T.);
#5959 = LINE('',#5960,#5961);
#5960 = CARTESIAN_POINT('',(118.78107246644,4.,10.701306980879));
#5961 = VECTOR('',#5962,1.);
#5962 = DIRECTION('',(0.,-1.,2.2E-16));
#5963 = PLANE('',#5964);
#5964 = AXIS2_PLACEMENT_3D('',#5965,#5966,#5967);
#5965 = CARTESIAN_POINT('',(118.78107246644,4.,14.230590018328));
#5966 = DIRECTION('',(1.,0.,0.));
#5967 = DIRECTION('',(0.,2.2E-16,-1.));
#5968 = ADVANCED_FACE('',(#5969),#5987,.T.);
#5969 = FACE_BOUND('',#5970,.T.);
#5970 = EDGE_LOOP('',(#5971,#5972,#5973,#5981));
#5971 = ORIENTED_EDGE('',*,*,#1652,.T.);
#5972 = ORIENTED_EDGE('',*,*,#5958,.T.);
#5973 = ORIENTED_EDGE('',*,*,#5974,.T.);
#5974 = EDGE_CURVE('',#5951,#5975,#5977,.T.);
#5975 = VERTEX_POINT('',#5976);
#5976 = CARTESIAN_POINT('',(110.99979938604,-1.,10.701306980879));
#5977 = LINE('',#5978,#5979);
#5978 = CARTESIAN_POINT('',(118.78107246644,-1.,10.701306980879));
#5979 = VECTOR('',#5980,1.);
#5980 = DIRECTION('',(-1.,0.,0.));
#5981 = ORIENTED_EDGE('',*,*,#5982,.F.);
#5982 = EDGE_CURVE('',#1645,#5975,#5983,.T.);
#5983 = LINE('',#5984,#5985);
#5984 = CARTESIAN_POINT('',(110.99979938604,4.,10.701306980879));
#5985 = VECTOR('',#5986,1.);
#5986 = DIRECTION('',(0.,-1.,2.2E-16));
#5987 = PLANE('',#5988);
#5988 = AXIS2_PLACEMENT_3D('',#5989,#5990,#5991);
#5989 = CARTESIAN_POINT('',(118.78107246644,4.,10.701306980879));
#5990 = DIRECTION('',(0.,-2.2E-16,-1.));
#5991 = DIRECTION('',(-1.,0.,0.));
#5992 = ADVANCED_FACE('',(#5993),#6004,.T.);
#5993 = FACE_BOUND('',#5994,.T.);
#5994 = EDGE_LOOP('',(#5995,#5996,#5997,#6003));
#5995 = ORIENTED_EDGE('',*,*,#1644,.T.);
#5996 = ORIENTED_EDGE('',*,*,#5982,.T.);
#5997 = ORIENTED_EDGE('',*,*,#5998,.T.);
#5998 = EDGE_CURVE('',#5975,#5919,#5999,.T.);
#5999 = LINE('',#6000,#6001);
#6000 = CARTESIAN_POINT('',(110.99979938604,-1.,10.701306980879));
#6001 = VECTOR('',#6002,1.);
#6002 = DIRECTION('',(0.,0.,1.));
#6003 = ORIENTED_EDGE('',*,*,#5918,.F.);
#6004 = PLANE('',#6005);
#6005 = AXIS2_PLACEMENT_3D('',#6006,#6007,#6008);
#6006 = CARTESIAN_POINT('',(110.99979938604,4.,10.701306980879));
#6007 = DIRECTION('',(-1.,0.,0.));
#6008 = DIRECTION('',(0.,-2.2E-16,1.));
#6009 = ADVANCED_FACE('',(#6010),#6029,.F.);
#6010 = FACE_BOUND('',#6011,.T.);
#6011 = EDGE_LOOP('',(#6012,#6021,#6027,#6028));
#6012 = ORIENTED_EDGE('',*,*,#6013,.F.);
#6013 = EDGE_CURVE('',#6014,#6014,#6016,.T.);
#6014 = VERTEX_POINT('',#6015);
#6015 = CARTESIAN_POINT('',(195.2,2.5,9.));
#6016 = CIRCLE('',#6017,4.2);
#6017 = AXIS2_PLACEMENT_3D('',#6018,#6019,#6020);
#6018 = CARTESIAN_POINT('',(191.,2.5,9.));
#6019 = DIRECTION('',(0.,-1.,0.));
#6020 = DIRECTION('',(1.,0.,0.));
#6021 = ORIENTED_EDGE('',*,*,#6022,.T.);
#6022 = EDGE_CURVE('',#6014,#1669,#6023,.T.);
#6023 = LINE('',#6024,#6025);
#6024 = CARTESIAN_POINT('',(195.2,21.,9.));
#6025 = VECTOR('',#6026,1.);
#6026 = DIRECTION('',(0.,-1.,0.));
#6027 = ORIENTED_EDGE('',*,*,#1668,.F.);
#6028 = ORIENTED_EDGE('',*,*,#6022,.F.);
#6029 = CYLINDRICAL_SURFACE('',#6030,4.2);
#6030 = AXIS2_PLACEMENT_3D('',#6031,#6032,#6033);
#6031 = CARTESIAN_POINT('',(191.,21.,9.));
#6032 = DIRECTION('',(-0.,1.,-0.));
#6033 = DIRECTION('',(1.,0.,0.));
#6034 = ADVANCED_FACE('',(#6035),#6060,.T.);
#6035 = FACE_BOUND('',#6036,.T.);
#6036 = EDGE_LOOP('',(#6037,#6038,#6046,#6054));
#6037 = ORIENTED_EDGE('',*,*,#1679,.T.);
#6038 = ORIENTED_EDGE('',*,*,#6039,.T.);
#6039 = EDGE_CURVE('',#1682,#6040,#6042,.T.);
#6040 = VERTEX_POINT('',#6041);
#6041 = CARTESIAN_POINT('',(103.05877577907,-1.,20.398492198485));
#6042 = LINE('',#6043,#6044);
#6043 = CARTESIAN_POINT('',(103.05877577907,4.,20.398492198485));
#6044 = VECTOR('',#6045,1.);
#6045 = DIRECTION('',(0.,-1.,2.2E-16));
#6046 = ORIENTED_EDGE('',*,*,#6047,.T.);
#6047 = EDGE_CURVE('',#6040,#6048,#6050,.T.);
#6048 = VERTEX_POINT('',#6049);
#6049 = CARTESIAN_POINT('',(103.18460667329,-1.,19.978326429959));
#6050 = B_SPLINE_CURVE_WITH_KNOTS('',2,(#6051,#6052,#6053),
  .UNSPECIFIED.,.F.,.F.,(3,3),(0.,1.),.PIECEWISE_BEZIER_KNOTS.);
#6051 = CARTESIAN_POINT('',(103.05877577907,-1.,20.398492198485));
#6052 = CARTESIAN_POINT('',(103.12606795294,-1.,20.213575493066));
#6053 = CARTESIAN_POINT('',(103.18460667329,-1.,19.978326429959));
#6054 = ORIENTED_EDGE('',*,*,#6055,.F.);
#6055 = EDGE_CURVE('',#1680,#6048,#6056,.T.);
#6056 = LINE('',#6057,#6058);
#6057 = CARTESIAN_POINT('',(103.18460667329,4.,19.978326429959));
#6058 = VECTOR('',#6059,1.);
#6059 = DIRECTION('',(0.,-1.,2.2E-16));
#6060 = SURFACE_OF_LINEAR_EXTRUSION('',#6061,#6065);
#6061 = B_SPLINE_CURVE_WITH_KNOTS('',2,(#6062,#6063,#6064),
  .UNSPECIFIED.,.F.,.F.,(3,3),(0.,1.),.PIECEWISE_BEZIER_KNOTS.);
#6062 = CARTESIAN_POINT('',(103.05877577907,4.,20.398492198485));
#6063 = CARTESIAN_POINT('',(103.12606795294,4.,20.213575493066));
#6064 = CARTESIAN_POINT('',(103.18460667329,4.,19.978326429959));
#6065 = VECTOR('',#6066,1.);
#6066 = DIRECTION('',(0.,1.,-2.2E-16));
#6067 = ADVANCED_FACE('',(#6068),#6086,.T.);
#6068 = FACE_BOUND('',#6069,.T.);
#6069 = EDGE_LOOP('',(#6070,#6071,#6072,#6080));
#6070 = ORIENTED_EDGE('',*,*,#2051,.T.);
#6071 = ORIENTED_EDGE('',*,*,#6055,.T.);
#6072 = ORIENTED_EDGE('',*,*,#6073,.T.);
#6073 = EDGE_CURVE('',#6048,#6074,#6076,.T.);
#6074 = VERTEX_POINT('',#6075);
#6075 = CARTESIAN_POINT('',(103.277065026,-1.,19.57512047761));
#6076 = B_SPLINE_CURVE_WITH_KNOTS('',2,(#6077,#6078,#6079),
  .UNSPECIFIED.,.F.,.F.,(3,3),(0.,1.),.PIECEWISE_BEZIER_KNOTS.);
#6077 = CARTESIAN_POINT('',(103.18460667329,-1.,19.978326429959));
#6078 = CARTESIAN_POINT('',(103.24369248449,-1.,19.743077366852));
#6079 = CARTESIAN_POINT('',(103.277065026,-1.,19.57512047761));
#6080 = ORIENTED_EDGE('',*,*,#6081,.F.);
#6081 = EDGE_CURVE('',#2040,#6074,#6082,.T.);
#6082 = LINE('',#6083,#6084);
#6083 = CARTESIAN_POINT('',(103.277065026,4.,19.57512047761));
#6084 = VECTOR('',#6085,1.);
#6085 = DIRECTION('',(0.,-1.,2.2E-16));
#6086 = SURFACE_OF_LINEAR_EXTRUSION('',#6087,#6091);
#6087 = B_SPLINE_CURVE_WITH_KNOTS('',2,(#6088,#6089,#6090),
  .UNSPECIFIED.,.F.,.F.,(3,3),(0.,1.),.PIECEWISE_BEZIER_KNOTS.);
#6088 = CARTESIAN_POINT('',(103.18460667329,4.,19.978326429959));
#6089 = CARTESIAN_POINT('',(103.24369248449,4.,19.743077366852));
#6090 = CARTESIAN_POINT('',(103.277065026,4.,19.57512047761));
#6091 = VECTOR('',#6092,1.);
#6092 = DIRECTION('',(0.,1.,-2.2E-16));
#6093 = ADVANCED_FACE('',(#6094),#6112,.T.);
#6094 = FACE_BOUND('',#6095,.T.);
#6095 = EDGE_LOOP('',(#6096,#6097,#6098,#6106));
#6096 = ORIENTED_EDGE('',*,*,#2039,.T.);
#6097 = ORIENTED_EDGE('',*,*,#6081,.T.);
#6098 = ORIENTED_EDGE('',*,*,#6099,.T.);
#6099 = EDGE_CURVE('',#6074,#6100,#6102,.T.);
#6100 = VERTEX_POINT('',#6101);
#6101 = CARTESIAN_POINT('',(103.32739738369,-1.,19.280785603304));
#6102 = B_SPLINE_CURVE_WITH_KNOTS('',2,(#6103,#6104,#6105),
  .UNSPECIFIED.,.F.,.F.,(3,3),(0.,1.),.PIECEWISE_BEZIER_KNOTS.);
#6103 = CARTESIAN_POINT('',(103.277065026,-1.,19.57512047761));
#6104 = CARTESIAN_POINT('',(103.31098465836,-1.,19.339871414503));
#6105 = CARTESIAN_POINT('',(103.32739738369,-1.,19.280785603304));
#6106 = ORIENTED_EDGE('',*,*,#6107,.F.);
#6107 = EDGE_CURVE('',#2030,#6100,#6108,.T.);
#6108 = LINE('',#6109,#6110);
#6109 = CARTESIAN_POINT('',(103.32739738369,4.,19.280785603304));
#6110 = VECTOR('',#6111,1.);
#6111 = DIRECTION('',(0.,-1.,2.2E-16));
#6112 = SURFACE_OF_LINEAR_EXTRUSION('',#6113,#6117);
#6113 = B_SPLINE_CURVE_WITH_KNOTS('',2,(#6114,#6115,#6116),
  .UNSPECIFIED.,.F.,.F.,(3,3),(0.,1.),.PIECEWISE_BEZIER_KNOTS.);
#6114 = CARTESIAN_POINT('',(103.277065026,4.,19.57512047761));
#6115 = CARTESIAN_POINT('',(103.31098465836,4.,19.339871414503));
#6116 = CARTESIAN_POINT('',(103.32739738369,4.,19.280785603304));
#6117 = VECTOR('',#6118,1.);
#6118 = DIRECTION('',(0.,1.,-2.2E-16));
#6119 = ADVANCED_FACE('',(#6120),#6138,.T.);
#6120 = FACE_BOUND('',#6121,.T.);
#6121 = EDGE_LOOP('',(#6122,#6123,#6124,#6132));
#6122 = ORIENTED_EDGE('',*,*,#2029,.T.);
#6123 = ORIENTED_EDGE('',*,*,#6107,.T.);
#6124 = ORIENTED_EDGE('',*,*,#6125,.T.);
#6125 = EDGE_CURVE('',#6100,#6126,#6128,.T.);
#6126 = VERTEX_POINT('',#6127);
#6127 = CARTESIAN_POINT('',(103.3607699252,-1.,19.121035076729));
#6128 = B_SPLINE_CURVE_WITH_KNOTS('',2,(#6129,#6130,#6131),
  .UNSPECIFIED.,.F.,.F.,(3,3),(0.,1.),.PIECEWISE_BEZIER_KNOTS.);
#6129 = CARTESIAN_POINT('',(103.32739738369,-1.,19.280785603304));
#6130 = CARTESIAN_POINT('',(103.34435719987,-1.,19.22224688295));
#6131 = CARTESIAN_POINT('',(103.3607699252,-1.,19.121035076729));
#6132 = ORIENTED_EDGE('',*,*,#6133,.F.);
#6133 = EDGE_CURVE('',#2017,#6126,#6134,.T.);
#6134 = LINE('',#6135,#6136);
#6135 = CARTESIAN_POINT('',(103.3607699252,4.,19.121035076729));
#6136 = VECTOR('',#6137,1.);
#6137 = DIRECTION('',(0.,-1.,2.2E-16));
#6138 = SURFACE_OF_LINEAR_EXTRUSION('',#6139,#6143);
#6139 = B_SPLINE_CURVE_WITH_KNOTS('',2,(#6140,#6141,#6142),
  .UNSPECIFIED.,.F.,.F.,(3,3),(0.,1.),.PIECEWISE_BEZIER_KNOTS.);
#6140 = CARTESIAN_POINT('',(103.32739738369,4.,19.280785603304));
#6141 = CARTESIAN_POINT('',(103.34435719987,4.,19.22224688295));
#6142 = CARTESIAN_POINT('',(103.3607699252,4.,19.121035076729));
#6143 = VECTOR('',#6144,1.);
#6144 = DIRECTION('',(0.,1.,-2.2E-16));
#6145 = ADVANCED_FACE('',(#6146),#6164,.T.);
#6146 = FACE_BOUND('',#6147,.T.);
#6147 = EDGE_LOOP('',(#6148,#6149,#6150,#6158));
#6148 = ORIENTED_EDGE('',*,*,#2016,.T.);
#6149 = ORIENTED_EDGE('',*,*,#6133,.T.);
#6150 = ORIENTED_EDGE('',*,*,#6151,.T.);
#6151 = EDGE_CURVE('',#6126,#6152,#6154,.T.);
#6152 = VERTEX_POINT('',#6153);
#6153 = CARTESIAN_POINT('',(103.41164937373,-1.,18.684456582871));
#6154 = B_SPLINE_CURVE_WITH_KNOTS('',2,(#6155,#6156,#6157),
  .UNSPECIFIED.,.F.,.F.,(3,3),(0.,1.),.PIECEWISE_BEZIER_KNOTS.);
#6155 = CARTESIAN_POINT('',(103.3607699252,-1.,19.121035076729));
#6156 = CARTESIAN_POINT('',(103.37772974138,-1.,19.020370361354));
#6157 = CARTESIAN_POINT('',(103.41164937373,-1.,18.684456582871));
#6158 = ORIENTED_EDGE('',*,*,#6159,.F.);
#6159 = EDGE_CURVE('',#2007,#6152,#6160,.T.);
#6160 = LINE('',#6161,#6162);
#6161 = CARTESIAN_POINT('',(103.41164937373,4.,18.684456582871));
#6162 = VECTOR('',#6163,1.);
#6163 = DIRECTION('',(0.,-1.,2.2E-16));
#6164 = SURFACE_OF_LINEAR_EXTRUSION('',#6165,#6169);
#6165 = B_SPLINE_CURVE_WITH_KNOTS('',2,(#6166,#6167,#6168),
  .UNSPECIFIED.,.F.,.F.,(3,3),(0.,1.),.PIECEWISE_BEZIER_KNOTS.);
#6166 = CARTESIAN_POINT('',(103.3607699252,4.,19.121035076729));
#6167 = CARTESIAN_POINT('',(103.37772974138,4.,19.020370361354));
#6168 = CARTESIAN_POINT('',(103.41164937373,4.,18.684456582871));
#6169 = VECTOR('',#6170,1.);
#6170 = DIRECTION('',(0.,1.,-2.2E-16));
#6171 = ADVANCED_FACE('',(#6172),#6190,.T.);
#6172 = FACE_BOUND('',#6173,.T.);
#6173 = EDGE_LOOP('',(#6174,#6175,#6176,#6184));
#6174 = ORIENTED_EDGE('',*,*,#2006,.T.);
#6175 = ORIENTED_EDGE('',*,*,#6159,.T.);
#6176 = ORIENTED_EDGE('',*,*,#6177,.T.);
#6177 = EDGE_CURVE('',#6152,#6178,#6180,.T.);
#6178 = VERTEX_POINT('',#6179);
#6179 = CARTESIAN_POINT('',(103.4198557364,-1.,18.473826607763));
#6180 = B_SPLINE_CURVE_WITH_KNOTS('',2,(#6181,#6182,#6183),
  .UNSPECIFIED.,.F.,.F.,(3,3),(0.,1.),.PIECEWISE_BEZIER_KNOTS.);
#6181 = CARTESIAN_POINT('',(103.41164937373,-1.,18.684456582871));
#6182 = CARTESIAN_POINT('',(103.41164937373,-1.,18.58324477665));
#6183 = CARTESIAN_POINT('',(103.4198557364,-1.,18.473826607763));
#6184 = ORIENTED_EDGE('',*,*,#6185,.F.);
#6185 = EDGE_CURVE('',#1997,#6178,#6186,.T.);
#6186 = LINE('',#6187,#6188);
#6187 = CARTESIAN_POINT('',(103.4198557364,4.,18.473826607763));
#6188 = VECTOR('',#6189,1.);
#6189 = DIRECTION('',(0.,-1.,2.2E-16));
#6190 = SURFACE_OF_LINEAR_EXTRUSION('',#6191,#6195);
#6191 = B_SPLINE_CURVE_WITH_KNOTS('',2,(#6192,#6193,#6194),
  .UNSPECIFIED.,.F.,.F.,(3,3),(0.,1.),.PIECEWISE_BEZIER_KNOTS.);
#6192 = CARTESIAN_POINT('',(103.41164937373,4.,18.684456582871));
#6193 = CARTESIAN_POINT('',(103.41164937373,4.,18.58324477665));
#6194 = CARTESIAN_POINT('',(103.4198557364,4.,18.473826607763));
#6195 = VECTOR('',#6196,1.);
#6196 = DIRECTION('',(0.,1.,-2.2E-16));
#6197 = ADVANCED_FACE('',(#6198),#6216,.T.);
#6198 = FACE_BOUND('',#6199,.T.);
#6199 = EDGE_LOOP('',(#6200,#6201,#6202,#6210));
#6200 = ORIENTED_EDGE('',*,*,#1996,.T.);
#6201 = ORIENTED_EDGE('',*,*,#6185,.T.);
#6202 = ORIENTED_EDGE('',*,*,#6203,.T.);
#6203 = EDGE_CURVE('',#6178,#6204,#6206,.T.);
#6204 = VERTEX_POINT('',#6205);
#6205 = CARTESIAN_POINT('',(103.42860918991,-1.,18.264290814345));
#6206 = B_SPLINE_CURVE_WITH_KNOTS('',2,(#6207,#6208,#6209),
  .UNSPECIFIED.,.F.,.F.,(3,3),(0.,1.),.PIECEWISE_BEZIER_KNOTS.);
#6207 = CARTESIAN_POINT('',(103.4198557364,-1.,18.473826607763));
#6208 = CARTESIAN_POINT('',(103.42860918991,-1.,18.364955529721));
#6209 = CARTESIAN_POINT('',(103.42860918991,-1.,18.264290814345));
#6210 = ORIENTED_EDGE('',*,*,#6211,.F.);
#6211 = EDGE_CURVE('',#1989,#6204,#6212,.T.);
#6212 = LINE('',#6213,#6214);
#6213 = CARTESIAN_POINT('',(103.42860918991,4.,18.264290814345));
#6214 = VECTOR('',#6215,1.);
#6215 = DIRECTION('',(0.,-1.,2.2E-16));
#6216 = SURFACE_OF_LINEAR_EXTRUSION('',#6217,#6221);
#6217 = B_SPLINE_CURVE_WITH_KNOTS('',2,(#6218,#6219,#6220),
  .UNSPECIFIED.,.F.,.F.,(3,3),(0.,1.),.PIECEWISE_BEZIER_KNOTS.);
#6218 = CARTESIAN_POINT('',(103.4198557364,4.,18.473826607763));
#6219 = CARTESIAN_POINT('',(103.42860918991,4.,18.364955529721));
#6220 = CARTESIAN_POINT('',(103.42860918991,4.,18.264290814345));
#6221 = VECTOR('',#6222,1.);
#6222 = DIRECTION('',(0.,1.,-2.2E-16));
#6223 = ADVANCED_FACE('',(#6224),#6242,.T.);
#6224 = FACE_BOUND('',#6225,.T.);
#6225 = EDGE_LOOP('',(#6226,#6227,#6228,#6236));
#6226 = ORIENTED_EDGE('',*,*,#1988,.T.);
#6227 = ORIENTED_EDGE('',*,*,#6211,.T.);
#6228 = ORIENTED_EDGE('',*,*,#6229,.T.);
#6229 = EDGE_CURVE('',#6204,#6230,#6232,.T.);
#6230 = VERTEX_POINT('',#6231);
#6231 = CARTESIAN_POINT('',(103.76452296839,-1.,18.264290814345));
#6232 = LINE('',#6233,#6234);
#6233 = CARTESIAN_POINT('',(103.42860918991,-1.,18.264290814345));
#6234 = VECTOR('',#6235,1.);
#6235 = DIRECTION('',(1.,0.,0.));
#6236 = ORIENTED_EDGE('',*,*,#6237,.F.);
#6237 = EDGE_CURVE('',#1979,#6230,#6238,.T.);
#6238 = LINE('',#6239,#6240);
#6239 = CARTESIAN_POINT('',(103.76452296839,4.,18.264290814345));
#6240 = VECTOR('',#6241,1.);
#6241 = DIRECTION('',(0.,-1.,2.2E-16));
#6242 = PLANE('',#6243);
#6243 = AXIS2_PLACEMENT_3D('',#6244,#6245,#6246);
#6244 = CARTESIAN_POINT('',(103.42860918991,4.,18.264290814345));
#6245 = DIRECTION('',(0.,2.2E-16,1.));
#6246 = DIRECTION('',(1.,0.,0.));
#6247 = ADVANCED_FACE('',(#6248),#6266,.T.);
#6248 = FACE_BOUND('',#6249,.T.);
#6249 = EDGE_LOOP('',(#6250,#6251,#6252,#6260));
#6250 = ORIENTED_EDGE('',*,*,#1978,.T.);
#6251 = ORIENTED_EDGE('',*,*,#6237,.T.);
#6252 = ORIENTED_EDGE('',*,*,#6253,.T.);
#6253 = EDGE_CURVE('',#6230,#6254,#6256,.T.);
#6254 = VERTEX_POINT('',#6255);
#6255 = CARTESIAN_POINT('',(103.83181514226,-1.,19.137994892907));
#6256 = B_SPLINE_CURVE_WITH_KNOTS('',2,(#6257,#6258,#6259),
  .UNSPECIFIED.,.F.,.F.,(3,3),(0.,1.),.PIECEWISE_BEZIER_KNOTS.);
#6257 = CARTESIAN_POINT('',(103.76452296839,-1.,18.264290814345));
#6258 = CARTESIAN_POINT('',(103.76452296839,-1.,18.700869308204));
#6259 = CARTESIAN_POINT('',(103.83181514226,-1.,19.137994892907));
#6260 = ORIENTED_EDGE('',*,*,#6261,.F.);
#6261 = EDGE_CURVE('',#1969,#6254,#6262,.T.);
#6262 = LINE('',#6263,#6264);
#6263 = CARTESIAN_POINT('',(103.83181514226,4.,19.137994892907));
#6264 = VECTOR('',#6265,1.);
#6265 = DIRECTION('',(0.,-1.,2.2E-16));
#6266 = SURFACE_OF_LINEAR_EXTRUSION('',#6267,#6271);
#6267 = B_SPLINE_CURVE_WITH_KNOTS('',2,(#6268,#6269,#6270),
  .UNSPECIFIED.,.F.,.F.,(3,3),(0.,1.),.PIECEWISE_BEZIER_KNOTS.);
#6268 = CARTESIAN_POINT('',(103.76452296839,4.,18.264290814345));
#6269 = CARTESIAN_POINT('',(103.76452296839,4.,18.700869308204));
#6270 = CARTESIAN_POINT('',(103.83181514226,4.,19.137994892907));
#6271 = VECTOR('',#6272,1.);
#6272 = DIRECTION('',(0.,1.,-2.2E-16));
#6273 = ADVANCED_FACE('',(#6274),#6292,.T.);
#6274 = FACE_BOUND('',#6275,.T.);
#6275 = EDGE_LOOP('',(#6276,#6277,#6278,#6286));
#6276 = ORIENTED_EDGE('',*,*,#1968,.T.);
#6277 = ORIENTED_EDGE('',*,*,#6261,.T.);
#6278 = ORIENTED_EDGE('',*,*,#6279,.T.);
#6279 = EDGE_CURVE('',#6254,#6280,#6282,.T.);
#6280 = VERTEX_POINT('',#6281);
#6281 = CARTESIAN_POINT('',(103.92372640412,-1.,19.650619014142));
#6282 = B_SPLINE_CURVE_WITH_KNOTS('',2,(#6283,#6284,#6285),
  .UNSPECIFIED.,.F.,.F.,(3,3),(0.,1.),.PIECEWISE_BEZIER_KNOTS.);
#6283 = CARTESIAN_POINT('',(103.83181514226,-1.,19.137994892907));
#6284 = CARTESIAN_POINT('',(103.86518768377,-1.,19.390203772191));
#6285 = CARTESIAN_POINT('',(103.92372640412,-1.,19.650619014142));
#6286 = ORIENTED_EDGE('',*,*,#6287,.F.);
#6287 = EDGE_CURVE('',#1957,#6280,#6288,.T.);
#6288 = LINE('',#6289,#6290);
#6289 = CARTESIAN_POINT('',(103.92372640412,4.,19.650619014142));
#6290 = VECTOR('',#6291,1.);
#6291 = DIRECTION('',(0.,-1.,2.2E-16));
#6292 = SURFACE_OF_LINEAR_EXTRUSION('',#6293,#6297);
#6293 = B_SPLINE_CURVE_WITH_KNOTS('',2,(#6294,#6295,#6296),
  .UNSPECIFIED.,.F.,.F.,(3,3),(0.,1.),.PIECEWISE_BEZIER_KNOTS.);
#6294 = CARTESIAN_POINT('',(103.83181514226,4.,19.137994892907));
#6295 = CARTESIAN_POINT('',(103.86518768377,4.,19.390203772191));
#6296 = CARTESIAN_POINT('',(103.92372640412,4.,19.650619014142));
#6297 = VECTOR('',#6298,1.);
#6298 = DIRECTION('',(0.,1.,-2.2E-16));
#6299 = ADVANCED_FACE('',(#6300),#6318,.T.);
#6300 = FACE_BOUND('',#6301,.T.);
#6301 = EDGE_LOOP('',(#6302,#6303,#6304,#6312));
#6302 = ORIENTED_EDGE('',*,*,#1956,.T.);
#6303 = ORIENTED_EDGE('',*,*,#6287,.T.);
#6304 = ORIENTED_EDGE('',*,*,#6305,.T.);
#6305 = EDGE_CURVE('',#6280,#6306,#6308,.T.);
#6306 = VERTEX_POINT('',#6307);
#6307 = CARTESIAN_POINT('',(104.01673184768,-1.,20.028658787647));
#6308 = B_SPLINE_CURVE_WITH_KNOTS('',2,(#6309,#6310,#6311),
  .UNSPECIFIED.,.F.,.F.,(3,3),(0.,1.),.PIECEWISE_BEZIER_KNOTS.);
#6309 = CARTESIAN_POINT('',(103.92372640412,-1.,19.650619014142));
#6310 = CARTESIAN_POINT('',(103.98281221532,-1.,19.911034256093));
#6311 = CARTESIAN_POINT('',(104.01673184768,-1.,20.028658787647));
#6312 = ORIENTED_EDGE('',*,*,#6313,.F.);
#6313 = EDGE_CURVE('',#1947,#6306,#6314,.T.);
#6314 = LINE('',#6315,#6316);
#6315 = CARTESIAN_POINT('',(104.01673184768,4.,20.028658787647));
#6316 = VECTOR('',#6317,1.);
#6317 = DIRECTION('',(0.,-1.,2.2E-16));
#6318 = SURFACE_OF_LINEAR_EXTRUSION('',#6319,#6323);
#6319 = B_SPLINE_CURVE_WITH_KNOTS('',2,(#6320,#6321,#6322),
  .UNSPECIFIED.,.F.,.F.,(3,3),(0.,1.),.PIECEWISE_BEZIER_KNOTS.);
#6320 = CARTESIAN_POINT('',(103.92372640412,4.,19.650619014142));
#6321 = CARTESIAN_POINT('',(103.98281221532,4.,19.911034256093));
#6322 = CARTESIAN_POINT('',(104.01673184768,4.,20.028658787647));
#6323 = VECTOR('',#6324,1.);
#6324 = DIRECTION('',(0.,1.,-2.2E-16));
#6325 = ADVANCED_FACE('',(#6326),#6344,.T.);
#6326 = FACE_BOUND('',#6327,.T.);
#6327 = EDGE_LOOP('',(#6328,#6329,#6330,#6338));
#6328 = ORIENTED_EDGE('',*,*,#1946,.T.);
#6329 = ORIENTED_EDGE('',*,*,#6313,.T.);
#6330 = ORIENTED_EDGE('',*,*,#6331,.T.);
#6331 = EDGE_CURVE('',#6306,#6332,#6334,.T.);
#6332 = VERTEX_POINT('',#6333);
#6333 = CARTESIAN_POINT('',(104.08402402154,-1.,20.230535309243));
#6334 = B_SPLINE_CURVE_WITH_KNOTS('',2,(#6335,#6336,#6337),
  .UNSPECIFIED.,.F.,.F.,(3,3),(0.,1.),.PIECEWISE_BEZIER_KNOTS.);
#6335 = CARTESIAN_POINT('',(104.01673184768,-1.,20.028658787647));
#6336 = CARTESIAN_POINT('',(104.05010438919,-1.,20.129870593867));
#6337 = CARTESIAN_POINT('',(104.08402402154,-1.,20.230535309243));
#6338 = ORIENTED_EDGE('',*,*,#6339,.F.);
#6339 = EDGE_CURVE('',#1937,#6332,#6340,.T.);
#6340 = LINE('',#6341,#6342);
#6341 = CARTESIAN_POINT('',(104.08402402154,4.,20.230535309243));
#6342 = VECTOR('',#6343,1.);
#6343 = DIRECTION('',(0.,-1.,2.2E-16));
#6344 = SURFACE_OF_LINEAR_EXTRUSION('',#6345,#6349);
#6345 = B_SPLINE_CURVE_WITH_KNOTS('',2,(#6346,#6347,#6348),
  .UNSPECIFIED.,.F.,.F.,(3,3),(0.,1.),.PIECEWISE_BEZIER_KNOTS.);
#6346 = CARTESIAN_POINT('',(104.01673184768,4.,20.028658787647));
#6347 = CARTESIAN_POINT('',(104.05010438919,4.,20.129870593867));
#6348 = CARTESIAN_POINT('',(104.08402402154,4.,20.230535309243));
#6349 = VECTOR('',#6350,1.);
#6350 = DIRECTION('',(0.,1.,-2.2E-16));
#6351 = ADVANCED_FACE('',(#6352),#6370,.T.);
#6352 = FACE_BOUND('',#6353,.T.);
#6353 = EDGE_LOOP('',(#6354,#6355,#6356,#6364));
#6354 = ORIENTED_EDGE('',*,*,#1936,.T.);
#6355 = ORIENTED_EDGE('',*,*,#6339,.T.);
#6356 = ORIENTED_EDGE('',*,*,#6357,.T.);
#6357 = EDGE_CURVE('',#6332,#6358,#6360,.T.);
#6358 = VERTEX_POINT('',#6359);
#6359 = CARTESIAN_POINT('',(104.13435637923,-1.,20.415452014662));
#6360 = B_SPLINE_CURVE_WITH_KNOTS('',2,(#6361,#6362,#6363),
  .UNSPECIFIED.,.F.,.F.,(3,3),(0.,1.),.PIECEWISE_BEZIER_KNOTS.);
#6361 = CARTESIAN_POINT('',(104.08402402154,-1.,20.230535309243));
#6362 = CARTESIAN_POINT('',(104.10043674688,-1.,20.314240208442));
#6363 = CARTESIAN_POINT('',(104.13435637923,-1.,20.415452014662));
#6364 = ORIENTED_EDGE('',*,*,#6365,.F.);
#6365 = EDGE_CURVE('',#1929,#6358,#6366,.T.);
#6366 = LINE('',#6367,#6368);
#6367 = CARTESIAN_POINT('',(104.13435637923,4.,20.415452014662));
#6368 = VECTOR('',#6369,1.);
#6369 = DIRECTION('',(0.,-1.,2.2E-16));
#6370 = SURFACE_OF_LINEAR_EXTRUSION('',#6371,#6375);
#6371 = B_SPLINE_CURVE_WITH_KNOTS('',2,(#6372,#6373,#6374),
  .UNSPECIFIED.,.F.,.F.,(3,3),(0.,1.),.PIECEWISE_BEZIER_KNOTS.);
#6372 = CARTESIAN_POINT('',(104.08402402154,4.,20.230535309243));
#6373 = CARTESIAN_POINT('',(104.10043674688,4.,20.314240208442));
#6374 = CARTESIAN_POINT('',(104.13435637923,4.,20.415452014662));
#6375 = VECTOR('',#6376,1.);
#6376 = DIRECTION('',(0.,1.,-2.2E-16));
#6377 = ADVANCED_FACE('',(#6378),#6396,.T.);
#6378 = FACE_BOUND('',#6379,.T.);
#6379 = EDGE_LOOP('',(#6380,#6381,#6382,#6390));
#6380 = ORIENTED_EDGE('',*,*,#1928,.T.);
#6381 = ORIENTED_EDGE('',*,*,#6365,.T.);
#6382 = ORIENTED_EDGE('',*,*,#6383,.T.);
#6383 = EDGE_CURVE('',#6358,#6384,#6386,.T.);
#6384 = VERTEX_POINT('',#6385);
#6385 = CARTESIAN_POINT('',(105.69739492178,-1.,25.1549));
#6386 = LINE('',#6387,#6388);
#6387 = CARTESIAN_POINT('',(104.13435637923,-1.,20.415452014662));
#6388 = VECTOR('',#6389,1.);
#6389 = DIRECTION('',(0.313200489688,0.,0.94968702911));
#6390 = ORIENTED_EDGE('',*,*,#6391,.F.);
#6391 = EDGE_CURVE('',#1921,#6384,#6392,.T.);
#6392 = LINE('',#6393,#6394);
#6393 = CARTESIAN_POINT('',(105.69739492178,4.,25.1549));
#6394 = VECTOR('',#6395,1.);
#6395 = DIRECTION('',(0.,-1.,2.2E-16));
#6396 = PLANE('',#6397);
#6397 = AXIS2_PLACEMENT_3D('',#6398,#6399,#6400);
#6398 = CARTESIAN_POINT('',(104.13435637923,4.,20.415452014662));
#6399 = DIRECTION('',(-0.94968702911,7.E-17,0.313200489688));
#6400 = DIRECTION('',(0.313200489688,-2.1E-16,0.94968702911));
#6401 = ADVANCED_FACE('',(#6402),#6420,.T.);
#6402 = FACE_BOUND('',#6403,.T.);
#6403 = EDGE_LOOP('',(#6404,#6405,#6406,#6414));
#6404 = ORIENTED_EDGE('',*,*,#1920,.T.);
#6405 = ORIENTED_EDGE('',*,*,#6391,.T.);
#6406 = ORIENTED_EDGE('',*,*,#6407,.T.);
#6407 = EDGE_CURVE('',#6384,#6408,#6410,.T.);
#6408 = VERTEX_POINT('',#6409);
#6409 = CARTESIAN_POINT('',(109.64684372775,-1.,25.1549));
#6410 = LINE('',#6411,#6412);
#6411 = CARTESIAN_POINT('',(105.69739492178,-1.,25.1549));
#6412 = VECTOR('',#6413,1.);
#6413 = DIRECTION('',(1.,0.,0.));
#6414 = ORIENTED_EDGE('',*,*,#6415,.F.);
#6415 = EDGE_CURVE('',#1913,#6408,#6416,.T.);
#6416 = LINE('',#6417,#6418);
#6417 = CARTESIAN_POINT('',(109.64684372775,4.,25.1549));
#6418 = VECTOR('',#6419,1.);
#6419 = DIRECTION('',(0.,-1.,2.2E-16));
#6420 = PLANE('',#6421);
#6421 = AXIS2_PLACEMENT_3D('',#6422,#6423,#6424);
#6422 = CARTESIAN_POINT('',(105.69739492178,4.,25.1549));
#6423 = DIRECTION('',(0.,2.2E-16,1.));
#6424 = DIRECTION('',(1.,0.,0.));
#6425 = ADVANCED_FACE('',(#6426),#6444,.T.);
#6426 = FACE_BOUND('',#6427,.T.);
#6427 = EDGE_LOOP('',(#6428,#6429,#6430,#6438));
#6428 = ORIENTED_EDGE('',*,*,#1912,.T.);
#6429 = ORIENTED_EDGE('',*,*,#6415,.T.);
#6430 = ORIENTED_EDGE('',*,*,#6431,.T.);
#6431 = EDGE_CURVE('',#6408,#6432,#6434,.T.);
#6432 = VERTEX_POINT('',#6433);
#6433 = CARTESIAN_POINT('',(105.76468709565,-1.,15.154626454578));
#6434 = LINE('',#6435,#6436);
#6435 = CARTESIAN_POINT('',(109.64684372775,-1.,25.1549));
#6436 = VECTOR('',#6437,1.);
#6437 = DIRECTION('',(-0.361892449263,-0.,-0.93221985345));
#6438 = ORIENTED_EDGE('',*,*,#6439,.F.);
#6439 = EDGE_CURVE('',#1905,#6432,#6440,.T.);
#6440 = LINE('',#6441,#6442);
#6441 = CARTESIAN_POINT('',(105.76468709565,4.,15.154626454578));
#6442 = VECTOR('',#6443,1.);
#6443 = DIRECTION('',(0.,-1.,2.2E-16));
#6444 = PLANE('',#6445);
#6445 = AXIS2_PLACEMENT_3D('',#6446,#6447,#6448);
#6446 = CARTESIAN_POINT('',(109.64684372775,4.,25.1549));
#6447 = DIRECTION('',(0.93221985345,-8.E-17,-0.361892449263));
#6448 = DIRECTION('',(-0.361892449263,2.1E-16,-0.93221985345));
#6449 = ADVANCED_FACE('',(#6450),#6468,.T.);
#6450 = FACE_BOUND('',#6451,.T.);
#6451 = EDGE_LOOP('',(#6452,#6453,#6454,#6462));
#6452 = ORIENTED_EDGE('',*,*,#1904,.T.);
#6453 = ORIENTED_EDGE('',*,*,#6439,.T.);
#6454 = ORIENTED_EDGE('',*,*,#6455,.T.);
#6455 = EDGE_CURVE('',#6432,#6456,#6458,.T.);
#6456 = VERTEX_POINT('',#6457);
#6457 = CARTESIAN_POINT('',(109.64684372775,-1.,5.1549));
#6458 = LINE('',#6459,#6460);
#6459 = CARTESIAN_POINT('',(105.76468709565,-1.,15.154626454578));
#6460 = VECTOR('',#6461,1.);
#6461 = DIRECTION('',(0.36190965538,0.,-0.932213173766));
#6462 = ORIENTED_EDGE('',*,*,#6463,.F.);
#6463 = EDGE_CURVE('',#1897,#6456,#6464,.T.);
#6464 = LINE('',#6465,#6466);
#6465 = CARTESIAN_POINT('',(109.64684372775,4.,5.1549));
#6466 = VECTOR('',#6467,1.);
#6467 = DIRECTION('',(0.,-1.,2.2E-16));
#6468 = PLANE('',#6469);
#6469 = AXIS2_PLACEMENT_3D('',#6470,#6471,#6472);
#6470 = CARTESIAN_POINT('',(105.76468709565,4.,15.154626454578));
#6471 = DIRECTION('',(0.932213173766,8.E-17,0.36190965538));
#6472 = DIRECTION('',(0.36190965538,2.1E-16,-0.932213173766));
#6473 = ADVANCED_FACE('',(#6474),#6492,.T.);
#6474 = FACE_BOUND('',#6475,.T.);
#6475 = EDGE_LOOP('',(#6476,#6477,#6478,#6486));
#6476 = ORIENTED_EDGE('',*,*,#1896,.T.);
#6477 = ORIENTED_EDGE('',*,*,#6463,.T.);
#6478 = ORIENTED_EDGE('',*,*,#6479,.T.);
#6479 = EDGE_CURVE('',#6456,#6480,#6482,.T.);
#6480 = VERTEX_POINT('',#6481);
#6481 = CARTESIAN_POINT('',(105.69739492178,-1.,5.1549));
#6482 = LINE('',#6483,#6484);
#6483 = CARTESIAN_POINT('',(109.64684372775,-1.,5.1549));
#6484 = VECTOR('',#6485,1.);
#6485 = DIRECTION('',(-1.,0.,0.));
#6486 = ORIENTED_EDGE('',*,*,#6487,.F.);
#6487 = EDGE_CURVE('',#1889,#6480,#6488,.T.);
#6488 = LINE('',#6489,#6490);
#6489 = CARTESIAN_POINT('',(105.69739492178,4.,5.1549));
#6490 = VECTOR('',#6491,1.);
#6491 = DIRECTION('',(0.,-1.,2.2E-16));
#6492 = PLANE('',#6493);
#6493 = AXIS2_PLACEMENT_3D('',#6494,#6495,#6496);
#6494 = CARTESIAN_POINT('',(109.64684372775,4.,5.1549));
#6495 = DIRECTION('',(0.,-2.2E-16,-1.));
#6496 = DIRECTION('',(-1.,0.,0.));
#6497 = ADVANCED_FACE('',(#6498),#6516,.T.);
#6498 = FACE_BOUND('',#6499,.T.);
#6499 = EDGE_LOOP('',(#6500,#6501,#6502,#6510));
#6500 = ORIENTED_EDGE('',*,*,#1888,.T.);
#6501 = ORIENTED_EDGE('',*,*,#6487,.T.);
#6502 = ORIENTED_EDGE('',*,*,#6503,.T.);
#6503 = EDGE_CURVE('',#6480,#6504,#6506,.T.);
#6504 = VERTEX_POINT('',#6505);
#6505 = CARTESIAN_POINT('',(104.10043674688,-1.,10.381805927729));
#6506 = LINE('',#6507,#6508);
#6507 = CARTESIAN_POINT('',(105.69739492178,-1.,5.1549));
#6508 = VECTOR('',#6509,1.);
#6509 = DIRECTION('',(-0.292193104198,0.,0.956359341387));
#6510 = ORIENTED_EDGE('',*,*,#6511,.F.);
#6511 = EDGE_CURVE('',#1879,#6504,#6512,.T.);
#6512 = LINE('',#6513,#6514);
#6513 = CARTESIAN_POINT('',(104.10043674688,4.,10.381805927729));
#6514 = VECTOR('',#6515,1.);
#6515 = DIRECTION('',(0.,-1.,2.2E-16));
#6516 = PLANE('',#6517);
#6517 = AXIS2_PLACEMENT_3D('',#6518,#6519,#6520);
#6518 = CARTESIAN_POINT('',(105.69739492178,4.,5.1549));
#6519 = DIRECTION('',(-0.956359341387,-6.E-17,-0.292193104198));
#6520 = DIRECTION('',(-0.292193104198,-2.1E-16,0.956359341387));
#6521 = ADVANCED_FACE('',(#6522),#6540,.T.);
#6522 = FACE_BOUND('',#6523,.T.);
#6523 = EDGE_LOOP('',(#6524,#6525,#6526,#6534));
#6524 = ORIENTED_EDGE('',*,*,#1878,.T.);
#6525 = ORIENTED_EDGE('',*,*,#6511,.T.);
#6526 = ORIENTED_EDGE('',*,*,#6527,.T.);
#6527 = EDGE_CURVE('',#6504,#6528,#6530,.T.);
#6528 = VERTEX_POINT('',#6529);
#6529 = CARTESIAN_POINT('',(103.97460585266,-1.,10.818931512433));
#6530 = B_SPLINE_CURVE_WITH_KNOTS('',2,(#6531,#6532,#6533),
  .UNSPECIFIED.,.F.,.F.,(3,3),(0.,1.),.PIECEWISE_BEZIER_KNOTS.);
#6531 = CARTESIAN_POINT('',(104.10043674688,-1.,10.381805927729));
#6532 = CARTESIAN_POINT('',(104.03369166385,-1.,10.583682449326));
#6533 = CARTESIAN_POINT('',(103.97460585266,-1.,10.818931512433));
#6534 = ORIENTED_EDGE('',*,*,#6535,.F.);
#6535 = EDGE_CURVE('',#1869,#6528,#6536,.T.);
#6536 = LINE('',#6537,#6538);
#6537 = CARTESIAN_POINT('',(103.97460585266,4.,10.818931512433));
#6538 = VECTOR('',#6539,1.);
#6539 = DIRECTION('',(0.,-1.,2.2E-16));
#6540 = SURFACE_OF_LINEAR_EXTRUSION('',#6541,#6545);
#6541 = B_SPLINE_CURVE_WITH_KNOTS('',2,(#6542,#6543,#6544),
  .UNSPECIFIED.,.F.,.F.,(3,3),(0.,1.),.PIECEWISE_BEZIER_KNOTS.);
#6542 = CARTESIAN_POINT('',(104.10043674688,4.,10.381805927729));
#6543 = CARTESIAN_POINT('',(104.03369166385,4.,10.583682449326));
#6544 = CARTESIAN_POINT('',(103.97460585266,4.,10.818931512433));
#6545 = VECTOR('',#6546,1.);
#6546 = DIRECTION('',(0.,1.,-2.2E-16));
#6547 = ADVANCED_FACE('',(#6548),#6566,.T.);
#6548 = FACE_BOUND('',#6549,.T.);
#6549 = EDGE_LOOP('',(#6550,#6551,#6552,#6560));
#6550 = ORIENTED_EDGE('',*,*,#1868,.T.);
#6551 = ORIENTED_EDGE('',*,*,#6535,.T.);
#6552 = ORIENTED_EDGE('',*,*,#6553,.T.);
#6553 = EDGE_CURVE('',#6528,#6554,#6556,.T.);
#6554 = VERTEX_POINT('',#6555);
#6555 = CARTESIAN_POINT('',(103.88214749995,-1.,11.272469822469));
#6556 = B_SPLINE_CURVE_WITH_KNOTS('',2,(#6557,#6558,#6559),
  .UNSPECIFIED.,.F.,.F.,(3,3),(0.,1.),.PIECEWISE_BEZIER_KNOTS.);
#6557 = CARTESIAN_POINT('',(103.97460585266,-1.,10.818931512433));
#6558 = CARTESIAN_POINT('',(103.9160671323,-1.,11.05418057554));
#6559 = CARTESIAN_POINT('',(103.88214749995,-1.,11.272469822469));
#6560 = ORIENTED_EDGE('',*,*,#6561,.F.);
#6561 = EDGE_CURVE('',#1858,#6554,#6562,.T.);
#6562 = LINE('',#6563,#6564);
#6563 = CARTESIAN_POINT('',(103.88214749995,4.,11.272469822469));
#6564 = VECTOR('',#6565,1.);
#6565 = DIRECTION('',(0.,-1.,2.2E-16));
#6566 = SURFACE_OF_LINEAR_EXTRUSION('',#6567,#6571);
#6567 = B_SPLINE_CURVE_WITH_KNOTS('',2,(#6568,#6569,#6570),
  .UNSPECIFIED.,.F.,.F.,(3,3),(0.,1.),.PIECEWISE_BEZIER_KNOTS.);
#6568 = CARTESIAN_POINT('',(103.97460585266,4.,10.818931512433));
#6569 = CARTESIAN_POINT('',(103.9160671323,4.,11.05418057554));
#6570 = CARTESIAN_POINT('',(103.88214749995,4.,11.272469822469));
#6571 = VECTOR('',#6572,1.);
#6572 = DIRECTION('',(0.,1.,-2.2E-16));
#6573 = ADVANCED_FACE('',(#6574),#6592,.T.);
#6574 = FACE_BOUND('',#6575,.T.);
#6575 = EDGE_LOOP('',(#6576,#6577,#6578,#6586));
#6576 = ORIENTED_EDGE('',*,*,#1857,.T.);
#6577 = ORIENTED_EDGE('',*,*,#6561,.T.);
#6578 = ORIENTED_EDGE('',*,*,#6579,.T.);
#6579 = EDGE_CURVE('',#6554,#6580,#6582,.T.);
#6580 = VERTEX_POINT('',#6581);
#6581 = CARTESIAN_POINT('',(103.83181514226,-1.,11.558051243264));
#6582 = B_SPLINE_CURVE_WITH_KNOTS('',2,(#6583,#6584,#6585),
  .UNSPECIFIED.,.F.,.F.,(3,3),(0.,1.),.PIECEWISE_BEZIER_KNOTS.);
#6583 = CARTESIAN_POINT('',(103.88214749995,-1.,11.272469822469));
#6584 = CARTESIAN_POINT('',(103.84877495844,-1.,11.474346344065));
#6585 = CARTESIAN_POINT('',(103.83181514226,-1.,11.558051243264));
#6586 = ORIENTED_EDGE('',*,*,#6587,.F.);
#6587 = EDGE_CURVE('',#1848,#6580,#6588,.T.);
#6588 = LINE('',#6589,#6590);
#6589 = CARTESIAN_POINT('',(103.83181514226,4.,11.558051243264));
#6590 = VECTOR('',#6591,1.);
#6591 = DIRECTION('',(0.,-1.,2.2E-16));
#6592 = SURFACE_OF_LINEAR_EXTRUSION('',#6593,#6597);
#6593 = B_SPLINE_CURVE_WITH_KNOTS('',2,(#6594,#6595,#6596),
  .UNSPECIFIED.,.F.,.F.,(3,3),(0.,1.),.PIECEWISE_BEZIER_KNOTS.);
#6594 = CARTESIAN_POINT('',(103.88214749995,4.,11.272469822469));
#6595 = CARTESIAN_POINT('',(103.84877495844,4.,11.474346344065));
#6596 = CARTESIAN_POINT('',(103.83181514226,4.,11.558051243264));
#6597 = VECTOR('',#6598,1.);
#6598 = DIRECTION('',(0.,1.,-2.2E-16));
#6599 = ADVANCED_FACE('',(#6600),#6618,.T.);
#6600 = FACE_BOUND('',#6601,.T.);
#6601 = EDGE_LOOP('',(#6602,#6603,#6604,#6612));
#6602 = ORIENTED_EDGE('',*,*,#1847,.T.);
#6603 = ORIENTED_EDGE('',*,*,#6587,.T.);
#6604 = ORIENTED_EDGE('',*,*,#6605,.T.);
#6605 = EDGE_CURVE('',#6580,#6606,#6608,.T.);
#6606 = VERTEX_POINT('',#6607);
#6607 = CARTESIAN_POINT('',(103.7978955099,-1.,11.751174311349));
#6608 = B_SPLINE_CURVE_WITH_KNOTS('',2,(#6609,#6610,#6611),
  .UNSPECIFIED.,.F.,.F.,(3,3),(0.,1.),.PIECEWISE_BEZIER_KNOTS.);
#6609 = CARTESIAN_POINT('',(103.83181514226,-1.,11.558051243264));
#6610 = CARTESIAN_POINT('',(103.81485532608,-1.,11.642303233307));
#6611 = CARTESIAN_POINT('',(103.7978955099,-1.,11.751174311349));
#6612 = ORIENTED_EDGE('',*,*,#6613,.F.);
#6613 = EDGE_CURVE('',#1836,#6606,#6614,.T.);
#6614 = LINE('',#6615,#6616);
#6615 = CARTESIAN_POINT('',(103.7978955099,4.,11.751174311349));
#6616 = VECTOR('',#6617,1.);
#6617 = DIRECTION('',(0.,-1.,2.2E-16));
#6618 = SURFACE_OF_LINEAR_EXTRUSION('',#6619,#6623);
#6619 = B_SPLINE_CURVE_WITH_KNOTS('',2,(#6620,#6621,#6622),
  .UNSPECIFIED.,.F.,.F.,(3,3),(0.,1.),.PIECEWISE_BEZIER_KNOTS.);
#6620 = CARTESIAN_POINT('',(103.83181514226,4.,11.558051243264));
#6621 = CARTESIAN_POINT('',(103.81485532608,4.,11.642303233307));
#6622 = CARTESIAN_POINT('',(103.7978955099,4.,11.751174311349));
#6623 = VECTOR('',#6624,1.);
#6624 = DIRECTION('',(0.,1.,-2.2E-16));
#6625 = ADVANCED_FACE('',(#6626),#6644,.T.);
#6626 = FACE_BOUND('',#6627,.T.);
#6627 = EDGE_LOOP('',(#6628,#6629,#6630,#6638));
#6628 = ORIENTED_EDGE('',*,*,#1835,.T.);
#6629 = ORIENTED_EDGE('',*,*,#6613,.T.);
#6630 = ORIENTED_EDGE('',*,*,#6631,.T.);
#6631 = EDGE_CURVE('',#6606,#6632,#6634,.T.);
#6632 = VERTEX_POINT('',#6633);
#6633 = CARTESIAN_POINT('',(103.76452296839,-1.,12.180093533386));
#6634 = B_SPLINE_CURVE_WITH_KNOTS('',2,(#6635,#6636,#6637),
  .UNSPECIFIED.,.F.,.F.,(3,3),(0.,1.),.PIECEWISE_BEZIER_KNOTS.);
#6635 = CARTESIAN_POINT('',(103.7978955099,-1.,11.751174311349));
#6636 = CARTESIAN_POINT('',(103.78148278457,-1.,11.860592480236));
#6637 = CARTESIAN_POINT('',(103.76452296839,-1.,12.180093533386));
#6638 = ORIENTED_EDGE('',*,*,#6639,.F.);
#6639 = EDGE_CURVE('',#1823,#6632,#6640,.T.);
#6640 = LINE('',#6641,#6642);
#6641 = CARTESIAN_POINT('',(103.76452296839,4.,12.180093533386));
#6642 = VECTOR('',#6643,1.);
#6643 = DIRECTION('',(0.,-1.,2.2E-16));
#6644 = SURFACE_OF_LINEAR_EXTRUSION('',#6645,#6649);
#6645 = B_SPLINE_CURVE_WITH_KNOTS('',2,(#6646,#6647,#6648),
  .UNSPECIFIED.,.F.,.F.,(3,3),(0.,1.),.PIECEWISE_BEZIER_KNOTS.);
#6646 = CARTESIAN_POINT('',(103.7978955099,4.,11.751174311349));
#6647 = CARTESIAN_POINT('',(103.78148278457,4.,11.860592480236));
#6648 = CARTESIAN_POINT('',(103.76452296839,4.,12.180093533386));
#6649 = VECTOR('',#6650,1.);
#6650 = DIRECTION('',(0.,1.,-2.2E-16));
#6651 = ADVANCED_FACE('',(#6652),#6670,.T.);
#6652 = FACE_BOUND('',#6653,.T.);
#6653 = EDGE_LOOP('',(#6654,#6655,#6656,#6664));
#6654 = ORIENTED_EDGE('',*,*,#1822,.T.);
#6655 = ORIENTED_EDGE('',*,*,#6639,.T.);
#6656 = ORIENTED_EDGE('',*,*,#6657,.T.);
#6657 = EDGE_CURVE('',#6632,#6658,#6660,.T.);
#6658 = VERTEX_POINT('',#6659);
#6659 = CARTESIAN_POINT('',(103.74756315222,-1.,12.381970054983));
#6660 = B_SPLINE_CURVE_WITH_KNOTS('',2,(#6661,#6662,#6663),
  .UNSPECIFIED.,.F.,.F.,(3,3),(0.,1.),.PIECEWISE_BEZIER_KNOTS.);
#6661 = CARTESIAN_POINT('',(103.76452296839,-1.,12.180093533386));
#6662 = CARTESIAN_POINT('',(103.74756315222,-1.,12.280758248762));
#6663 = CARTESIAN_POINT('',(103.74756315222,-1.,12.381970054983));
#6664 = ORIENTED_EDGE('',*,*,#6665,.F.);
#6665 = EDGE_CURVE('',#1813,#6658,#6666,.T.);
#6666 = LINE('',#6667,#6668);
#6667 = CARTESIAN_POINT('',(103.74756315222,4.,12.381970054983));
#6668 = VECTOR('',#6669,1.);
#6669 = DIRECTION('',(0.,-1.,2.2E-16));
#6670 = SURFACE_OF_LINEAR_EXTRUSION('',#6671,#6675);
#6671 = B_SPLINE_CURVE_WITH_KNOTS('',2,(#6672,#6673,#6674),
  .UNSPECIFIED.,.F.,.F.,(3,3),(0.,1.),.PIECEWISE_BEZIER_KNOTS.);
#6672 = CARTESIAN_POINT('',(103.76452296839,4.,12.180093533386));
#6673 = CARTESIAN_POINT('',(103.74756315222,4.,12.280758248762));
#6674 = CARTESIAN_POINT('',(103.74756315222,4.,12.381970054983));
#6675 = VECTOR('',#6676,1.);
#6676 = DIRECTION('',(0.,1.,-2.2E-16));
#6677 = ADVANCED_FACE('',(#6678),#6696,.T.);
#6678 = FACE_BOUND('',#6679,.T.);
#6679 = EDGE_LOOP('',(#6680,#6681,#6682,#6690));
#6680 = ORIENTED_EDGE('',*,*,#1812,.T.);
#6681 = ORIENTED_EDGE('',*,*,#6665,.T.);
#6682 = ORIENTED_EDGE('',*,*,#6683,.T.);
#6683 = EDGE_CURVE('',#6658,#6684,#6686,.T.);
#6684 = VERTEX_POINT('',#6685);
#6685 = CARTESIAN_POINT('',(103.73115042688,-1.,12.583299485735));
#6686 = B_SPLINE_CURVE_WITH_KNOTS('',2,(#6687,#6688,#6689),
  .UNSPECIFIED.,.F.,.F.,(3,3),(0.,1.),.PIECEWISE_BEZIER_KNOTS.);
#6687 = CARTESIAN_POINT('',(103.74756315222,-1.,12.381970054983));
#6688 = CARTESIAN_POINT('',(103.73115042688,-1.,12.482634770359));
#6689 = CARTESIAN_POINT('',(103.73115042688,-1.,12.583299485735));
#6690 = ORIENTED_EDGE('',*,*,#6691,.F.);
#6691 = EDGE_CURVE('',#1805,#6684,#6692,.T.);
#6692 = LINE('',#6693,#6694);
#6693 = CARTESIAN_POINT('',(103.73115042688,4.,12.583299485735));
#6694 = VECTOR('',#6695,1.);
#6695 = DIRECTION('',(0.,-1.,2.2E-16));
#6696 = SURFACE_OF_LINEAR_EXTRUSION('',#6697,#6701);
#6697 = B_SPLINE_CURVE_WITH_KNOTS('',2,(#6698,#6699,#6700),
  .UNSPECIFIED.,.F.,.F.,(3,3),(0.,1.),.PIECEWISE_BEZIER_KNOTS.);
#6698 = CARTESIAN_POINT('',(103.74756315222,4.,12.381970054983));
#6699 = CARTESIAN_POINT('',(103.73115042688,4.,12.482634770359));
#6700 = CARTESIAN_POINT('',(103.73115042688,4.,12.583299485735));
#6701 = VECTOR('',#6702,1.);
#6702 = DIRECTION('',(0.,1.,-2.2E-16));
#6703 = ADVANCED_FACE('',(#6704),#6722,.T.);
#6704 = FACE_BOUND('',#6705,.T.);
#6705 = EDGE_LOOP('',(#6706,#6707,#6708,#6716));
#6706 = ORIENTED_EDGE('',*,*,#1804,.T.);
#6707 = ORIENTED_EDGE('',*,*,#6691,.T.);
#6708 = ORIENTED_EDGE('',*,*,#6709,.T.);
#6709 = EDGE_CURVE('',#6684,#6710,#6712,.T.);
#6710 = VERTEX_POINT('',#6711);
#6711 = CARTESIAN_POINT('',(103.39468955755,-1.,12.583299485735));
#6712 = LINE('',#6713,#6714);
#6713 = CARTESIAN_POINT('',(103.73115042688,-1.,12.583299485735));
#6714 = VECTOR('',#6715,1.);
#6715 = DIRECTION('',(-1.,0.,0.));
#6716 = ORIENTED_EDGE('',*,*,#6717,.F.);
#6717 = EDGE_CURVE('',#1793,#6710,#6718,.T.);
#6718 = LINE('',#6719,#6720);
#6719 = CARTESIAN_POINT('',(103.39468955755,4.,12.583299485735));
#6720 = VECTOR('',#6721,1.);
#6721 = DIRECTION('',(0.,-1.,2.2E-16));
#6722 = PLANE('',#6723);
#6723 = AXIS2_PLACEMENT_3D('',#6724,#6725,#6726);
#6724 = CARTESIAN_POINT('',(103.73115042688,4.,12.583299485735));
#6725 = DIRECTION('',(0.,-2.2E-16,-1.));
#6726 = DIRECTION('',(-1.,0.,0.));
#6727 = ADVANCED_FACE('',(#6728),#6746,.T.);
#6728 = FACE_BOUND('',#6729,.T.);
#6729 = EDGE_LOOP('',(#6730,#6731,#6732,#6740));
#6730 = ORIENTED_EDGE('',*,*,#1792,.T.);
#6731 = ORIENTED_EDGE('',*,*,#6717,.T.);
#6732 = ORIENTED_EDGE('',*,*,#6733,.T.);
#6733 = EDGE_CURVE('',#6710,#6734,#6736,.T.);
#6734 = VERTEX_POINT('',#6735);
#6735 = CARTESIAN_POINT('',(103.38593610404,-1.,12.0115895533));
#6736 = B_SPLINE_CURVE_WITH_KNOTS('',2,(#6737,#6738,#6739),
  .UNSPECIFIED.,.F.,.F.,(3,3),(0.,1.),.PIECEWISE_BEZIER_KNOTS.);
#6737 = CARTESIAN_POINT('',(103.39468955755,-1.,12.583299485735));
#6738 = CARTESIAN_POINT('',(103.39468955755,-1.,12.213466074897));
#6739 = CARTESIAN_POINT('',(103.38593610404,-1.,12.0115895533));
#6740 = ORIENTED_EDGE('',*,*,#6741,.F.);
#6741 = EDGE_CURVE('',#1782,#6734,#6742,.T.);
#6742 = LINE('',#6743,#6744);
#6743 = CARTESIAN_POINT('',(103.38593610404,4.,12.0115895533));
#6744 = VECTOR('',#6745,1.);
#6745 = DIRECTION('',(0.,-1.,2.2E-16));
#6746 = SURFACE_OF_LINEAR_EXTRUSION('',#6747,#6751);
#6747 = B_SPLINE_CURVE_WITH_KNOTS('',2,(#6748,#6749,#6750),
  .UNSPECIFIED.,.F.,.F.,(3,3),(0.,1.),.PIECEWISE_BEZIER_KNOTS.);
#6748 = CARTESIAN_POINT('',(103.39468955755,4.,12.583299485735));
#6749 = CARTESIAN_POINT('',(103.39468955755,4.,12.213466074897));
#6750 = CARTESIAN_POINT('',(103.38593610404,4.,12.0115895533));
#6751 = VECTOR('',#6752,1.);
#6752 = DIRECTION('',(0.,1.,-2.2E-16));
#6753 = ADVANCED_FACE('',(#6754),#6772,.T.);
#6754 = FACE_BOUND('',#6755,.T.);
#6755 = EDGE_LOOP('',(#6756,#6757,#6758,#6766));
#6756 = ORIENTED_EDGE('',*,*,#1781,.T.);
#6757 = ORIENTED_EDGE('',*,*,#6741,.T.);
#6758 = ORIENTED_EDGE('',*,*,#6759,.T.);
#6759 = EDGE_CURVE('',#6734,#6760,#6762,.T.);
#6760 = VERTEX_POINT('',#6761);
#6761 = CARTESIAN_POINT('',(103.36131701604,-1.,11.507718885576));
#6762 = B_SPLINE_CURVE_WITH_KNOTS('',2,(#6763,#6764,#6765),
  .UNSPECIFIED.,.F.,.F.,(3,3),(0.,1.),.PIECEWISE_BEZIER_KNOTS.);
#6763 = CARTESIAN_POINT('',(103.38593610404,-1.,12.0115895533));
#6764 = CARTESIAN_POINT('',(103.37772974138,-1.,11.810260122548));
#6765 = CARTESIAN_POINT('',(103.36131701604,-1.,11.507718885576));
#6766 = ORIENTED_EDGE('',*,*,#6767,.F.);
#6767 = EDGE_CURVE('',#1771,#6760,#6768,.T.);
#6768 = LINE('',#6769,#6770);
#6769 = CARTESIAN_POINT('',(103.36131701604,4.,11.507718885576));
#6770 = VECTOR('',#6771,1.);
#6771 = DIRECTION('',(0.,-1.,2.2E-16));
#6772 = SURFACE_OF_LINEAR_EXTRUSION('',#6773,#6777);
#6773 = B_SPLINE_CURVE_WITH_KNOTS('',2,(#6774,#6775,#6776),
  .UNSPECIFIED.,.F.,.F.,(3,3),(0.,1.),.PIECEWISE_BEZIER_KNOTS.);
#6774 = CARTESIAN_POINT('',(103.38593610404,4.,12.0115895533));
#6775 = CARTESIAN_POINT('',(103.37772974138,4.,11.810260122548));
#6776 = CARTESIAN_POINT('',(103.36131701604,4.,11.507718885576));
#6777 = VECTOR('',#6778,1.);
#6778 = DIRECTION('',(0.,1.,-2.2E-16));
#6779 = ADVANCED_FACE('',(#6780),#6798,.T.);
#6780 = FACE_BOUND('',#6781,.T.);
#6781 = EDGE_LOOP('',(#6782,#6783,#6784,#6792));
#6782 = ORIENTED_EDGE('',*,*,#1770,.T.);
#6783 = ORIENTED_EDGE('',*,*,#6767,.T.);
#6784 = ORIENTED_EDGE('',*,*,#6785,.T.);
#6785 = EDGE_CURVE('',#6760,#6786,#6788,.T.);
#6786 = VERTEX_POINT('',#6787);
#6787 = CARTESIAN_POINT('',(103.29347775133,-1.,11.078799663539));
#6788 = B_SPLINE_CURVE_WITH_KNOTS('',2,(#6789,#6790,#6791),
  .UNSPECIFIED.,.F.,.F.,(3,3),(0.,1.),.PIECEWISE_BEZIER_KNOTS.);
#6789 = CARTESIAN_POINT('',(103.36131701604,-1.,11.507718885576));
#6790 = CARTESIAN_POINT('',(103.32739738369,-1.,11.255510006292));
#6791 = CARTESIAN_POINT('',(103.29347775133,-1.,11.078799663539));
#6792 = ORIENTED_EDGE('',*,*,#6793,.F.);
#6793 = EDGE_CURVE('',#1761,#6786,#6794,.T.);
#6794 = LINE('',#6795,#6796);
#6795 = CARTESIAN_POINT('',(103.29347775133,4.,11.078799663539));
#6796 = VECTOR('',#6797,1.);
#6797 = DIRECTION('',(0.,-1.,2.2E-16));
#6798 = SURFACE_OF_LINEAR_EXTRUSION('',#6799,#6803);
#6799 = B_SPLINE_CURVE_WITH_KNOTS('',2,(#6800,#6801,#6802),
  .UNSPECIFIED.,.F.,.F.,(3,3),(0.,1.),.PIECEWISE_BEZIER_KNOTS.);
#6800 = CARTESIAN_POINT('',(103.36131701604,4.,11.507718885576));
#6801 = CARTESIAN_POINT('',(103.32739738369,4.,11.255510006292));
#6802 = CARTESIAN_POINT('',(103.29347775133,4.,11.078799663539));
#6803 = VECTOR('',#6804,1.);
#6804 = DIRECTION('',(0.,1.,-2.2E-16));
#6805 = ADVANCED_FACE('',(#6806),#6824,.T.);
#6806 = FACE_BOUND('',#6807,.T.);
#6807 = EDGE_LOOP('',(#6808,#6809,#6810,#6818));
#6808 = ORIENTED_EDGE('',*,*,#1760,.T.);
#6809 = ORIENTED_EDGE('',*,*,#6793,.T.);
#6810 = ORIENTED_EDGE('',*,*,#6811,.T.);
#6811 = EDGE_CURVE('',#6786,#6812,#6814,.T.);
#6812 = VERTEX_POINT('',#6813);
#6813 = CARTESIAN_POINT('',(103.20977285214,-1.,10.684347164702));
#6814 = B_SPLINE_CURVE_WITH_KNOTS('',2,(#6815,#6816,#6817),
  .UNSPECIFIED.,.F.,.F.,(3,3),(0.,1.),.PIECEWISE_BEZIER_KNOTS.);
#6815 = CARTESIAN_POINT('',(103.29347775133,-1.,11.078799663539));
#6816 = CARTESIAN_POINT('',(103.26010520982,-1.,10.902636411631));
#6817 = CARTESIAN_POINT('',(103.20977285214,-1.,10.684347164702));
#6818 = ORIENTED_EDGE('',*,*,#6819,.F.);
#6819 = EDGE_CURVE('',#1751,#6812,#6820,.T.);
#6820 = LINE('',#6821,#6822);
#6821 = CARTESIAN_POINT('',(103.20977285214,4.,10.684347164702));
#6822 = VECTOR('',#6823,1.);
#6823 = DIRECTION('',(0.,-1.,2.2E-16));
#6824 = SURFACE_OF_LINEAR_EXTRUSION('',#6825,#6829);
#6825 = B_SPLINE_CURVE_WITH_KNOTS('',2,(#6826,#6827,#6828),
  .UNSPECIFIED.,.F.,.F.,(3,3),(0.,1.),.PIECEWISE_BEZIER_KNOTS.);
#6826 = CARTESIAN_POINT('',(103.29347775133,4.,11.078799663539));
#6827 = CARTESIAN_POINT('',(103.26010520982,4.,10.902636411631));
#6828 = CARTESIAN_POINT('',(103.20977285214,4.,10.684347164702));
#6829 = VECTOR('',#6830,1.);
#6830 = DIRECTION('',(0.,1.,-2.2E-16));
#6831 = ADVANCED_FACE('',(#6832),#6850,.T.);
#6832 = FACE_BOUND('',#6833,.T.);
#6833 = EDGE_LOOP('',(#6834,#6835,#6836,#6844));
#6834 = ORIENTED_EDGE('',*,*,#1750,.T.);
#6835 = ORIENTED_EDGE('',*,*,#6819,.T.);
#6836 = ORIENTED_EDGE('',*,*,#6837,.T.);
#6837 = EDGE_CURVE('',#6812,#6838,#6840,.T.);
#6838 = VERTEX_POINT('',#6839);
#6839 = CARTESIAN_POINT('',(103.17640031063,-1.,10.51639027546));
#6840 = B_SPLINE_CURVE_WITH_KNOTS('',2,(#6841,#6842,#6843),
  .UNSPECIFIED.,.F.,.F.,(3,3),(0.,1.),.PIECEWISE_BEZIER_KNOTS.);
#6841 = CARTESIAN_POINT('',(103.20977285214,-1.,10.684347164702));
#6842 = CARTESIAN_POINT('',(103.1933601268,-1.,10.600095174659));
#6843 = CARTESIAN_POINT('',(103.17640031063,-1.,10.51639027546));
#6844 = ORIENTED_EDGE('',*,*,#6845,.F.);
#6845 = EDGE_CURVE('',#1741,#6838,#6846,.T.);
#6846 = LINE('',#6847,#6848);
#6847 = CARTESIAN_POINT('',(103.17640031063,4.,10.51639027546));
#6848 = VECTOR('',#6849,1.);
#6849 = DIRECTION('',(0.,-1.,2.2E-16));
#6850 = SURFACE_OF_LINEAR_EXTRUSION('',#6851,#6855);
#6851 = B_SPLINE_CURVE_WITH_KNOTS('',2,(#6852,#6853,#6854),
  .UNSPECIFIED.,.F.,.F.,(3,3),(0.,1.),.PIECEWISE_BEZIER_KNOTS.);
#6852 = CARTESIAN_POINT('',(103.20977285214,4.,10.684347164702));
#6853 = CARTESIAN_POINT('',(103.1933601268,4.,10.600095174659));
#6854 = CARTESIAN_POINT('',(103.17640031063,4.,10.51639027546));
#6855 = VECTOR('',#6856,1.);
#6856 = DIRECTION('',(0.,1.,-2.2E-16));
#6857 = ADVANCED_FACE('',(#6858),#6876,.T.);
#6858 = FACE_BOUND('',#6859,.T.);
#6859 = EDGE_LOOP('',(#6860,#6861,#6862,#6870));
#6860 = ORIENTED_EDGE('',*,*,#1740,.T.);
#6861 = ORIENTED_EDGE('',*,*,#6845,.T.);
#6862 = ORIENTED_EDGE('',*,*,#6863,.T.);
#6863 = EDGE_CURVE('',#6838,#6864,#6866,.T.);
#6864 = VERTEX_POINT('',#6865);
#6865 = CARTESIAN_POINT('',(103.12606795294,-1.,10.364846111552));
#6866 = B_SPLINE_CURVE_WITH_KNOTS('',2,(#6867,#6868,#6869),
  .UNSPECIFIED.,.F.,.F.,(3,3),(0.,1.),.PIECEWISE_BEZIER_KNOTS.);
#6867 = CARTESIAN_POINT('',(103.17640031063,-1.,10.51639027546));
#6868 = CARTESIAN_POINT('',(103.14248067827,-1.,10.432138285417));
#6869 = CARTESIAN_POINT('',(103.12606795294,-1.,10.364846111552));
#6870 = ORIENTED_EDGE('',*,*,#6871,.F.);
#6871 = EDGE_CURVE('',#1733,#6864,#6872,.T.);
#6872 = LINE('',#6873,#6874);
#6873 = CARTESIAN_POINT('',(103.12606795294,4.,10.364846111552));
#6874 = VECTOR('',#6875,1.);
#6875 = DIRECTION('',(0.,-1.,2.2E-16));
#6876 = SURFACE_OF_LINEAR_EXTRUSION('',#6877,#6881);
#6877 = B_SPLINE_CURVE_WITH_KNOTS('',2,(#6878,#6879,#6880),
  .UNSPECIFIED.,.F.,.F.,(3,3),(0.,1.),.PIECEWISE_BEZIER_KNOTS.);
#6878 = CARTESIAN_POINT('',(103.17640031063,4.,10.51639027546));
#6879 = CARTESIAN_POINT('',(103.14248067827,4.,10.432138285417));
#6880 = CARTESIAN_POINT('',(103.12606795294,4.,10.364846111552));
#6881 = VECTOR('',#6882,1.);
#6882 = DIRECTION('',(0.,1.,-2.2E-16));
#6883 = ADVANCED_FACE('',(#6884),#6902,.T.);
#6884 = FACE_BOUND('',#6885,.T.);
#6885 = EDGE_LOOP('',(#6886,#6887,#6888,#6896));
#6886 = ORIENTED_EDGE('',*,*,#1732,.T.);
#6887 = ORIENTED_EDGE('',*,*,#6871,.T.);
#6888 = ORIENTED_EDGE('',*,*,#6889,.T.);
#6889 = EDGE_CURVE('',#6864,#6890,#6892,.T.);
#6890 = VERTEX_POINT('',#6891);
#6891 = CARTESIAN_POINT('',(101.46181760417,-1.,5.1549));
#6892 = LINE('',#6893,#6894);
#6893 = CARTESIAN_POINT('',(103.12606795294,-1.,10.364846111552));
#6894 = VECTOR('',#6895,1.);
#6895 = DIRECTION('',(-0.304289332682,-0.,-0.95257965652));
#6896 = ORIENTED_EDGE('',*,*,#6897,.F.);
#6897 = EDGE_CURVE('',#1725,#6890,#6898,.T.);
#6898 = LINE('',#6899,#6900);
#6899 = CARTESIAN_POINT('',(101.46181760417,4.,5.1549));
#6900 = VECTOR('',#6901,1.);
#6901 = DIRECTION('',(0.,-1.,2.2E-16));
#6902 = PLANE('',#6903);
#6903 = AXIS2_PLACEMENT_3D('',#6904,#6905,#6906);
#6904 = CARTESIAN_POINT('',(103.12606795294,4.,10.364846111552));
#6905 = DIRECTION('',(0.95257965652,-7.E-17,-0.304289332682));
#6906 = DIRECTION('',(-0.304289332682,2.1E-16,-0.95257965652));
#6907 = ADVANCED_FACE('',(#6908),#6926,.T.);
#6908 = FACE_BOUND('',#6909,.T.);
#6909 = EDGE_LOOP('',(#6910,#6911,#6912,#6920));
#6910 = ORIENTED_EDGE('',*,*,#1724,.T.);
#6911 = ORIENTED_EDGE('',*,*,#6897,.T.);
#6912 = ORIENTED_EDGE('',*,*,#6913,.T.);
#6913 = EDGE_CURVE('',#6890,#6914,#6916,.T.);
#6914 = VERTEX_POINT('',#6915);
#6915 = CARTESIAN_POINT('',(97.428663898999,-1.,5.1549));
#6916 = LINE('',#6917,#6918);
#6917 = CARTESIAN_POINT('',(101.46181760417,-1.,5.1549));
#6918 = VECTOR('',#6919,1.);
#6919 = DIRECTION('',(-1.,0.,0.));
#6920 = ORIENTED_EDGE('',*,*,#6921,.F.);
#6921 = EDGE_CURVE('',#1717,#6914,#6922,.T.);
#6922 = LINE('',#6923,#6924);
#6923 = CARTESIAN_POINT('',(97.428663898999,4.,5.1549));
#6924 = VECTOR('',#6925,1.);
#6925 = DIRECTION('',(0.,-1.,2.2E-16));
#6926 = PLANE('',#6927);
#6927 = AXIS2_PLACEMENT_3D('',#6928,#6929,#6930);
#6928 = CARTESIAN_POINT('',(101.46181760417,4.,5.1549));
#6929 = DIRECTION('',(0.,-2.2E-16,-1.));
#6930 = DIRECTION('',(-1.,0.,0.));
#6931 = ADVANCED_FACE('',(#6932),#6950,.T.);
#6932 = FACE_BOUND('',#6933,.T.);
#6933 = EDGE_LOOP('',(#6934,#6935,#6936,#6944));
#6934 = ORIENTED_EDGE('',*,*,#1716,.T.);
#6935 = ORIENTED_EDGE('',*,*,#6921,.T.);
#6936 = ORIENTED_EDGE('',*,*,#6937,.T.);
#6937 = EDGE_CURVE('',#6914,#6938,#6940,.T.);
#6938 = VERTEX_POINT('',#6939);
#6939 = CARTESIAN_POINT('',(101.3108205311,-1.,15.154626454578));
#6940 = LINE('',#6941,#6942);
#6941 = CARTESIAN_POINT('',(97.428663898999,-1.,5.1549));
#6942 = VECTOR('',#6943,1.);
#6943 = DIRECTION('',(0.36190965538,0.,0.932213173766));
#6944 = ORIENTED_EDGE('',*,*,#6945,.F.);
#6945 = EDGE_CURVE('',#1709,#6938,#6946,.T.);
#6946 = LINE('',#6947,#6948);
#6947 = CARTESIAN_POINT('',(101.3108205311,4.,15.154626454578));
#6948 = VECTOR('',#6949,1.);
#6949 = DIRECTION('',(0.,-1.,2.2E-16));
#6950 = PLANE('',#6951);
#6951 = AXIS2_PLACEMENT_3D('',#6952,#6953,#6954);
#6952 = CARTESIAN_POINT('',(97.428663898999,4.,5.1549));
#6953 = DIRECTION('',(-0.932213173766,8.E-17,0.36190965538));
#6954 = DIRECTION('',(0.36190965538,-2.1E-16,0.932213173766));
#6955 = ADVANCED_FACE('',(#6956),#6974,.T.);
#6956 = FACE_BOUND('',#6957,.T.);
#6957 = EDGE_LOOP('',(#6958,#6959,#6960,#6968));
#6958 = ORIENTED_EDGE('',*,*,#1708,.T.);
#6959 = ORIENTED_EDGE('',*,*,#6945,.T.);
#6960 = ORIENTED_EDGE('',*,*,#6961,.T.);
#6961 = EDGE_CURVE('',#6938,#6962,#6964,.T.);
#6962 = VERTEX_POINT('',#6963);
#6963 = CARTESIAN_POINT('',(97.428663898999,-1.,25.1549));
#6964 = LINE('',#6965,#6966);
#6965 = CARTESIAN_POINT('',(101.3108205311,-1.,15.154626454578));
#6966 = VECTOR('',#6967,1.);
#6967 = DIRECTION('',(-0.361892449263,0.,0.93221985345));
#6968 = ORIENTED_EDGE('',*,*,#6969,.F.);
#6969 = EDGE_CURVE('',#1701,#6962,#6970,.T.);
#6970 = LINE('',#6971,#6972);
#6971 = CARTESIAN_POINT('',(97.428663898999,4.,25.1549));
#6972 = VECTOR('',#6973,1.);
#6973 = DIRECTION('',(0.,-1.,2.2E-16));
#6974 = PLANE('',#6975);
#6975 = AXIS2_PLACEMENT_3D('',#6976,#6977,#6978);
#6976 = CARTESIAN_POINT('',(101.3108205311,4.,15.154626454578));
#6977 = DIRECTION('',(-0.93221985345,-8.E-17,-0.361892449263));
#6978 = DIRECTION('',(-0.361892449263,-2.1E-16,0.93221985345));
#6979 = ADVANCED_FACE('',(#6980),#6998,.T.);
#6980 = FACE_BOUND('',#6981,.T.);
#6981 = EDGE_LOOP('',(#6982,#6983,#6984,#6992));
#6982 = ORIENTED_EDGE('',*,*,#1700,.T.);
#6983 = ORIENTED_EDGE('',*,*,#6969,.T.);
#6984 = ORIENTED_EDGE('',*,*,#6985,.T.);
#6985 = EDGE_CURVE('',#6962,#6986,#6988,.T.);
#6986 = VERTEX_POINT('',#6987);
#6987 = CARTESIAN_POINT('',(101.46181760417,-1.,25.1549));
#6988 = LINE('',#6989,#6990);
#6989 = CARTESIAN_POINT('',(97.428663898999,-1.,25.1549));
#6990 = VECTOR('',#6991,1.);
#6991 = DIRECTION('',(1.,0.,0.));
#6992 = ORIENTED_EDGE('',*,*,#6993,.F.);
#6993 = EDGE_CURVE('',#1693,#6986,#6994,.T.);
#6994 = LINE('',#6995,#6996);
#6995 = CARTESIAN_POINT('',(101.46181760417,4.,25.1549));
#6996 = VECTOR('',#6997,1.);
#6997 = DIRECTION('',(0.,-1.,2.2E-16));
#6998 = PLANE('',#6999);
#6999 = AXIS2_PLACEMENT_3D('',#7000,#7001,#7002);
#7000 = CARTESIAN_POINT('',(97.428663898999,4.,25.1549));
#7001 = DIRECTION('',(0.,2.2E-16,1.));
#7002 = DIRECTION('',(1.,0.,0.));
#7003 = ADVANCED_FACE('',(#7004),#7015,.T.);
#7004 = FACE_BOUND('',#7005,.T.);
#7005 = EDGE_LOOP('',(#7006,#7007,#7008,#7014));
#7006 = ORIENTED_EDGE('',*,*,#1692,.T.);
#7007 = ORIENTED_EDGE('',*,*,#6993,.T.);
#7008 = ORIENTED_EDGE('',*,*,#7009,.T.);
#7009 = EDGE_CURVE('',#6986,#6040,#7010,.T.);
#7010 = LINE('',#7011,#7012);
#7011 = CARTESIAN_POINT('',(101.46181760417,-1.,25.1549));
#7012 = VECTOR('',#7013,1.);
#7013 = DIRECTION('',(0.318287876626,0.,-0.947994107362));
#7014 = ORIENTED_EDGE('',*,*,#6039,.F.);
#7015 = PLANE('',#7016);
#7016 = AXIS2_PLACEMENT_3D('',#7017,#7018,#7019);
#7017 = CARTESIAN_POINT('',(101.46181760417,4.,25.1549));
#7018 = DIRECTION('',(0.947994107362,7.E-17,0.318287876626));
#7019 = DIRECTION('',(0.318287876626,2.1E-16,-0.947994107362));
#7020 = ADVANCED_FACE('',(#7021),#7046,.T.);
#7021 = FACE_BOUND('',#7022,.T.);
#7022 = EDGE_LOOP('',(#7023,#7024,#7032,#7040));
#7023 = ORIENTED_EDGE('',*,*,#2062,.T.);
#7024 = ORIENTED_EDGE('',*,*,#7025,.T.);
#7025 = EDGE_CURVE('',#2065,#7026,#7028,.T.);
#7026 = VERTEX_POINT('',#7027);
#7027 = CARTESIAN_POINT('',(122.97452378903,-1.,21.457112982466));
#7028 = LINE('',#7029,#7030);
#7029 = CARTESIAN_POINT('',(122.97452378903,4.,21.457112982466));
#7030 = VECTOR('',#7031,1.);
#7031 = DIRECTION('',(0.,-1.,2.2E-16));
#7032 = ORIENTED_EDGE('',*,*,#7033,.T.);
#7033 = EDGE_CURVE('',#7026,#7034,#7036,.T.);
#7034 = VERTEX_POINT('',#7035);
#7035 = CARTESIAN_POINT('',(119.86540652011,-1.,21.457112982466));
#7036 = LINE('',#7037,#7038);
#7037 = CARTESIAN_POINT('',(122.97452378903,-1.,21.457112982466));
#7038 = VECTOR('',#7039,1.);
#7039 = DIRECTION('',(-1.,0.,0.));
#7040 = ORIENTED_EDGE('',*,*,#7041,.F.);
#7041 = EDGE_CURVE('',#2063,#7034,#7042,.T.);
#7042 = LINE('',#7043,#7044);
#7043 = CARTESIAN_POINT('',(119.86540652011,4.,21.457112982466));
#7044 = VECTOR('',#7045,1.);
#7045 = DIRECTION('',(0.,-1.,2.2E-16));
#7046 = PLANE('',#7047);
#7047 = AXIS2_PLACEMENT_3D('',#7048,#7049,#7050);
#7048 = CARTESIAN_POINT('',(122.97452378903,4.,21.457112982466));
#7049 = DIRECTION('',(0.,-2.2E-16,-1.));
#7050 = DIRECTION('',(-1.,0.,0.));
#7051 = ADVANCED_FACE('',(#7052),#7070,.T.);
#7052 = FACE_BOUND('',#7053,.T.);
#7053 = EDGE_LOOP('',(#7054,#7055,#7056,#7064));
#7054 = ORIENTED_EDGE('',*,*,#2120,.T.);
#7055 = ORIENTED_EDGE('',*,*,#7041,.T.);
#7056 = ORIENTED_EDGE('',*,*,#7057,.T.);
#7057 = EDGE_CURVE('',#7034,#7058,#7060,.T.);
#7058 = VERTEX_POINT('',#7059);
#7059 = CARTESIAN_POINT('',(119.86540652011,-1.,25.1549));
#7060 = LINE('',#7061,#7062);
#7061 = CARTESIAN_POINT('',(119.86540652011,-1.,21.457112982466));
#7062 = VECTOR('',#7063,1.);
#7063 = DIRECTION('',(0.,0.,1.));
#7064 = ORIENTED_EDGE('',*,*,#7065,.F.);
#7065 = EDGE_CURVE('',#2113,#7058,#7066,.T.);
#7066 = LINE('',#7067,#7068);
#7067 = CARTESIAN_POINT('',(119.86540652011,4.,25.1549));
#7068 = VECTOR('',#7069,1.);
#7069 = DIRECTION('',(0.,-1.,2.2E-16));
#7070 = PLANE('',#7071);
#7071 = AXIS2_PLACEMENT_3D('',#7072,#7073,#7074);
#7072 = CARTESIAN_POINT('',(119.86540652011,4.,21.457112982466));
#7073 = DIRECTION('',(-1.,0.,0.));
#7074 = DIRECTION('',(0.,-2.2E-16,1.));
#7075 = ADVANCED_FACE('',(#7076),#7094,.T.);
#7076 = FACE_BOUND('',#7077,.T.);
#7077 = EDGE_LOOP('',(#7078,#7079,#7080,#7088));
#7078 = ORIENTED_EDGE('',*,*,#2112,.T.);
#7079 = ORIENTED_EDGE('',*,*,#7065,.T.);
#7080 = ORIENTED_EDGE('',*,*,#7081,.T.);
#7081 = EDGE_CURVE('',#7058,#7082,#7084,.T.);
#7082 = VERTEX_POINT('',#7083);
#7083 = CARTESIAN_POINT('',(130.03308986393,-1.,25.1549));
#7084 = LINE('',#7085,#7086);
#7085 = CARTESIAN_POINT('',(119.86540652011,-1.,25.1549));
#7086 = VECTOR('',#7087,1.);
#7087 = DIRECTION('',(1.,0.,0.));
#7088 = ORIENTED_EDGE('',*,*,#7089,.F.);
#7089 = EDGE_CURVE('',#2105,#7082,#7090,.T.);
#7090 = LINE('',#7091,#7092);
#7091 = CARTESIAN_POINT('',(130.03308986393,4.,25.1549));
#7092 = VECTOR('',#7093,1.);
#7093 = DIRECTION('',(0.,-1.,2.2E-16));
#7094 = PLANE('',#7095);
#7095 = AXIS2_PLACEMENT_3D('',#7096,#7097,#7098);
#7096 = CARTESIAN_POINT('',(119.86540652011,4.,25.1549));
#7097 = DIRECTION('',(0.,2.2E-16,1.));
#7098 = DIRECTION('',(1.,0.,0.));
#7099 = ADVANCED_FACE('',(#7100),#7118,.T.);
#7100 = FACE_BOUND('',#7101,.T.);
#7101 = EDGE_LOOP('',(#7102,#7103,#7104,#7112));
#7102 = ORIENTED_EDGE('',*,*,#2104,.T.);
#7103 = ORIENTED_EDGE('',*,*,#7089,.T.);
#7104 = ORIENTED_EDGE('',*,*,#7105,.T.);
#7105 = EDGE_CURVE('',#7082,#7106,#7108,.T.);
#7106 = VERTEX_POINT('',#7107);
#7107 = CARTESIAN_POINT('',(130.03308986393,-1.,21.457112982466));
#7108 = LINE('',#7109,#7110);
#7109 = CARTESIAN_POINT('',(130.03308986393,-1.,25.1549));
#7110 = VECTOR('',#7111,1.);
#7111 = DIRECTION('',(0.,0.,-1.));
#7112 = ORIENTED_EDGE('',*,*,#7113,.F.);
#7113 = EDGE_CURVE('',#2097,#7106,#7114,.T.);
#7114 = LINE('',#7115,#7116);
#7115 = CARTESIAN_POINT('',(130.03308986393,4.,21.457112982466));
#7116 = VECTOR('',#7117,1.);
#7117 = DIRECTION('',(0.,-1.,2.2E-16));
#7118 = PLANE('',#7119);
#7119 = AXIS2_PLACEMENT_3D('',#7120,#7121,#7122);
#7120 = CARTESIAN_POINT('',(130.03308986393,4.,25.1549));
#7121 = DIRECTION('',(1.,0.,0.));
#7122 = DIRECTION('',(0.,2.2E-16,-1.));
#7123 = ADVANCED_FACE('',(#7124),#7142,.T.);
#7124 = FACE_BOUND('',#7125,.T.);
#7125 = EDGE_LOOP('',(#7126,#7127,#7128,#7136));
#7126 = ORIENTED_EDGE('',*,*,#2096,.T.);
#7127 = ORIENTED_EDGE('',*,*,#7113,.T.);
#7128 = ORIENTED_EDGE('',*,*,#7129,.T.);
#7129 = EDGE_CURVE('',#7106,#7130,#7132,.T.);
#7130 = VERTEX_POINT('',#7131);
#7131 = CARTESIAN_POINT('',(126.923972595,-1.,21.457112982466));
#7132 = LINE('',#7133,#7134);
#7133 = CARTESIAN_POINT('',(130.03308986393,-1.,21.457112982466));
#7134 = VECTOR('',#7135,1.);
#7135 = DIRECTION('',(-1.,0.,0.));
#7136 = ORIENTED_EDGE('',*,*,#7137,.F.);
#7137 = EDGE_CURVE('',#2089,#7130,#7138,.T.);
#7138 = LINE('',#7139,#7140);
#7139 = CARTESIAN_POINT('',(126.923972595,4.,21.457112982466));
#7140 = VECTOR('',#7141,1.);
#7141 = DIRECTION('',(0.,-1.,2.2E-16));
#7142 = PLANE('',#7143);
#7143 = AXIS2_PLACEMENT_3D('',#7144,#7145,#7146);
#7144 = CARTESIAN_POINT('',(130.03308986393,4.,21.457112982466));
#7145 = DIRECTION('',(0.,-2.2E-16,-1.));
#7146 = DIRECTION('',(-1.,0.,0.));
#7147 = ADVANCED_FACE('',(#7148),#7166,.T.);
#7148 = FACE_BOUND('',#7149,.T.);
#7149 = EDGE_LOOP('',(#7150,#7151,#7152,#7160));
#7150 = ORIENTED_EDGE('',*,*,#2088,.T.);
#7151 = ORIENTED_EDGE('',*,*,#7137,.T.);
#7152 = ORIENTED_EDGE('',*,*,#7153,.T.);
#7153 = EDGE_CURVE('',#7130,#7154,#7156,.T.);
#7154 = VERTEX_POINT('',#7155);
#7155 = CARTESIAN_POINT('',(126.923972595,-1.,5.1549));
#7156 = LINE('',#7157,#7158);
#7157 = CARTESIAN_POINT('',(126.923972595,-1.,21.457112982466));
#7158 = VECTOR('',#7159,1.);
#7159 = DIRECTION('',(0.,0.,-1.));
#7160 = ORIENTED_EDGE('',*,*,#7161,.F.);
#7161 = EDGE_CURVE('',#2081,#7154,#7162,.T.);
#7162 = LINE('',#7163,#7164);
#7163 = CARTESIAN_POINT('',(126.923972595,4.,5.1549));
#7164 = VECTOR('',#7165,1.);
#7165 = DIRECTION('',(0.,-1.,2.2E-16));
#7166 = PLANE('',#7167);
#7167 = AXIS2_PLACEMENT_3D('',#7168,#7169,#7170);
#7168 = CARTESIAN_POINT('',(126.923972595,4.,21.457112982466));
#7169 = DIRECTION('',(1.,0.,0.));
#7170 = DIRECTION('',(0.,2.2E-16,-1.));
#7171 = ADVANCED_FACE('',(#7172),#7190,.T.);
#7172 = FACE_BOUND('',#7173,.T.);
#7173 = EDGE_LOOP('',(#7174,#7175,#7176,#7184));
#7174 = ORIENTED_EDGE('',*,*,#2080,.T.);
#7175 = ORIENTED_EDGE('',*,*,#7161,.T.);
#7176 = ORIENTED_EDGE('',*,*,#7177,.T.);
#7177 = EDGE_CURVE('',#7154,#7178,#7180,.T.);
#7178 = VERTEX_POINT('',#7179);
#7179 = CARTESIAN_POINT('',(122.97452378903,-1.,5.1549));
#7180 = LINE('',#7181,#7182);
#7181 = CARTESIAN_POINT('',(126.923972595,-1.,5.1549));
#7182 = VECTOR('',#7183,1.);
#7183 = DIRECTION('',(-1.,0.,0.));
#7184 = ORIENTED_EDGE('',*,*,#7185,.F.);
#7185 = EDGE_CURVE('',#2073,#7178,#7186,.T.);
#7186 = LINE('',#7187,#7188);
#7187 = CARTESIAN_POINT('',(122.97452378903,4.,5.1549));
#7188 = VECTOR('',#7189,1.);
#7189 = DIRECTION('',(0.,-1.,2.2E-16));
#7190 = PLANE('',#7191);
#7191 = AXIS2_PLACEMENT_3D('',#7192,#7193,#7194);
#7192 = CARTESIAN_POINT('',(126.923972595,4.,5.1549));
#7193 = DIRECTION('',(0.,-2.2E-16,-1.));
#7194 = DIRECTION('',(-1.,0.,0.));
#7195 = ADVANCED_FACE('',(#7196),#7207,.T.);
#7196 = FACE_BOUND('',#7197,.T.);
#7197 = EDGE_LOOP('',(#7198,#7199,#7200,#7206));
#7198 = ORIENTED_EDGE('',*,*,#2072,.T.);
#7199 = ORIENTED_EDGE('',*,*,#7185,.T.);
#7200 = ORIENTED_EDGE('',*,*,#7201,.T.);
#7201 = EDGE_CURVE('',#7178,#7026,#7202,.T.);
#7202 = LINE('',#7203,#7204);
#7203 = CARTESIAN_POINT('',(122.97452378903,-1.,5.1549));
#7204 = VECTOR('',#7205,1.);
#7205 = DIRECTION('',(0.,0.,1.));
#7206 = ORIENTED_EDGE('',*,*,#7025,.F.);
#7207 = PLANE('',#7208);
#7208 = AXIS2_PLACEMENT_3D('',#7209,#7210,#7211);
#7209 = CARTESIAN_POINT('',(122.97452378903,4.,5.1549));
#7210 = DIRECTION('',(-1.,0.,0.));
#7211 = DIRECTION('',(0.,-2.2E-16,1.));
#7212 = ADVANCED_FACE('',(#7213),#7238,.T.);
#7213 = FACE_BOUND('',#7214,.T.);
#7214 = EDGE_LOOP('',(#7215,#7216,#7224,#7232));
#7215 = ORIENTED_EDGE('',*,*,#2128,.T.);
#7216 = ORIENTED_EDGE('',*,*,#7217,.T.);
#7217 = EDGE_CURVE('',#2131,#7218,#7220,.T.);
#7218 = VERTEX_POINT('',#7219);
#7219 = CARTESIAN_POINT('',(131.30069935048,-1.,25.1549));
#7220 = LINE('',#7221,#7222);
#7221 = CARTESIAN_POINT('',(131.30069935048,4.,25.1549));
#7222 = VECTOR('',#7223,1.);
#7223 = DIRECTION('',(0.,-1.,2.2E-16));
#7224 = ORIENTED_EDGE('',*,*,#7225,.T.);
#7225 = EDGE_CURVE('',#7218,#7226,#7228,.T.);
#7226 = VERTEX_POINT('',#7227);
#7227 = CARTESIAN_POINT('',(135.25014815646,-1.,25.1549));
#7228 = LINE('',#7229,#7230);
#7229 = CARTESIAN_POINT('',(131.30069935048,-1.,25.1549));
#7230 = VECTOR('',#7231,1.);
#7231 = DIRECTION('',(1.,0.,0.));
#7232 = ORIENTED_EDGE('',*,*,#7233,.F.);
#7233 = EDGE_CURVE('',#2129,#7226,#7234,.T.);
#7234 = LINE('',#7235,#7236);
#7235 = CARTESIAN_POINT('',(135.25014815646,4.,25.1549));
#7236 = VECTOR('',#7237,1.);
#7237 = DIRECTION('',(0.,-1.,2.2E-16));
#7238 = PLANE('',#7239);
#7239 = AXIS2_PLACEMENT_3D('',#7240,#7241,#7242);
#7240 = CARTESIAN_POINT('',(131.30069935048,4.,25.1549));
#7241 = DIRECTION('',(0.,2.2E-16,1.));
#7242 = DIRECTION('',(1.,0.,0.));
#7243 = ADVANCED_FACE('',(#7244),#7262,.T.);
#7244 = FACE_BOUND('',#7245,.T.);
#7245 = EDGE_LOOP('',(#7246,#7247,#7248,#7256));
#7246 = ORIENTED_EDGE('',*,*,#2154,.T.);
#7247 = ORIENTED_EDGE('',*,*,#7233,.T.);
#7248 = ORIENTED_EDGE('',*,*,#7249,.T.);
#7249 = EDGE_CURVE('',#7226,#7250,#7252,.T.);
#7250 = VERTEX_POINT('',#7251);
#7251 = CARTESIAN_POINT('',(135.25014815646,-1.,5.1549));
#7252 = LINE('',#7253,#7254);
#7253 = CARTESIAN_POINT('',(135.25014815646,-1.,25.1549));
#7254 = VECTOR('',#7255,1.);
#7255 = DIRECTION('',(0.,0.,-1.));
#7256 = ORIENTED_EDGE('',*,*,#7257,.F.);
#7257 = EDGE_CURVE('',#2147,#7250,#7258,.T.);
#7258 = LINE('',#7259,#7260);
#7259 = CARTESIAN_POINT('',(135.25014815646,4.,5.1549));
#7260 = VECTOR('',#7261,1.);
#7261 = DIRECTION('',(0.,-1.,2.2E-16));
#7262 = PLANE('',#7263);
#7263 = AXIS2_PLACEMENT_3D('',#7264,#7265,#7266);
#7264 = CARTESIAN_POINT('',(135.25014815646,4.,25.1549));
#7265 = DIRECTION('',(1.,0.,0.));
#7266 = DIRECTION('',(0.,2.2E-16,-1.));
#7267 = ADVANCED_FACE('',(#7268),#7286,.T.);
#7268 = FACE_BOUND('',#7269,.T.);
#7269 = EDGE_LOOP('',(#7270,#7271,#7272,#7280));
#7270 = ORIENTED_EDGE('',*,*,#2146,.T.);
#7271 = ORIENTED_EDGE('',*,*,#7257,.T.);
#7272 = ORIENTED_EDGE('',*,*,#7273,.T.);
#7273 = EDGE_CURVE('',#7250,#7274,#7276,.T.);
#7274 = VERTEX_POINT('',#7275);
#7275 = CARTESIAN_POINT('',(131.30069935048,-1.,5.1549));
#7276 = LINE('',#7277,#7278);
#7277 = CARTESIAN_POINT('',(135.25014815646,-1.,5.1549));
#7278 = VECTOR('',#7279,1.);
#7279 = DIRECTION('',(-1.,0.,0.));
#7280 = ORIENTED_EDGE('',*,*,#7281,.F.);
#7281 = EDGE_CURVE('',#2139,#7274,#7282,.T.);
#7282 = LINE('',#7283,#7284);
#7283 = CARTESIAN_POINT('',(131.30069935048,4.,5.1549));
#7284 = VECTOR('',#7285,1.);
#7285 = DIRECTION('',(0.,-1.,2.2E-16));
#7286 = PLANE('',#7287);
#7287 = AXIS2_PLACEMENT_3D('',#7288,#7289,#7290);
#7288 = CARTESIAN_POINT('',(135.25014815646,4.,5.1549));
#7289 = DIRECTION('',(0.,-2.2E-16,-1.));
#7290 = DIRECTION('',(-1.,0.,0.));
#7291 = ADVANCED_FACE('',(#7292),#7303,.T.);
#7292 = FACE_BOUND('',#7293,.T.);
#7293 = EDGE_LOOP('',(#7294,#7295,#7296,#7302));
#7294 = ORIENTED_EDGE('',*,*,#2138,.T.);
#7295 = ORIENTED_EDGE('',*,*,#7281,.T.);
#7296 = ORIENTED_EDGE('',*,*,#7297,.T.);
#7297 = EDGE_CURVE('',#7274,#7218,#7298,.T.);
#7298 = LINE('',#7299,#7300);
#7299 = CARTESIAN_POINT('',(131.30069935048,-1.,5.1549));
#7300 = VECTOR('',#7301,1.);
#7301 = DIRECTION('',(0.,0.,1.));
#7302 = ORIENTED_EDGE('',*,*,#7217,.F.);
#7303 = PLANE('',#7304);
#7304 = AXIS2_PLACEMENT_3D('',#7305,#7306,#7307);
#7305 = CARTESIAN_POINT('',(131.30069935048,4.,5.1549));
#7306 = DIRECTION('',(-1.,0.,0.));
#7307 = DIRECTION('',(0.,-2.2E-16,1.));
#7308 = ADVANCED_FACE('',(#7309),#7334,.T.);
#7309 = FACE_BOUND('',#7310,.T.);
#7310 = EDGE_LOOP('',(#7311,#7312,#7320,#7328));
#7311 = ORIENTED_EDGE('',*,*,#2162,.T.);
#7312 = ORIENTED_EDGE('',*,*,#7313,.T.);
#7313 = EDGE_CURVE('',#2165,#7314,#7316,.T.);
#7314 = VERTEX_POINT('',#7315);
#7315 = CARTESIAN_POINT('',(144.0933245659,-1.,17.154790581831));
#7316 = LINE('',#7317,#7318);
#7317 = CARTESIAN_POINT('',(144.0933245659,4.,17.154790581831));
#7318 = VECTOR('',#7319,1.);
#7319 = DIRECTION('',(0.,-1.,2.2E-16));
#7320 = ORIENTED_EDGE('',*,*,#7321,.T.);
#7321 = EDGE_CURVE('',#7314,#7322,#7324,.T.);
#7322 = VERTEX_POINT('',#7323);
#7323 = CARTESIAN_POINT('',(144.30340745016,-1.,15.499293686572));
#7324 = B_SPLINE_CURVE_WITH_KNOTS('',2,(#7325,#7326,#7327),
  .UNSPECIFIED.,.F.,.F.,(3,3),(0.,1.),.PIECEWISE_BEZIER_KNOTS.);
#7325 = CARTESIAN_POINT('',(144.0933245659,-1.,17.154790581831));
#7326 = CARTESIAN_POINT('',(144.21094909745,-1.,16.398711034822));
#7327 = CARTESIAN_POINT('',(144.30340745016,-1.,15.499293686572));
#7328 = ORIENTED_EDGE('',*,*,#7329,.F.);
#7329 = EDGE_CURVE('',#2163,#7322,#7330,.T.);
#7330 = LINE('',#7331,#7332);
#7331 = CARTESIAN_POINT('',(144.30340745016,4.,15.499293686572));
#7332 = VECTOR('',#7333,1.);
#7333 = DIRECTION('',(0.,-1.,2.2E-16));
#7334 = SURFACE_OF_LINEAR_EXTRUSION('',#7335,#7339);
#7335 = B_SPLINE_CURVE_WITH_KNOTS('',2,(#7336,#7337,#7338),
  .UNSPECIFIED.,.F.,.F.,(3,3),(0.,1.),.PIECEWISE_BEZIER_KNOTS.);
#7336 = CARTESIAN_POINT('',(144.0933245659,4.,17.154790581831));
#7337 = CARTESIAN_POINT('',(144.21094909745,4.,16.398711034822));
#7338 = CARTESIAN_POINT('',(144.30340745016,4.,15.499293686572));
#7339 = VECTOR('',#7340,1.);
#7340 = DIRECTION('',(0.,1.,-2.2E-16));
#7341 = ADVANCED_FACE('',(#7342),#7360,.T.);
#7342 = FACE_BOUND('',#7343,.T.);
#7343 = EDGE_LOOP('',(#7344,#7345,#7346,#7354));
#7344 = ORIENTED_EDGE('',*,*,#2711,.T.);
#7345 = ORIENTED_EDGE('',*,*,#7329,.T.);
#7346 = ORIENTED_EDGE('',*,*,#7347,.T.);
#7347 = EDGE_CURVE('',#7322,#7348,#7350,.T.);
#7348 = VERTEX_POINT('',#7349);
#7349 = CARTESIAN_POINT('',(144.46315797674,-1.,13.54125555434));
#7350 = B_SPLINE_CURVE_WITH_KNOTS('',2,(#7351,#7352,#7353),
  .UNSPECIFIED.,.F.,.F.,(3,3),(0.,1.),.PIECEWISE_BEZIER_KNOTS.);
#7351 = CARTESIAN_POINT('',(144.30340745016,-1.,15.499293686572));
#7352 = CARTESIAN_POINT('',(144.39586580287,-1.,14.600423429165));
#7353 = CARTESIAN_POINT('',(144.46315797674,-1.,13.54125555434));
#7354 = ORIENTED_EDGE('',*,*,#7355,.F.);
#7355 = EDGE_CURVE('',#2700,#7348,#7356,.T.);
#7356 = LINE('',#7357,#7358);
#7357 = CARTESIAN_POINT('',(144.46315797674,4.,13.54125555434));
#7358 = VECTOR('',#7359,1.);
#7359 = DIRECTION('',(0.,-1.,2.2E-16));
#7360 = SURFACE_OF_LINEAR_EXTRUSION('',#7361,#7365);
#7361 = B_SPLINE_CURVE_WITH_KNOTS('',2,(#7362,#7363,#7364),
  .UNSPECIFIED.,.F.,.F.,(3,3),(0.,1.),.PIECEWISE_BEZIER_KNOTS.);
#7362 = CARTESIAN_POINT('',(144.30340745016,4.,15.499293686572));
#7363 = CARTESIAN_POINT('',(144.39586580287,4.,14.600423429165));
#7364 = CARTESIAN_POINT('',(144.46315797674,4.,13.54125555434));
#7365 = VECTOR('',#7366,1.);
#7366 = DIRECTION('',(0.,1.,-2.2E-16));
#7367 = ADVANCED_FACE('',(#7368),#7386,.T.);
#7368 = FACE_BOUND('',#7369,.T.);
#7369 = EDGE_LOOP('',(#7370,#7371,#7372,#7380));
#7370 = ORIENTED_EDGE('',*,*,#2699,.T.);
#7371 = ORIENTED_EDGE('',*,*,#7355,.T.);
#7372 = ORIENTED_EDGE('',*,*,#7373,.T.);
#7373 = EDGE_CURVE('',#7348,#7374,#7376,.T.);
#7374 = VERTEX_POINT('',#7375);
#7375 = CARTESIAN_POINT('',(144.53865651327,-1.,12.154927354542));
#7376 = B_SPLINE_CURVE_WITH_KNOTS('',2,(#7377,#7378,#7379),
  .UNSPECIFIED.,.F.,.F.,(3,3),(0.,1.),.PIECEWISE_BEZIER_KNOTS.);
#7377 = CARTESIAN_POINT('',(144.46315797674,-1.,13.54125555434));
#7378 = CARTESIAN_POINT('',(144.51349033442,-1.,12.734843649643));
#7379 = CARTESIAN_POINT('',(144.53865651327,-1.,12.154927354542));
#7380 = ORIENTED_EDGE('',*,*,#7381,.F.);
#7381 = EDGE_CURVE('',#2690,#7374,#7382,.T.);
#7382 = LINE('',#7383,#7384);
#7383 = CARTESIAN_POINT('',(144.53865651327,4.,12.154927354542));
#7384 = VECTOR('',#7385,1.);
#7385 = DIRECTION('',(0.,-1.,2.2E-16));
#7386 = SURFACE_OF_LINEAR_EXTRUSION('',#7387,#7391);
#7387 = B_SPLINE_CURVE_WITH_KNOTS('',2,(#7388,#7389,#7390),
  .UNSPECIFIED.,.F.,.F.,(3,3),(0.,1.),.PIECEWISE_BEZIER_KNOTS.);
#7388 = CARTESIAN_POINT('',(144.46315797674,4.,13.54125555434));
#7389 = CARTESIAN_POINT('',(144.51349033442,4.,12.734843649643));
#7390 = CARTESIAN_POINT('',(144.53865651327,4.,12.154927354542));
#7391 = VECTOR('',#7392,1.);
#7392 = DIRECTION('',(0.,1.,-2.2E-16));
#7393 = ADVANCED_FACE('',(#7394),#7412,.T.);
#7394 = FACE_BOUND('',#7395,.T.);
#7395 = EDGE_LOOP('',(#7396,#7397,#7398,#7406));
#7396 = ORIENTED_EDGE('',*,*,#2689,.T.);
#7397 = ORIENTED_EDGE('',*,*,#7381,.T.);
#7398 = ORIENTED_EDGE('',*,*,#7399,.T.);
#7399 = EDGE_CURVE('',#7374,#7400,#7402,.T.);
#7400 = VERTEX_POINT('',#7401);
#7401 = CARTESIAN_POINT('',(144.58078250829,-1.,10.995094764341));
#7402 = B_SPLINE_CURVE_WITH_KNOTS('',2,(#7403,#7404,#7405),
  .UNSPECIFIED.,.F.,.F.,(3,3),(0.,1.),.PIECEWISE_BEZIER_KNOTS.);
#7403 = CARTESIAN_POINT('',(144.53865651327,-1.,12.154927354542));
#7404 = CARTESIAN_POINT('',(144.56382269211,-1.,11.575011059441));
#7405 = CARTESIAN_POINT('',(144.58078250829,-1.,10.995094764341));
#7406 = ORIENTED_EDGE('',*,*,#7407,.F.);
#7407 = EDGE_CURVE('',#2677,#7400,#7408,.T.);
#7408 = LINE('',#7409,#7410);
#7409 = CARTESIAN_POINT('',(144.58078250829,4.,10.995094764341));
#7410 = VECTOR('',#7411,1.);
#7411 = DIRECTION('',(0.,-1.,2.2E-16));
#7412 = SURFACE_OF_LINEAR_EXTRUSION('',#7413,#7417);
#7413 = B_SPLINE_CURVE_WITH_KNOTS('',2,(#7414,#7415,#7416),
  .UNSPECIFIED.,.F.,.F.,(3,3),(0.,1.),.PIECEWISE_BEZIER_KNOTS.);
#7414 = CARTESIAN_POINT('',(144.53865651327,4.,12.154927354542));
#7415 = CARTESIAN_POINT('',(144.56382269211,4.,11.575011059441));
#7416 = CARTESIAN_POINT('',(144.58078250829,4.,10.995094764341));
#7417 = VECTOR('',#7418,1.);
#7418 = DIRECTION('',(0.,1.,-2.2E-16));
#7419 = ADVANCED_FACE('',(#7420),#7438,.T.);
#7420 = FACE_BOUND('',#7421,.T.);
#7421 = EDGE_LOOP('',(#7422,#7423,#7424,#7432));
#7422 = ORIENTED_EDGE('',*,*,#2676,.T.);
#7423 = ORIENTED_EDGE('',*,*,#7407,.T.);
#7424 = ORIENTED_EDGE('',*,*,#7425,.T.);
#7425 = EDGE_CURVE('',#7400,#7426,#7428,.T.);
#7426 = VERTEX_POINT('',#7427);
#7427 = CARTESIAN_POINT('',(144.63111486598,-1.,9.574846932188));
#7428 = B_SPLINE_CURVE_WITH_KNOTS('',2,(#7429,#7430,#7431),
  .UNSPECIFIED.,.F.,.F.,(3,3),(0.,1.),.PIECEWISE_BEZIER_KNOTS.);
#7429 = CARTESIAN_POINT('',(144.58078250829,-1.,10.995094764341));
#7430 = CARTESIAN_POINT('',(144.59774232447,-1.,10.41517846924));
#7431 = CARTESIAN_POINT('',(144.63111486598,-1.,9.574846932188));
#7432 = ORIENTED_EDGE('',*,*,#7433,.F.);
#7433 = EDGE_CURVE('',#2667,#7426,#7434,.T.);
#7434 = LINE('',#7435,#7436);
#7435 = CARTESIAN_POINT('',(144.63111486598,4.,9.574846932188));
#7436 = VECTOR('',#7437,1.);
#7437 = DIRECTION('',(0.,-1.,2.2E-16));
#7438 = SURFACE_OF_LINEAR_EXTRUSION('',#7439,#7443);
#7439 = B_SPLINE_CURVE_WITH_KNOTS('',2,(#7440,#7441,#7442),
  .UNSPECIFIED.,.F.,.F.,(3,3),(0.,1.),.PIECEWISE_BEZIER_KNOTS.);
#7440 = CARTESIAN_POINT('',(144.58078250829,4.,10.995094764341));
#7441 = CARTESIAN_POINT('',(144.59774232447,4.,10.41517846924));
#7442 = CARTESIAN_POINT('',(144.63111486598,4.,9.574846932188));
#7443 = VECTOR('',#7444,1.);
#7444 = DIRECTION('',(0.,1.,-2.2E-16));
#7445 = ADVANCED_FACE('',(#7446),#7464,.T.);
#7446 = FACE_BOUND('',#7447,.T.);
#7447 = EDGE_LOOP('',(#7448,#7449,#7450,#7458));
#7448 = ORIENTED_EDGE('',*,*,#2666,.T.);
#7449 = ORIENTED_EDGE('',*,*,#7433,.T.);
#7450 = ORIENTED_EDGE('',*,*,#7451,.T.);
#7451 = EDGE_CURVE('',#7426,#7452,#7454,.T.);
#7452 = VERTEX_POINT('',#7453);
#7453 = CARTESIAN_POINT('',(144.64807468215,-1.,8.60047813825));
#7454 = B_SPLINE_CURVE_WITH_KNOTS('',2,(#7455,#7456,#7457),
  .UNSPECIFIED.,.F.,.F.,(3,3),(0.,1.),.PIECEWISE_BEZIER_KNOTS.);
#7455 = CARTESIAN_POINT('',(144.63111486598,-1.,9.574846932188));
#7456 = CARTESIAN_POINT('',(144.64807468215,-1.,9.070976264464));
#7457 = CARTESIAN_POINT('',(144.64807468215,-1.,8.60047813825));
#7458 = ORIENTED_EDGE('',*,*,#7459,.F.);
#7459 = EDGE_CURVE('',#2659,#7452,#7460,.T.);
#7460 = LINE('',#7461,#7462);
#7461 = CARTESIAN_POINT('',(144.64807468215,4.,8.60047813825));
#7462 = VECTOR('',#7463,1.);
#7463 = DIRECTION('',(0.,-1.,2.2E-16));
#7464 = SURFACE_OF_LINEAR_EXTRUSION('',#7465,#7469);
#7465 = B_SPLINE_CURVE_WITH_KNOTS('',2,(#7466,#7467,#7468),
  .UNSPECIFIED.,.F.,.F.,(3,3),(0.,1.),.PIECEWISE_BEZIER_KNOTS.);
#7466 = CARTESIAN_POINT('',(144.63111486598,4.,9.574846932188));
#7467 = CARTESIAN_POINT('',(144.64807468215,4.,9.070976264464));
#7468 = CARTESIAN_POINT('',(144.64807468215,4.,8.60047813825));
#7469 = VECTOR('',#7470,1.);
#7470 = DIRECTION('',(0.,1.,-2.2E-16));
#7471 = ADVANCED_FACE('',(#7472),#7490,.T.);
#7472 = FACE_BOUND('',#7473,.T.);
#7473 = EDGE_LOOP('',(#7474,#7475,#7476,#7484));
#7474 = ORIENTED_EDGE('',*,*,#2658,.T.);
#7475 = ORIENTED_EDGE('',*,*,#7459,.T.);
#7476 = ORIENTED_EDGE('',*,*,#7477,.T.);
#7477 = EDGE_CURVE('',#7452,#7478,#7480,.T.);
#7478 = VERTEX_POINT('',#7479);
#7479 = CARTESIAN_POINT('',(144.64807468215,-1.,7.675894611155));
#7480 = LINE('',#7481,#7482);
#7481 = CARTESIAN_POINT('',(144.64807468215,-1.,8.60047813825));
#7482 = VECTOR('',#7483,1.);
#7483 = DIRECTION('',(0.,0.,-1.));
#7484 = ORIENTED_EDGE('',*,*,#7485,.F.);
#7485 = EDGE_CURVE('',#2651,#7478,#7486,.T.);
#7486 = LINE('',#7487,#7488);
#7487 = CARTESIAN_POINT('',(144.64807468215,4.,7.675894611155));
#7488 = VECTOR('',#7489,1.);
#7489 = DIRECTION('',(0.,-1.,2.2E-16));
#7490 = PLANE('',#7491);
#7491 = AXIS2_PLACEMENT_3D('',#7492,#7493,#7494);
#7492 = CARTESIAN_POINT('',(144.64807468215,4.,8.60047813825));
#7493 = DIRECTION('',(1.,0.,0.));
#7494 = DIRECTION('',(0.,2.2E-16,-1.));
#7495 = ADVANCED_FACE('',(#7496),#7514,.T.);
#7496 = FACE_BOUND('',#7497,.T.);
#7497 = EDGE_LOOP('',(#7498,#7499,#7500,#7508));
#7498 = ORIENTED_EDGE('',*,*,#2650,.T.);
#7499 = ORIENTED_EDGE('',*,*,#7485,.T.);
#7500 = ORIENTED_EDGE('',*,*,#7501,.T.);
#7501 = EDGE_CURVE('',#7478,#7502,#7504,.T.);
#7502 = VERTEX_POINT('',#7503);
#7503 = CARTESIAN_POINT('',(144.98398846064,-1.,7.675894611155));
#7504 = LINE('',#7505,#7506);
#7505 = CARTESIAN_POINT('',(144.64807468215,-1.,7.675894611155));
#7506 = VECTOR('',#7507,1.);
#7507 = DIRECTION('',(1.,0.,0.));
#7508 = ORIENTED_EDGE('',*,*,#7509,.F.);
#7509 = EDGE_CURVE('',#2641,#7502,#7510,.T.);
#7510 = LINE('',#7511,#7512);
#7511 = CARTESIAN_POINT('',(144.98398846064,4.,7.675894611155));
#7512 = VECTOR('',#7513,1.);
#7513 = DIRECTION('',(0.,-1.,2.2E-16));
#7514 = PLANE('',#7515);
#7515 = AXIS2_PLACEMENT_3D('',#7516,#7517,#7518);
#7516 = CARTESIAN_POINT('',(144.64807468215,4.,7.675894611155));
#7517 = DIRECTION('',(0.,2.2E-16,1.));
#7518 = DIRECTION('',(1.,0.,0.));
#7519 = ADVANCED_FACE('',(#7520),#7538,.T.);
#7520 = FACE_BOUND('',#7521,.T.);
#7521 = EDGE_LOOP('',(#7522,#7523,#7524,#7532));
#7522 = ORIENTED_EDGE('',*,*,#2640,.T.);
#7523 = ORIENTED_EDGE('',*,*,#7509,.T.);
#7524 = ORIENTED_EDGE('',*,*,#7525,.T.);
#7525 = EDGE_CURVE('',#7502,#7526,#7528,.T.);
#7526 = VERTEX_POINT('',#7527);
#7527 = CARTESIAN_POINT('',(145.00915463948,-1.,9.574846932188));
#7528 = B_SPLINE_CURVE_WITH_KNOTS('',2,(#7529,#7530,#7531),
  .UNSPECIFIED.,.F.,.F.,(3,3),(0.,1.),.PIECEWISE_BEZIER_KNOTS.);
#7529 = CARTESIAN_POINT('',(144.98398846064,-1.,7.675894611155));
#7530 = CARTESIAN_POINT('',(144.98398846064,-1.,8.60047813825));
#7531 = CARTESIAN_POINT('',(145.00915463948,-1.,9.574846932188));
#7532 = ORIENTED_EDGE('',*,*,#7533,.F.);
#7533 = EDGE_CURVE('',#2631,#7526,#7534,.T.);
#7534 = LINE('',#7535,#7536);
#7535 = CARTESIAN_POINT('',(145.00915463948,4.,9.574846932188));
#7536 = VECTOR('',#7537,1.);
#7537 = DIRECTION('',(0.,-1.,2.2E-16));
#7538 = SURFACE_OF_LINEAR_EXTRUSION('',#7539,#7543);
#7539 = B_SPLINE_CURVE_WITH_KNOTS('',2,(#7540,#7541,#7542),
  .UNSPECIFIED.,.F.,.F.,(3,3),(0.,1.),.PIECEWISE_BEZIER_KNOTS.);
#7540 = CARTESIAN_POINT('',(144.98398846064,4.,7.675894611155));
#7541 = CARTESIAN_POINT('',(144.98398846064,4.,8.60047813825));
#7542 = CARTESIAN_POINT('',(145.00915463948,4.,9.574846932188));
#7543 = VECTOR('',#7544,1.);
#7544 = DIRECTION('',(0.,1.,-2.2E-16));
#7545 = ADVANCED_FACE('',(#7546),#7564,.T.);
#7546 = FACE_BOUND('',#7547,.T.);
#7547 = EDGE_LOOP('',(#7548,#7549,#7550,#7558));
#7548 = ORIENTED_EDGE('',*,*,#2630,.T.);
#7549 = ORIENTED_EDGE('',*,*,#7533,.T.);
#7550 = ORIENTED_EDGE('',*,*,#7551,.T.);
#7551 = EDGE_CURVE('',#7526,#7552,#7554,.T.);
#7552 = VERTEX_POINT('',#7553);
#7553 = CARTESIAN_POINT('',(145.06824045068,-1.,11.558051243264));
#7554 = B_SPLINE_CURVE_WITH_KNOTS('',2,(#7555,#7556,#7557),
  .UNSPECIFIED.,.F.,.F.,(3,3),(0.,1.),.PIECEWISE_BEZIER_KNOTS.);
#7555 = CARTESIAN_POINT('',(145.00915463948,-1.,9.574846932188));
#7556 = CARTESIAN_POINT('',(145.03486790917,-1.,10.549762816971));
#7557 = CARTESIAN_POINT('',(145.06824045068,-1.,11.558051243264));
#7558 = ORIENTED_EDGE('',*,*,#7559,.F.);
#7559 = EDGE_CURVE('',#2620,#7552,#7560,.T.);
#7560 = LINE('',#7561,#7562);
#7561 = CARTESIAN_POINT('',(145.06824045068,4.,11.558051243264));
#7562 = VECTOR('',#7563,1.);
#7563 = DIRECTION('',(0.,-1.,2.2E-16));
#7564 = SURFACE_OF_LINEAR_EXTRUSION('',#7565,#7569);
#7565 = B_SPLINE_CURVE_WITH_KNOTS('',2,(#7566,#7567,#7568),
  .UNSPECIFIED.,.F.,.F.,(3,3),(0.,1.),.PIECEWISE_BEZIER_KNOTS.);
#7566 = CARTESIAN_POINT('',(145.00915463948,4.,9.574846932188));
#7567 = CARTESIAN_POINT('',(145.03486790917,4.,10.549762816971));
#7568 = CARTESIAN_POINT('',(145.06824045068,4.,11.558051243264));
#7569 = VECTOR('',#7570,1.);
#7570 = DIRECTION('',(0.,1.,-2.2E-16));
#7571 = ADVANCED_FACE('',(#7572),#7590,.T.);
#7572 = FACE_BOUND('',#7573,.T.);
#7573 = EDGE_LOOP('',(#7574,#7575,#7576,#7584));
#7574 = ORIENTED_EDGE('',*,*,#2619,.T.);
#7575 = ORIENTED_EDGE('',*,*,#7559,.T.);
#7576 = ORIENTED_EDGE('',*,*,#7577,.T.);
#7577 = EDGE_CURVE('',#7552,#7578,#7580,.T.);
#7578 = VERTEX_POINT('',#7579);
#7579 = CARTESIAN_POINT('',(145.16890516606,-1.,13.566421733184));
#7580 = B_SPLINE_CURVE_WITH_KNOTS('',2,(#7581,#7582,#7583),
  .UNSPECIFIED.,.F.,.F.,(3,3),(0.,1.),.PIECEWISE_BEZIER_KNOTS.);
#7581 = CARTESIAN_POINT('',(145.06824045068,-1.,11.558051243264));
#7582 = CARTESIAN_POINT('',(145.10161299219,-1.,12.61721911809));
#7583 = CARTESIAN_POINT('',(145.16890516606,-1.,13.566421733184));
#7584 = ORIENTED_EDGE('',*,*,#7585,.F.);
#7585 = EDGE_CURVE('',#2610,#7578,#7586,.T.);
#7586 = LINE('',#7587,#7588);
#7587 = CARTESIAN_POINT('',(145.16890516606,4.,13.566421733184));
#7588 = VECTOR('',#7589,1.);
#7589 = DIRECTION('',(0.,-1.,2.2E-16));
#7590 = SURFACE_OF_LINEAR_EXTRUSION('',#7591,#7595);
#7591 = B_SPLINE_CURVE_WITH_KNOTS('',2,(#7592,#7593,#7594),
  .UNSPECIFIED.,.F.,.F.,(3,3),(0.,1.),.PIECEWISE_BEZIER_KNOTS.);
#7592 = CARTESIAN_POINT('',(145.06824045068,4.,11.558051243264));
#7593 = CARTESIAN_POINT('',(145.10161299219,4.,12.61721911809));
#7594 = CARTESIAN_POINT('',(145.16890516606,4.,13.566421733184));
#7595 = VECTOR('',#7596,1.);
#7596 = DIRECTION('',(0.,1.,-2.2E-16));
#7597 = ADVANCED_FACE('',(#7598),#7616,.T.);
#7598 = FACE_BOUND('',#7599,.T.);
#7599 = EDGE_LOOP('',(#7600,#7601,#7602,#7610));
#7600 = ORIENTED_EDGE('',*,*,#2609,.T.);
#7601 = ORIENTED_EDGE('',*,*,#7585,.T.);
#7602 = ORIENTED_EDGE('',*,*,#7603,.T.);
#7603 = EDGE_CURVE('',#7578,#7604,#7606,.T.);
#7604 = VERTEX_POINT('',#7605);
#7605 = CARTESIAN_POINT('',(145.33740914614,-1.,15.440754966217));
#7606 = B_SPLINE_CURVE_WITH_KNOTS('',2,(#7607,#7608,#7609),
  .UNSPECIFIED.,.F.,.F.,(3,3),(0.,1.),.PIECEWISE_BEZIER_KNOTS.);
#7607 = CARTESIAN_POINT('',(145.16890516606,-1.,13.566421733184));
#7608 = CARTESIAN_POINT('',(145.23619733992,-1.,14.516171439122));
#7609 = CARTESIAN_POINT('',(145.33740914614,-1.,15.440754966217));
#7610 = ORIENTED_EDGE('',*,*,#7611,.F.);
#7611 = EDGE_CURVE('',#2600,#7604,#7612,.T.);
#7612 = LINE('',#7613,#7614);
#7613 = CARTESIAN_POINT('',(145.33740914614,4.,15.440754966217));
#7614 = VECTOR('',#7615,1.);
#7615 = DIRECTION('',(0.,-1.,2.2E-16));
#7616 = SURFACE_OF_LINEAR_EXTRUSION('',#7617,#7621);
#7617 = B_SPLINE_CURVE_WITH_KNOTS('',2,(#7618,#7619,#7620),
  .UNSPECIFIED.,.F.,.F.,(3,3),(0.,1.),.PIECEWISE_BEZIER_KNOTS.);
#7618 = CARTESIAN_POINT('',(145.16890516606,4.,13.566421733184));
#7619 = CARTESIAN_POINT('',(145.23619733992,4.,14.516171439122));
#7620 = CARTESIAN_POINT('',(145.33740914614,4.,15.440754966217));
#7621 = VECTOR('',#7622,1.);
#7622 = DIRECTION('',(0.,1.,-2.2E-16));
#7623 = ADVANCED_FACE('',(#7624),#7642,.T.);
#7624 = FACE_BOUND('',#7625,.T.);
#7625 = EDGE_LOOP('',(#7626,#7627,#7628,#7636));
#7626 = ORIENTED_EDGE('',*,*,#2599,.T.);
#7627 = ORIENTED_EDGE('',*,*,#7611,.T.);
#7628 = ORIENTED_EDGE('',*,*,#7629,.T.);
#7629 = EDGE_CURVE('',#7604,#7630,#7632,.T.);
#7630 = VERTEX_POINT('',#7631);
#7631 = CARTESIAN_POINT('',(145.43807386152,-1.,16.322665407446));
#7632 = B_SPLINE_CURVE_WITH_KNOTS('',2,(#7633,#7634,#7635),
  .UNSPECIFIED.,.F.,.F.,(3,3),(0.,1.),.PIECEWISE_BEZIER_KNOTS.);
#7633 = CARTESIAN_POINT('',(145.33740914614,-1.,15.440754966217));
#7634 = CARTESIAN_POINT('',(145.38774150383,-1.,15.894293276254));
#7635 = CARTESIAN_POINT('',(145.43807386152,-1.,16.322665407446));
#7636 = ORIENTED_EDGE('',*,*,#7637,.F.);
#7637 = EDGE_CURVE('',#2590,#7630,#7638,.T.);
#7638 = LINE('',#7639,#7640);
#7639 = CARTESIAN_POINT('',(145.43807386152,4.,16.322665407446));
#7640 = VECTOR('',#7641,1.);
#7641 = DIRECTION('',(0.,-1.,2.2E-16));
#7642 = SURFACE_OF_LINEAR_EXTRUSION('',#7643,#7647);
#7643 = B_SPLINE_CURVE_WITH_KNOTS('',2,(#7644,#7645,#7646),
  .UNSPECIFIED.,.F.,.F.,(3,3),(0.,1.),.PIECEWISE_BEZIER_KNOTS.);
#7644 = CARTESIAN_POINT('',(145.33740914614,4.,15.440754966217));
#7645 = CARTESIAN_POINT('',(145.38774150383,4.,15.894293276254));
#7646 = CARTESIAN_POINT('',(145.43807386152,4.,16.322665407446));
#7647 = VECTOR('',#7648,1.);
#7648 = DIRECTION('',(0.,1.,-2.2E-16));
#7649 = ADVANCED_FACE('',(#7650),#7668,.T.);
#7650 = FACE_BOUND('',#7651,.T.);
#7651 = EDGE_LOOP('',(#7652,#7653,#7654,#7662));
#7652 = ORIENTED_EDGE('',*,*,#2589,.T.);
#7653 = ORIENTED_EDGE('',*,*,#7637,.T.);
#7654 = ORIENTED_EDGE('',*,*,#7655,.T.);
#7655 = EDGE_CURVE('',#7630,#7656,#7658,.T.);
#7656 = VERTEX_POINT('',#7657);
#7657 = CARTESIAN_POINT('',(145.55569839307,-1.,17.154790581831));
#7658 = B_SPLINE_CURVE_WITH_KNOTS('',2,(#7659,#7660,#7661),
  .UNSPECIFIED.,.F.,.F.,(3,3),(0.,1.),.PIECEWISE_BEZIER_KNOTS.);
#7659 = CARTESIAN_POINT('',(145.43807386152,-1.,16.322665407446));
#7660 = CARTESIAN_POINT('',(145.48840621921,-1.,16.751584629483));
#7661 = CARTESIAN_POINT('',(145.55569839307,-1.,17.154790581831));
#7662 = ORIENTED_EDGE('',*,*,#7663,.F.);
#7663 = EDGE_CURVE('',#2582,#7656,#7664,.T.);
#7664 = LINE('',#7665,#7666);
#7665 = CARTESIAN_POINT('',(145.55569839307,4.,17.154790581831));
#7666 = VECTOR('',#7667,1.);
#7667 = DIRECTION('',(0.,-1.,2.2E-16));
#7668 = SURFACE_OF_LINEAR_EXTRUSION('',#7669,#7673);
#7669 = B_SPLINE_CURVE_WITH_KNOTS('',2,(#7670,#7671,#7672),
  .UNSPECIFIED.,.F.,.F.,(3,3),(0.,1.),.PIECEWISE_BEZIER_KNOTS.);
#7670 = CARTESIAN_POINT('',(145.43807386152,4.,16.322665407446));
#7671 = CARTESIAN_POINT('',(145.48840621921,4.,16.751584629483));
#7672 = CARTESIAN_POINT('',(145.55569839307,4.,17.154790581831));
#7673 = VECTOR('',#7674,1.);
#7674 = DIRECTION('',(0.,1.,-2.2E-16));
#7675 = ADVANCED_FACE('',(#7676),#7694,.T.);
#7676 = FACE_BOUND('',#7677,.T.);
#7677 = EDGE_LOOP('',(#7678,#7679,#7680,#7688));
#7678 = ORIENTED_EDGE('',*,*,#2581,.T.);
#7679 = ORIENTED_EDGE('',*,*,#7663,.T.);
#7680 = ORIENTED_EDGE('',*,*,#7681,.T.);
#7681 = EDGE_CURVE('',#7656,#7682,#7684,.T.);
#7682 = VERTEX_POINT('',#7683);
#7683 = CARTESIAN_POINT('',(146.81619569865,-1.,25.1549));
#7684 = LINE('',#7685,#7686);
#7685 = CARTESIAN_POINT('',(145.55569839307,-1.,17.154790581831));
#7686 = VECTOR('',#7687,1.);
#7687 = DIRECTION('',(0.1556399584,0.,0.987813850556));
#7688 = ORIENTED_EDGE('',*,*,#7689,.F.);
#7689 = EDGE_CURVE('',#2574,#7682,#7690,.T.);
#7690 = LINE('',#7691,#7692);
#7691 = CARTESIAN_POINT('',(146.81619569865,4.,25.1549));
#7692 = VECTOR('',#7693,1.);
#7693 = DIRECTION('',(0.,-1.,2.2E-16));
#7694 = PLANE('',#7695);
#7695 = AXIS2_PLACEMENT_3D('',#7696,#7697,#7698);
#7696 = CARTESIAN_POINT('',(145.55569839307,4.,17.154790581831));
#7697 = DIRECTION('',(-0.987813850556,3.E-17,0.1556399584));
#7698 = DIRECTION('',(0.1556399584,-2.2E-16,0.987813850556));
#7699 = ADVANCED_FACE('',(#7700),#7718,.T.);
#7700 = FACE_BOUND('',#7701,.T.);
#7701 = EDGE_LOOP('',(#7702,#7703,#7704,#7712));
#7702 = ORIENTED_EDGE('',*,*,#2573,.T.);
#7703 = ORIENTED_EDGE('',*,*,#7689,.T.);
#7704 = ORIENTED_EDGE('',*,*,#7705,.T.);
#7705 = EDGE_CURVE('',#7682,#7706,#7708,.T.);
#7706 = VERTEX_POINT('',#7707);
#7707 = CARTESIAN_POINT('',(152.37901540486,-1.,25.1549));
#7708 = LINE('',#7709,#7710);
#7709 = CARTESIAN_POINT('',(146.81619569865,-1.,25.1549));
#7710 = VECTOR('',#7711,1.);
#7711 = DIRECTION('',(1.,0.,0.));
#7712 = ORIENTED_EDGE('',*,*,#7713,.F.);
#7713 = EDGE_CURVE('',#2566,#7706,#7714,.T.);
#7714 = LINE('',#7715,#7716);
#7715 = CARTESIAN_POINT('',(152.37901540486,4.,25.1549));
#7716 = VECTOR('',#7717,1.);
#7717 = DIRECTION('',(0.,-1.,2.2E-16));
#7718 = PLANE('',#7719);
#7719 = AXIS2_PLACEMENT_3D('',#7720,#7721,#7722);
#7720 = CARTESIAN_POINT('',(146.81619569865,4.,25.1549));
#7721 = DIRECTION('',(0.,2.2E-16,1.));
#7722 = DIRECTION('',(1.,0.,0.));
#7723 = ADVANCED_FACE('',(#7724),#7742,.T.);
#7724 = FACE_BOUND('',#7725,.T.);
#7725 = EDGE_LOOP('',(#7726,#7727,#7728,#7736));
#7726 = ORIENTED_EDGE('',*,*,#2565,.T.);
#7727 = ORIENTED_EDGE('',*,*,#7713,.T.);
#7728 = ORIENTED_EDGE('',*,*,#7729,.T.);
#7729 = EDGE_CURVE('',#7706,#7730,#7732,.T.);
#7730 = VERTEX_POINT('',#7731);
#7731 = CARTESIAN_POINT('',(152.37901540486,-1.,5.1549));
#7732 = LINE('',#7733,#7734);
#7733 = CARTESIAN_POINT('',(152.37901540486,-1.,25.1549));
#7734 = VECTOR('',#7735,1.);
#7735 = DIRECTION('',(0.,0.,-1.));
#7736 = ORIENTED_EDGE('',*,*,#7737,.F.);
#7737 = EDGE_CURVE('',#2558,#7730,#7738,.T.);
#7738 = LINE('',#7739,#7740);
#7739 = CARTESIAN_POINT('',(152.37901540486,4.,5.1549));
#7740 = VECTOR('',#7741,1.);
#7741 = DIRECTION('',(0.,-1.,2.2E-16));
#7742 = PLANE('',#7743);
#7743 = AXIS2_PLACEMENT_3D('',#7744,#7745,#7746);
#7744 = CARTESIAN_POINT('',(152.37901540486,4.,25.1549));
#7745 = DIRECTION('',(1.,0.,0.));
#7746 = DIRECTION('',(0.,2.2E-16,-1.));
#7747 = ADVANCED_FACE('',(#7748),#7766,.T.);
#7748 = FACE_BOUND('',#7749,.T.);
#7749 = EDGE_LOOP('',(#7750,#7751,#7752,#7760));
#7750 = ORIENTED_EDGE('',*,*,#2557,.T.);
#7751 = ORIENTED_EDGE('',*,*,#7737,.T.);
#7752 = ORIENTED_EDGE('',*,*,#7753,.T.);
#7753 = EDGE_CURVE('',#7730,#7754,#7756,.T.);
#7754 = VERTEX_POINT('',#7755);
#7755 = CARTESIAN_POINT('',(148.42956659889,-1.,5.1549));
#7756 = LINE('',#7757,#7758);
#7757 = CARTESIAN_POINT('',(152.37901540486,-1.,5.1549));
#7758 = VECTOR('',#7759,1.);
#7759 = DIRECTION('',(-1.,0.,0.));
#7760 = ORIENTED_EDGE('',*,*,#7761,.F.);
#7761 = EDGE_CURVE('',#2550,#7754,#7762,.T.);
#7762 = LINE('',#7763,#7764);
#7763 = CARTESIAN_POINT('',(148.42956659889,4.,5.1549));
#7764 = VECTOR('',#7765,1.);
#7765 = DIRECTION('',(0.,-1.,2.2E-16));
#7766 = PLANE('',#7767);
#7767 = AXIS2_PLACEMENT_3D('',#7768,#7769,#7770);
#7768 = CARTESIAN_POINT('',(152.37901540486,4.,5.1549));
#7769 = DIRECTION('',(0.,-2.2E-16,-1.));
#7770 = DIRECTION('',(-1.,0.,0.));
#7771 = ADVANCED_FACE('',(#7772),#7790,.T.);
#7772 = FACE_BOUND('',#7773,.T.);
#7773 = EDGE_LOOP('',(#7774,#7775,#7776,#7784));
#7774 = ORIENTED_EDGE('',*,*,#2549,.T.);
#7775 = ORIENTED_EDGE('',*,*,#7761,.T.);
#7776 = ORIENTED_EDGE('',*,*,#7777,.T.);
#7777 = EDGE_CURVE('',#7754,#7778,#7780,.T.);
#7778 = VERTEX_POINT('',#7779);
#7779 = CARTESIAN_POINT('',(148.42956659889,-1.,7.524897538091));
#7780 = LINE('',#7781,#7782);
#7781 = CARTESIAN_POINT('',(148.42956659889,-1.,5.1549));
#7782 = VECTOR('',#7783,1.);
#7783 = DIRECTION('',(0.,0.,1.));
#7784 = ORIENTED_EDGE('',*,*,#7785,.F.);
#7785 = EDGE_CURVE('',#2538,#7778,#7786,.T.);
#7786 = LINE('',#7787,#7788);
#7787 = CARTESIAN_POINT('',(148.42956659889,4.,7.524897538091));
#7788 = VECTOR('',#7789,1.);
#7789 = DIRECTION('',(0.,-1.,2.2E-16));
#7790 = PLANE('',#7791);
#7791 = AXIS2_PLACEMENT_3D('',#7792,#7793,#7794);
#7792 = CARTESIAN_POINT('',(148.42956659889,4.,5.1549));
#7793 = DIRECTION('',(-1.,0.,0.));
#7794 = DIRECTION('',(0.,-2.2E-16,1.));
#7795 = ADVANCED_FACE('',(#7796),#7814,.T.);
#7796 = FACE_BOUND('',#7797,.T.);
#7797 = EDGE_LOOP('',(#7798,#7799,#7800,#7808));
#7798 = ORIENTED_EDGE('',*,*,#2537,.T.);
#7799 = ORIENTED_EDGE('',*,*,#7785,.T.);
#7800 = ORIENTED_EDGE('',*,*,#7801,.T.);
#7801 = EDGE_CURVE('',#7778,#7802,#7804,.T.);
#7802 = VERTEX_POINT('',#7803);
#7803 = CARTESIAN_POINT('',(148.49685877275,-1.,10.423931922751));
#7804 = B_SPLINE_CURVE_WITH_KNOTS('',2,(#7805,#7806,#7807),
  .UNSPECIFIED.,.F.,.F.,(3,3),(0.,1.),.PIECEWISE_BEZIER_KNOTS.);
#7805 = CARTESIAN_POINT('',(148.42956659889,-1.,7.524897538091));
#7806 = CARTESIAN_POINT('',(148.42956659889,-1.,8.835727201357));
#7807 = CARTESIAN_POINT('',(148.49685877275,-1.,10.423931922751));
#7808 = ORIENTED_EDGE('',*,*,#7809,.F.);
#7809 = EDGE_CURVE('',#2527,#7802,#7810,.T.);
#7810 = LINE('',#7811,#7812);
#7811 = CARTESIAN_POINT('',(148.49685877275,4.,10.423931922751));
#7812 = VECTOR('',#7813,1.);
#7813 = DIRECTION('',(0.,-1.,2.2E-16));
#7814 = SURFACE_OF_LINEAR_EXTRUSION('',#7815,#7819);
#7815 = B_SPLINE_CURVE_WITH_KNOTS('',2,(#7816,#7817,#7818),
  .UNSPECIFIED.,.F.,.F.,(3,3),(0.,1.),.PIECEWISE_BEZIER_KNOTS.);
#7816 = CARTESIAN_POINT('',(148.42956659889,4.,7.524897538091));
#7817 = CARTESIAN_POINT('',(148.42956659889,4.,8.835727201357));
#7818 = CARTESIAN_POINT('',(148.49685877275,4.,10.423931922751));
#7819 = VECTOR('',#7820,1.);
#7820 = DIRECTION('',(0.,1.,-2.2E-16));
#7821 = ADVANCED_FACE('',(#7822),#7840,.T.);
#7822 = FACE_BOUND('',#7823,.T.);
#7823 = EDGE_LOOP('',(#7824,#7825,#7826,#7834));
#7824 = ORIENTED_EDGE('',*,*,#2526,.T.);
#7825 = ORIENTED_EDGE('',*,*,#7809,.T.);
#7826 = ORIENTED_EDGE('',*,*,#7827,.T.);
#7827 = EDGE_CURVE('',#7802,#7828,#7830,.T.);
#7828 = VERTEX_POINT('',#7829);
#7829 = CARTESIAN_POINT('',(148.68177547817,-1.,13.507883012829));
#7830 = B_SPLINE_CURVE_WITH_KNOTS('',2,(#7831,#7832,#7833),
  .UNSPECIFIED.,.F.,.F.,(3,3),(0.,1.),.PIECEWISE_BEZIER_KNOTS.);
#7831 = CARTESIAN_POINT('',(148.49685877275,-1.,10.423931922751));
#7832 = CARTESIAN_POINT('',(148.56415094662,-1.,12.012136644145));
#7833 = CARTESIAN_POINT('',(148.68177547817,-1.,13.507883012829));
#7834 = ORIENTED_EDGE('',*,*,#7835,.F.);
#7835 = EDGE_CURVE('',#2517,#7828,#7836,.T.);
#7836 = LINE('',#7837,#7838);
#7837 = CARTESIAN_POINT('',(148.68177547817,4.,13.507883012829));
#7838 = VECTOR('',#7839,1.);
#7839 = DIRECTION('',(0.,-1.,2.2E-16));
#7840 = SURFACE_OF_LINEAR_EXTRUSION('',#7841,#7845);
#7841 = B_SPLINE_CURVE_WITH_KNOTS('',2,(#7842,#7843,#7844),
  .UNSPECIFIED.,.F.,.F.,(3,3),(0.,1.),.PIECEWISE_BEZIER_KNOTS.);
#7842 = CARTESIAN_POINT('',(148.49685877275,4.,10.423931922751));
#7843 = CARTESIAN_POINT('',(148.56415094662,4.,12.012136644145));
#7844 = CARTESIAN_POINT('',(148.68177547817,4.,13.507883012829));
#7845 = VECTOR('',#7846,1.);
#7846 = DIRECTION('',(0.,1.,-2.2E-16));
#7847 = ADVANCED_FACE('',(#7848),#7866,.T.);
#7848 = FACE_BOUND('',#7849,.T.);
#7849 = EDGE_LOOP('',(#7850,#7851,#7852,#7860));
#7850 = ORIENTED_EDGE('',*,*,#2516,.T.);
#7851 = ORIENTED_EDGE('',*,*,#7835,.T.);
#7852 = ORIENTED_EDGE('',*,*,#7853,.T.);
#7853 = EDGE_CURVE('',#7828,#7854,#7856,.T.);
#7854 = VERTEX_POINT('',#7855);
#7855 = CARTESIAN_POINT('',(148.93343726661,-1.,16.66733263944));
#7856 = B_SPLINE_CURVE_WITH_KNOTS('',2,(#7857,#7858,#7859),
  .UNSPECIFIED.,.F.,.F.,(3,3),(0.,1.),.PIECEWISE_BEZIER_KNOTS.);
#7857 = CARTESIAN_POINT('',(148.68177547817,-1.,13.507883012829));
#7858 = CARTESIAN_POINT('',(148.79940000973,-1.,15.10429409689));
#7859 = CARTESIAN_POINT('',(148.93343726661,-1.,16.66733263944));
#7860 = ORIENTED_EDGE('',*,*,#7861,.F.);
#7861 = EDGE_CURVE('',#2507,#7854,#7862,.T.);
#7862 = LINE('',#7863,#7864);
#7863 = CARTESIAN_POINT('',(148.93343726661,4.,16.66733263944));
#7864 = VECTOR('',#7865,1.);
#7865 = DIRECTION('',(0.,-1.,2.2E-16));
#7866 = SURFACE_OF_LINEAR_EXTRUSION('',#7867,#7871);
#7867 = B_SPLINE_CURVE_WITH_KNOTS('',2,(#7868,#7869,#7870),
  .UNSPECIFIED.,.F.,.F.,(3,3),(0.,1.),.PIECEWISE_BEZIER_KNOTS.);
#7868 = CARTESIAN_POINT('',(148.68177547817,4.,13.507883012829));
#7869 = CARTESIAN_POINT('',(148.79940000973,4.,15.10429409689));
#7870 = CARTESIAN_POINT('',(148.93343726661,4.,16.66733263944));
#7871 = VECTOR('',#7872,1.);
#7872 = DIRECTION('',(0.,1.,-2.2E-16));
#7873 = ADVANCED_FACE('',(#7874),#7892,.T.);
#7874 = FACE_BOUND('',#7875,.T.);
#7875 = EDGE_LOOP('',(#7876,#7877,#7878,#7886));
#7876 = ORIENTED_EDGE('',*,*,#2506,.T.);
#7877 = ORIENTED_EDGE('',*,*,#7861,.T.);
#7878 = ORIENTED_EDGE('',*,*,#7879,.T.);
#7879 = EDGE_CURVE('',#7854,#7880,#7882,.T.);
#7880 = VERTEX_POINT('',#7881);
#7881 = CARTESIAN_POINT('',(149.23652559443,-1.,19.760037183029));
#7882 = B_SPLINE_CURVE_WITH_KNOTS('',2,(#7883,#7884,#7885),
  .UNSPECIFIED.,.F.,.F.,(3,3),(0.,1.),.PIECEWISE_BEZIER_KNOTS.);
#7883 = CARTESIAN_POINT('',(148.93343726661,-1.,16.66733263944));
#7884 = CARTESIAN_POINT('',(149.06802161434,-1.,18.23037118199));
#7885 = CARTESIAN_POINT('',(149.23652559443,-1.,19.760037183029));
#7886 = ORIENTED_EDGE('',*,*,#7887,.F.);
#7887 = EDGE_CURVE('',#2497,#7880,#7888,.T.);
#7888 = LINE('',#7889,#7890);
#7889 = CARTESIAN_POINT('',(149.23652559443,4.,19.760037183029));
#7890 = VECTOR('',#7891,1.);
#7891 = DIRECTION('',(0.,-1.,2.2E-16));
#7892 = SURFACE_OF_LINEAR_EXTRUSION('',#7893,#7897);
#7893 = B_SPLINE_CURVE_WITH_KNOTS('',2,(#7894,#7895,#7896),
  .UNSPECIFIED.,.F.,.F.,(3,3),(0.,1.),.PIECEWISE_BEZIER_KNOTS.);
#7894 = CARTESIAN_POINT('',(148.93343726661,4.,16.66733263944));
#7895 = CARTESIAN_POINT('',(149.06802161434,4.,18.23037118199));
#7896 = CARTESIAN_POINT('',(149.23652559443,4.,19.760037183029));
#7897 = VECTOR('',#7898,1.);
#7898 = DIRECTION('',(0.,1.,-2.2E-16));
#7899 = ADVANCED_FACE('',(#7900),#7918,.T.);
#7900 = FACE_BOUND('',#7901,.T.);
#7901 = EDGE_LOOP('',(#7902,#7903,#7904,#7912));
#7902 = ORIENTED_EDGE('',*,*,#2496,.T.);
#7903 = ORIENTED_EDGE('',*,*,#7887,.T.);
#7904 = ORIENTED_EDGE('',*,*,#7905,.T.);
#7905 = EDGE_CURVE('',#7880,#7906,#7908,.T.);
#7906 = VERTEX_POINT('',#7907);
#7907 = CARTESIAN_POINT('',(149.38752266749,-1.,21.238823735536));
#7908 = B_SPLINE_CURVE_WITH_KNOTS('',2,(#7909,#7910,#7911),
  .UNSPECIFIED.,.F.,.F.,(3,3),(0.,1.),.PIECEWISE_BEZIER_KNOTS.);
#7909 = CARTESIAN_POINT('',(149.23652559443,-1.,19.760037183029));
#7910 = CARTESIAN_POINT('',(149.30327067745,-1.,20.516116730038));
#7911 = CARTESIAN_POINT('',(149.38752266749,-1.,21.238823735536));
#7912 = ORIENTED_EDGE('',*,*,#7913,.F.);
#7913 = EDGE_CURVE('',#2487,#7906,#7914,.T.);
#7914 = LINE('',#7915,#7916);
#7915 = CARTESIAN_POINT('',(149.38752266749,4.,21.238823735536));
#7916 = VECTOR('',#7917,1.);
#7917 = DIRECTION('',(0.,-1.,2.2E-16));
#7918 = SURFACE_OF_LINEAR_EXTRUSION('',#7919,#7923);
#7919 = B_SPLINE_CURVE_WITH_KNOTS('',2,(#7920,#7921,#7922),
  .UNSPECIFIED.,.F.,.F.,(3,3),(0.,1.),.PIECEWISE_BEZIER_KNOTS.);
#7920 = CARTESIAN_POINT('',(149.23652559443,4.,19.760037183029));
#7921 = CARTESIAN_POINT('',(149.30327067745,4.,20.516116730038));
#7922 = CARTESIAN_POINT('',(149.38752266749,4.,21.238823735536));
#7923 = VECTOR('',#7924,1.);
#7924 = DIRECTION('',(0.,1.,-2.2E-16));
#7925 = ADVANCED_FACE('',(#7926),#7944,.T.);
#7926 = FACE_BOUND('',#7927,.T.);
#7927 = EDGE_LOOP('',(#7928,#7929,#7930,#7938));
#7928 = ORIENTED_EDGE('',*,*,#2486,.T.);
#7929 = ORIENTED_EDGE('',*,*,#7913,.T.);
#7930 = ORIENTED_EDGE('',*,*,#7931,.T.);
#7931 = EDGE_CURVE('',#7906,#7932,#7934,.T.);
#7932 = VERTEX_POINT('',#7933);
#7933 = CARTESIAN_POINT('',(149.52210701522,-1.,22.633905388845));
#7934 = B_SPLINE_CURVE_WITH_KNOTS('',2,(#7935,#7936,#7937),
  .UNSPECIFIED.,.F.,.F.,(3,3),(0.,1.),.PIECEWISE_BEZIER_KNOTS.);
#7935 = CARTESIAN_POINT('',(149.38752266749,-1.,21.238823735536));
#7936 = CARTESIAN_POINT('',(149.45481484136,-1.,21.961530741035));
#7937 = CARTESIAN_POINT('',(149.52210701522,-1.,22.633905388845));
#7938 = ORIENTED_EDGE('',*,*,#7939,.F.);
#7939 = EDGE_CURVE('',#2479,#7932,#7940,.T.);
#7940 = LINE('',#7941,#7942);
#7941 = CARTESIAN_POINT('',(149.52210701522,4.,22.633905388845));
#7942 = VECTOR('',#7943,1.);
#7943 = DIRECTION('',(0.,-1.,2.2E-16));
#7944 = SURFACE_OF_LINEAR_EXTRUSION('',#7945,#7949);
#7945 = B_SPLINE_CURVE_WITH_KNOTS('',2,(#7946,#7947,#7948),
  .UNSPECIFIED.,.F.,.F.,(3,3),(0.,1.),.PIECEWISE_BEZIER_KNOTS.);
#7946 = CARTESIAN_POINT('',(149.38752266749,4.,21.238823735536));
#7947 = CARTESIAN_POINT('',(149.45481484136,4.,21.961530741035));
#7948 = CARTESIAN_POINT('',(149.52210701522,4.,22.633905388845));
#7949 = VECTOR('',#7950,1.);
#7950 = DIRECTION('',(0.,1.,-2.2E-16));
#7951 = ADVANCED_FACE('',(#7952),#7970,.T.);
#7952 = FACE_BOUND('',#7953,.T.);
#7953 = EDGE_LOOP('',(#7954,#7955,#7956,#7964));
#7954 = ORIENTED_EDGE('',*,*,#2478,.T.);
#7955 = ORIENTED_EDGE('',*,*,#7939,.T.);
#7956 = ORIENTED_EDGE('',*,*,#7957,.T.);
#7957 = EDGE_CURVE('',#7932,#7958,#7960,.T.);
#7958 = VERTEX_POINT('',#7959);
#7959 = CARTESIAN_POINT('',(149.1856461459,-1.,22.633905388845));
#7960 = LINE('',#7961,#7962);
#7961 = CARTESIAN_POINT('',(149.52210701522,-1.,22.633905388845));
#7962 = VECTOR('',#7963,1.);
#7963 = DIRECTION('',(-1.,0.,0.));
#7964 = ORIENTED_EDGE('',*,*,#7965,.F.);
#7965 = EDGE_CURVE('',#2468,#7958,#7966,.T.);
#7966 = LINE('',#7967,#7968);
#7967 = CARTESIAN_POINT('',(149.1856461459,4.,22.633905388845));
#7968 = VECTOR('',#7969,1.);
#7969 = DIRECTION('',(0.,-1.,2.2E-16));
#7970 = PLANE('',#7971);
#7971 = AXIS2_PLACEMENT_3D('',#7972,#7973,#7974);
#7972 = CARTESIAN_POINT('',(149.52210701522,4.,22.633905388845));
#7973 = DIRECTION('',(0.,-2.2E-16,-1.));
#7974 = DIRECTION('',(-1.,0.,0.));
#7975 = ADVANCED_FACE('',(#7976),#7994,.T.);
#7976 = FACE_BOUND('',#7977,.T.);
#7977 = EDGE_LOOP('',(#7978,#7979,#7980,#7988));
#7978 = ORIENTED_EDGE('',*,*,#2467,.T.);
#7979 = ORIENTED_EDGE('',*,*,#7965,.T.);
#7980 = ORIENTED_EDGE('',*,*,#7981,.T.);
#7981 = EDGE_CURVE('',#7958,#7982,#7984,.T.);
#7982 = VERTEX_POINT('',#7983);
#7983 = CARTESIAN_POINT('',(148.96735689897,-1.,20.667113803102));
#7984 = B_SPLINE_CURVE_WITH_KNOTS('',2,(#7985,#7986,#7987),
  .UNSPECIFIED.,.F.,.F.,(3,3),(0.,1.),.PIECEWISE_BEZIER_KNOTS.);
#7985 = CARTESIAN_POINT('',(149.1856461459,-1.,22.633905388845));
#7986 = CARTESIAN_POINT('',(149.08498143052,-1.,21.591697330197));
#7987 = CARTESIAN_POINT('',(148.96735689897,-1.,20.667113803102));
#7988 = ORIENTED_EDGE('',*,*,#7989,.F.);
#7989 = EDGE_CURVE('',#2458,#7982,#7990,.T.);
#7990 = LINE('',#7991,#7992);
#7991 = CARTESIAN_POINT('',(148.96735689897,4.,20.667113803102));
#7992 = VECTOR('',#7993,1.);
#7993 = DIRECTION('',(0.,-1.,2.2E-16));
#7994 = SURFACE_OF_LINEAR_EXTRUSION('',#7995,#7999);
#7995 = B_SPLINE_CURVE_WITH_KNOTS('',2,(#7996,#7997,#7998),
  .UNSPECIFIED.,.F.,.F.,(3,3),(0.,1.),.PIECEWISE_BEZIER_KNOTS.);
#7996 = CARTESIAN_POINT('',(149.1856461459,4.,22.633905388845));
#7997 = CARTESIAN_POINT('',(149.08498143052,4.,21.591697330197));
#7998 = CARTESIAN_POINT('',(148.96735689897,4.,20.667113803102));
#7999 = VECTOR('',#8000,1.);
#8000 = DIRECTION('',(0.,1.,-2.2E-16));
#8001 = ADVANCED_FACE('',(#8002),#8020,.T.);
#8002 = FACE_BOUND('',#8003,.T.);
#8003 = EDGE_LOOP('',(#8004,#8005,#8006,#8014));
#8004 = ORIENTED_EDGE('',*,*,#2457,.T.);
#8005 = ORIENTED_EDGE('',*,*,#7989,.T.);
#8006 = ORIENTED_EDGE('',*,*,#8007,.T.);
#8007 = EDGE_CURVE('',#7982,#8008,#8010,.T.);
#8008 = VERTEX_POINT('',#8009);
#8009 = CARTESIAN_POINT('',(148.72335438235,-1.,18.80153402358));
#8010 = B_SPLINE_CURVE_WITH_KNOTS('',2,(#8011,#8012,#8013),
  .UNSPECIFIED.,.F.,.F.,(3,3),(0.,1.),.PIECEWISE_BEZIER_KNOTS.);
#8011 = CARTESIAN_POINT('',(148.96735689897,-1.,20.667113803102));
#8012 = CARTESIAN_POINT('',(148.84973236741,-1.,19.743077366852));
#8013 = CARTESIAN_POINT('',(148.72335438235,-1.,18.80153402358));
#8014 = ORIENTED_EDGE('',*,*,#8015,.F.);
#8015 = EDGE_CURVE('',#2446,#8008,#8016,.T.);
#8016 = LINE('',#8017,#8018);
#8017 = CARTESIAN_POINT('',(148.72335438235,4.,18.80153402358));
#8018 = VECTOR('',#8019,1.);
#8019 = DIRECTION('',(0.,-1.,2.2E-16));
#8020 = SURFACE_OF_LINEAR_EXTRUSION('',#8021,#8025);
#8021 = B_SPLINE_CURVE_WITH_KNOTS('',2,(#8022,#8023,#8024),
  .UNSPECIFIED.,.F.,.F.,(3,3),(0.,1.),.PIECEWISE_BEZIER_KNOTS.);
#8022 = CARTESIAN_POINT('',(148.96735689897,4.,20.667113803102));
#8023 = CARTESIAN_POINT('',(148.84973236741,4.,19.743077366852));
#8024 = CARTESIAN_POINT('',(148.72335438235,4.,18.80153402358));
#8025 = VECTOR('',#8026,1.);
#8026 = DIRECTION('',(0.,1.,-2.2E-16));
#8027 = ADVANCED_FACE('',(#8028),#8046,.T.);
#8028 = FACE_BOUND('',#8029,.T.);
#8029 = EDGE_LOOP('',(#8030,#8031,#8032,#8040));
#8030 = ORIENTED_EDGE('',*,*,#2445,.T.);
#8031 = ORIENTED_EDGE('',*,*,#8015,.T.);
#8032 = ORIENTED_EDGE('',*,*,#8033,.T.);
#8033 = EDGE_CURVE('',#8008,#8034,#8036,.T.);
#8034 = VERTEX_POINT('',#8035);
#8035 = CARTESIAN_POINT('',(148.44652641507,-1.,16.717664997128));
#8036 = B_SPLINE_CURVE_WITH_KNOTS('',2,(#8037,#8038,#8039),
  .UNSPECIFIED.,.F.,.F.,(3,3),(0.,1.),.PIECEWISE_BEZIER_KNOTS.);
#8037 = CARTESIAN_POINT('',(148.72335438235,-1.,18.80153402358));
#8038 = CARTESIAN_POINT('',(148.59752348813,-1.,17.860537771152));
#8039 = CARTESIAN_POINT('',(148.44652641507,-1.,16.717664997128));
#8040 = ORIENTED_EDGE('',*,*,#8041,.F.);
#8041 = EDGE_CURVE('',#2435,#8034,#8042,.T.);
#8042 = LINE('',#8043,#8044);
#8043 = CARTESIAN_POINT('',(148.44652641507,4.,16.717664997128));
#8044 = VECTOR('',#8045,1.);
#8045 = DIRECTION('',(0.,-1.,2.2E-16));
#8046 = SURFACE_OF_LINEAR_EXTRUSION('',#8047,#8051);
#8047 = B_SPLINE_CURVE_WITH_KNOTS('',2,(#8048,#8049,#8050),
  .UNSPECIFIED.,.F.,.F.,(3,3),(0.,1.),.PIECEWISE_BEZIER_KNOTS.);
#8048 = CARTESIAN_POINT('',(148.72335438235,4.,18.80153402358));
#8049 = CARTESIAN_POINT('',(148.59752348813,4.,17.860537771152));
#8050 = CARTESIAN_POINT('',(148.44652641507,4.,16.717664997128));
#8051 = VECTOR('',#8052,1.);
#8052 = DIRECTION('',(0.,1.,-2.2E-16));
#8053 = ADVANCED_FACE('',(#8054),#8072,.T.);
#8054 = FACE_BOUND('',#8055,.T.);
#8055 = EDGE_LOOP('',(#8056,#8057,#8058,#8066));
#8056 = ORIENTED_EDGE('',*,*,#2434,.T.);
#8057 = ORIENTED_EDGE('',*,*,#8041,.T.);
#8058 = ORIENTED_EDGE('',*,*,#8059,.T.);
#8059 = EDGE_CURVE('',#8034,#8060,#8062,.T.);
#8060 = VERTEX_POINT('',#8061);
#8061 = CARTESIAN_POINT('',(148.13523172458,-1.,14.667168512186));
#8062 = B_SPLINE_CURVE_WITH_KNOTS('',2,(#8063,#8064,#8065),
  .UNSPECIFIED.,.F.,.F.,(3,3),(0.,1.),.PIECEWISE_BEZIER_KNOTS.);
#8063 = CARTESIAN_POINT('',(148.44652641507,-1.,16.717664997128));
#8064 = CARTESIAN_POINT('',(148.31194206733,-1.,15.759708928523));
#8065 = CARTESIAN_POINT('',(148.13523172458,-1.,14.667168512186));
#8066 = ORIENTED_EDGE('',*,*,#8067,.F.);
#8067 = EDGE_CURVE('',#2425,#8060,#8068,.T.);
#8068 = LINE('',#8069,#8070);
#8069 = CARTESIAN_POINT('',(148.13523172458,4.,14.667168512186));
#8070 = VECTOR('',#8071,1.);
#8071 = DIRECTION('',(0.,-1.,2.2E-16));
#8072 = SURFACE_OF_LINEAR_EXTRUSION('',#8073,#8077);
#8073 = B_SPLINE_CURVE_WITH_KNOTS('',2,(#8074,#8075,#8076),
  .UNSPECIFIED.,.F.,.F.,(3,3),(0.,1.),.PIECEWISE_BEZIER_KNOTS.);
#8074 = CARTESIAN_POINT('',(148.44652641507,4.,16.717664997128));
#8075 = CARTESIAN_POINT('',(148.31194206733,4.,15.759708928523));
#8076 = CARTESIAN_POINT('',(148.13523172458,4.,14.667168512186));
#8077 = VECTOR('',#8078,1.);
#8078 = DIRECTION('',(0.,1.,-2.2E-16));
#8079 = ADVANCED_FACE('',(#8080),#8098,.T.);
#8080 = FACE_BOUND('',#8081,.T.);
#8081 = EDGE_LOOP('',(#8082,#8083,#8084,#8092));
#8082 = ORIENTED_EDGE('',*,*,#2424,.T.);
#8083 = ORIENTED_EDGE('',*,*,#8067,.T.);
#8084 = ORIENTED_EDGE('',*,*,#8085,.T.);
#8085 = EDGE_CURVE('',#8060,#8086,#8088,.T.);
#8086 = VERTEX_POINT('',#8087);
#8087 = CARTESIAN_POINT('',(147.77415176725,-1.,12.499594586536));
#8088 = B_SPLINE_CURVE_WITH_KNOTS('',2,(#8089,#8090,#8091),
  .UNSPECIFIED.,.F.,.F.,(3,3),(0.,1.),.PIECEWISE_BEZIER_KNOTS.);
#8089 = CARTESIAN_POINT('',(148.13523172458,-1.,14.667168512186));
#8090 = CARTESIAN_POINT('',(147.95906847267,-1.,13.575175186695));
#8091 = CARTESIAN_POINT('',(147.77415176725,-1.,12.499594586536));
#8092 = ORIENTED_EDGE('',*,*,#8093,.F.);
#8093 = EDGE_CURVE('',#2413,#8086,#8094,.T.);
#8094 = LINE('',#8095,#8096);
#8095 = CARTESIAN_POINT('',(147.77415176725,4.,12.499594586536));
#8096 = VECTOR('',#8097,1.);
#8097 = DIRECTION('',(0.,-1.,2.2E-16));
#8098 = SURFACE_OF_LINEAR_EXTRUSION('',#8099,#8103);
#8099 = B_SPLINE_CURVE_WITH_KNOTS('',2,(#8100,#8101,#8102),
  .UNSPECIFIED.,.F.,.F.,(3,3),(0.,1.),.PIECEWISE_BEZIER_KNOTS.);
#8100 = CARTESIAN_POINT('',(148.13523172458,4.,14.667168512186));
#8101 = CARTESIAN_POINT('',(147.95906847267,4.,13.575175186695));
#8102 = CARTESIAN_POINT('',(147.77415176725,4.,12.499594586536));
#8103 = VECTOR('',#8104,1.);
#8104 = DIRECTION('',(0.,1.,-2.2E-16));
#8105 = ADVANCED_FACE('',(#8106),#8124,.T.);
#8106 = FACE_BOUND('',#8107,.T.);
#8107 = EDGE_LOOP('',(#8108,#8109,#8110,#8118));
#8108 = ORIENTED_EDGE('',*,*,#2412,.T.);
#8109 = ORIENTED_EDGE('',*,*,#8093,.T.);
#8110 = ORIENTED_EDGE('',*,*,#8111,.T.);
#8111 = EDGE_CURVE('',#8086,#8112,#8114,.T.);
#8112 = VERTEX_POINT('',#8113);
#8113 = CARTESIAN_POINT('',(147.42127817259,-1.,10.51639027546));
#8114 = B_SPLINE_CURVE_WITH_KNOTS('',2,(#8115,#8116,#8117),
  .UNSPECIFIED.,.F.,.F.,(3,3),(0.,1.),.PIECEWISE_BEZIER_KNOTS.);
#8115 = CARTESIAN_POINT('',(147.77415176725,-1.,12.499594586536));
#8116 = CARTESIAN_POINT('',(147.58923506184,-1.,11.424013986377));
#8117 = CARTESIAN_POINT('',(147.42127817259,-1.,10.51639027546));
#8118 = ORIENTED_EDGE('',*,*,#8119,.F.);
#8119 = EDGE_CURVE('',#2403,#8112,#8120,.T.);
#8120 = LINE('',#8121,#8122);
#8121 = CARTESIAN_POINT('',(147.42127817259,4.,10.51639027546));
#8122 = VECTOR('',#8123,1.);
#8123 = DIRECTION('',(0.,-1.,2.2E-16));
#8124 = SURFACE_OF_LINEAR_EXTRUSION('',#8125,#8129);
#8125 = B_SPLINE_CURVE_WITH_KNOTS('',2,(#8126,#8127,#8128),
  .UNSPECIFIED.,.F.,.F.,(3,3),(0.,1.),.PIECEWISE_BEZIER_KNOTS.);
#8126 = CARTESIAN_POINT('',(147.77415176725,4.,12.499594586536));
#8127 = CARTESIAN_POINT('',(147.58923506184,4.,11.424013986377));
#8128 = CARTESIAN_POINT('',(147.42127817259,4.,10.51639027546));
#8129 = VECTOR('',#8130,1.);
#8130 = DIRECTION('',(0.,1.,-2.2E-16));
#8131 = ADVANCED_FACE('',(#8132),#8150,.T.);
#8132 = FACE_BOUND('',#8133,.T.);
#8133 = EDGE_LOOP('',(#8134,#8135,#8136,#8144));
#8134 = ORIENTED_EDGE('',*,*,#2402,.T.);
#8135 = ORIENTED_EDGE('',*,*,#8119,.T.);
#8136 = ORIENTED_EDGE('',*,*,#8137,.T.);
#8137 = EDGE_CURVE('',#8112,#8138,#8140,.T.);
#8138 = VERTEX_POINT('',#8139);
#8139 = CARTESIAN_POINT('',(147.15210947713,-1.,9.070976264464));
#8140 = B_SPLINE_CURVE_WITH_KNOTS('',2,(#8141,#8142,#8143),
  .UNSPECIFIED.,.F.,.F.,(3,3),(0.,1.),.PIECEWISE_BEZIER_KNOTS.);
#8141 = CARTESIAN_POINT('',(147.42127817259,-1.,10.51639027546));
#8142 = CARTESIAN_POINT('',(147.28669382486,-1.,9.776723453785));
#8143 = CARTESIAN_POINT('',(147.15210947713,-1.,9.070976264464));
#8144 = ORIENTED_EDGE('',*,*,#8145,.F.);
#8145 = EDGE_CURVE('',#2393,#8138,#8146,.T.);
#8146 = LINE('',#8147,#8148);
#8147 = CARTESIAN_POINT('',(147.15210947713,4.,9.070976264464));
#8148 = VECTOR('',#8149,1.);
#8149 = DIRECTION('',(0.,-1.,2.2E-16));
#8150 = SURFACE_OF_LINEAR_EXTRUSION('',#8151,#8155);
#8151 = B_SPLINE_CURVE_WITH_KNOTS('',2,(#8152,#8153,#8154),
  .UNSPECIFIED.,.F.,.F.,(3,3),(0.,1.),.PIECEWISE_BEZIER_KNOTS.);
#8152 = CARTESIAN_POINT('',(147.42127817259,4.,10.51639027546));
#8153 = CARTESIAN_POINT('',(147.28669382486,4.,9.776723453785));
#8154 = CARTESIAN_POINT('',(147.15210947713,4.,9.070976264464));
#8155 = VECTOR('',#8156,1.);
#8156 = DIRECTION('',(0.,1.,-2.2E-16));
#8157 = ADVANCED_FACE('',(#8158),#8176,.T.);
#8158 = FACE_BOUND('',#8159,.T.);
#8159 = EDGE_LOOP('',(#8160,#8161,#8162,#8170));
#8160 = ORIENTED_EDGE('',*,*,#2392,.T.);
#8161 = ORIENTED_EDGE('',*,*,#8145,.T.);
#8162 = ORIENTED_EDGE('',*,*,#8163,.T.);
#8163 = EDGE_CURVE('',#8138,#8164,#8166,.T.);
#8164 = VERTEX_POINT('',#8165);
#8165 = CARTESIAN_POINT('',(146.86652805634,-1.,7.692854427333));
#8166 = B_SPLINE_CURVE_WITH_KNOTS('',2,(#8167,#8168,#8169),
  .UNSPECIFIED.,.F.,.F.,(3,3),(0.,1.),.PIECEWISE_BEZIER_KNOTS.);
#8167 = CARTESIAN_POINT('',(147.15210947713,-1.,9.070976264464));
#8168 = CARTESIAN_POINT('',(147.00111240407,-1.,8.365229075143));
#8169 = CARTESIAN_POINT('',(146.86652805634,-1.,7.692854427333));
#8170 = ORIENTED_EDGE('',*,*,#8171,.F.);
#8171 = EDGE_CURVE('',#2385,#8164,#8172,.T.);
#8172 = LINE('',#8173,#8174);
#8173 = CARTESIAN_POINT('',(146.86652805634,4.,7.692854427333));
#8174 = VECTOR('',#8175,1.);
#8175 = DIRECTION('',(0.,-1.,2.2E-16));
#8176 = SURFACE_OF_LINEAR_EXTRUSION('',#8177,#8181);
#8177 = B_SPLINE_CURVE_WITH_KNOTS('',2,(#8178,#8179,#8180),
  .UNSPECIFIED.,.F.,.F.,(3,3),(0.,1.),.PIECEWISE_BEZIER_KNOTS.);
#8178 = CARTESIAN_POINT('',(147.15210947713,4.,9.070976264464));
#8179 = CARTESIAN_POINT('',(147.00111240407,4.,8.365229075143));
#8180 = CARTESIAN_POINT('',(146.86652805634,4.,7.692854427333));
#8181 = VECTOR('',#8182,1.);
#8182 = DIRECTION('',(0.,1.,-2.2E-16));
#8183 = ADVANCED_FACE('',(#8184),#8202,.T.);
#8184 = FACE_BOUND('',#8185,.T.);
#8185 = EDGE_LOOP('',(#8186,#8187,#8188,#8196));
#8186 = ORIENTED_EDGE('',*,*,#2384,.T.);
#8187 = ORIENTED_EDGE('',*,*,#8171,.T.);
#8188 = ORIENTED_EDGE('',*,*,#8189,.T.);
#8189 = EDGE_CURVE('',#8164,#8190,#8192,.T.);
#8190 = VERTEX_POINT('',#8191);
#8191 = CARTESIAN_POINT('',(146.32873775626,-1.,5.1549));
#8192 = LINE('',#8193,#8194);
#8193 = CARTESIAN_POINT('',(146.86652805634,-1.,7.692854427333));
#8194 = VECTOR('',#8195,1.);
#8195 = DIRECTION('',(-0.207296287338,-0.,-0.978278206471));
#8196 = ORIENTED_EDGE('',*,*,#8197,.F.);
#8197 = EDGE_CURVE('',#2377,#8190,#8198,.T.);
#8198 = LINE('',#8199,#8200);
#8199 = CARTESIAN_POINT('',(146.32873775626,4.,5.1549));
#8200 = VECTOR('',#8201,1.);
#8201 = DIRECTION('',(0.,-1.,2.2E-16));
#8202 = PLANE('',#8203);
#8203 = AXIS2_PLACEMENT_3D('',#8204,#8205,#8206);
#8204 = CARTESIAN_POINT('',(146.86652805634,4.,7.692854427333));
#8205 = DIRECTION('',(0.978278206471,-5.E-17,-0.207296287338));
#8206 = DIRECTION('',(-0.207296287338,2.2E-16,-0.978278206471));
#8207 = ADVANCED_FACE('',(#8208),#8226,.T.);
#8208 = FACE_BOUND('',#8209,.T.);
#8209 = EDGE_LOOP('',(#8210,#8211,#8212,#8220));
#8210 = ORIENTED_EDGE('',*,*,#2376,.T.);
#8211 = ORIENTED_EDGE('',*,*,#8197,.T.);
#8212 = ORIENTED_EDGE('',*,*,#8213,.T.);
#8213 = EDGE_CURVE('',#8190,#8214,#8216,.T.);
#8214 = VERTEX_POINT('',#8215);
#8215 = CARTESIAN_POINT('',(143.30332538653,-1.,5.1549));
#8216 = LINE('',#8217,#8218);
#8217 = CARTESIAN_POINT('',(146.32873775626,-1.,5.1549));
#8218 = VECTOR('',#8219,1.);
#8219 = DIRECTION('',(-1.,0.,0.));
#8220 = ORIENTED_EDGE('',*,*,#8221,.F.);
#8221 = EDGE_CURVE('',#2369,#8214,#8222,.T.);
#8222 = LINE('',#8223,#8224);
#8223 = CARTESIAN_POINT('',(143.30332538653,4.,5.1549));
#8224 = VECTOR('',#8225,1.);
#8225 = DIRECTION('',(0.,-1.,2.2E-16));
#8226 = PLANE('',#8227);
#8227 = AXIS2_PLACEMENT_3D('',#8228,#8229,#8230);
#8228 = CARTESIAN_POINT('',(146.32873775626,4.,5.1549));
#8229 = DIRECTION('',(0.,-2.2E-16,-1.));
#8230 = DIRECTION('',(-1.,0.,0.));
#8231 = ADVANCED_FACE('',(#8232),#8250,.T.);
#8232 = FACE_BOUND('',#8233,.T.);
#8233 = EDGE_LOOP('',(#8234,#8235,#8236,#8244));
#8234 = ORIENTED_EDGE('',*,*,#2368,.T.);
#8235 = ORIENTED_EDGE('',*,*,#8221,.T.);
#8236 = ORIENTED_EDGE('',*,*,#8237,.T.);
#8237 = EDGE_CURVE('',#8214,#8238,#8240,.T.);
#8238 = VERTEX_POINT('',#8239);
#8239 = CARTESIAN_POINT('',(142.76553508646,-1.,7.692854427333));
#8240 = LINE('',#8241,#8242);
#8241 = CARTESIAN_POINT('',(143.30332538653,-1.,5.1549));
#8242 = VECTOR('',#8243,1.);
#8243 = DIRECTION('',(-0.207296287338,0.,0.978278206471));
#8244 = ORIENTED_EDGE('',*,*,#8245,.F.);
#8245 = EDGE_CURVE('',#2358,#8238,#8246,.T.);
#8246 = LINE('',#8247,#8248);
#8247 = CARTESIAN_POINT('',(142.76553508646,4.,7.692854427333));
#8248 = VECTOR('',#8249,1.);
#8249 = DIRECTION('',(0.,-1.,2.2E-16));
#8250 = PLANE('',#8251);
#8251 = AXIS2_PLACEMENT_3D('',#8252,#8253,#8254);
#8252 = CARTESIAN_POINT('',(143.30332538653,4.,5.1549));
#8253 = DIRECTION('',(-0.978278206471,-5.E-17,-0.207296287338));
#8254 = DIRECTION('',(-0.207296287338,-2.2E-16,0.978278206471));
#8255 = ADVANCED_FACE('',(#8256),#8274,.T.);
#8256 = FACE_BOUND('',#8257,.T.);
#8257 = EDGE_LOOP('',(#8258,#8259,#8260,#8268));
#8258 = ORIENTED_EDGE('',*,*,#2357,.T.);
#8259 = ORIENTED_EDGE('',*,*,#8245,.T.);
#8260 = ORIENTED_EDGE('',*,*,#8261,.T.);
#8261 = EDGE_CURVE('',#8238,#8262,#8264,.T.);
#8262 = VERTEX_POINT('',#8263);
#8263 = CARTESIAN_POINT('',(142.38749531295,-1.,9.591806748366));
#8264 = B_SPLINE_CURVE_WITH_KNOTS('',2,(#8265,#8266,#8267),
  .UNSPECIFIED.,.F.,.F.,(3,3),(0.,1.),.PIECEWISE_BEZIER_KNOTS.);
#8265 = CARTESIAN_POINT('',(142.76553508645,-1.,7.692854427333));
#8266 = CARTESIAN_POINT('',(142.5642056557,-1.,8.701142853626));
#8267 = CARTESIAN_POINT('',(142.38749531295,-1.,9.591806748366));
#8268 = ORIENTED_EDGE('',*,*,#8269,.F.);
#8269 = EDGE_CURVE('',#2348,#8262,#8270,.T.);
#8270 = LINE('',#8271,#8272);
#8271 = CARTESIAN_POINT('',(142.38749531295,4.,9.591806748366));
#8272 = VECTOR('',#8273,1.);
#8273 = DIRECTION('',(0.,-1.,2.2E-16));
#8274 = SURFACE_OF_LINEAR_EXTRUSION('',#8275,#8279);
#8275 = B_SPLINE_CURVE_WITH_KNOTS('',2,(#8276,#8277,#8278),
  .UNSPECIFIED.,.F.,.F.,(3,3),(0.,1.),.PIECEWISE_BEZIER_KNOTS.);
#8276 = CARTESIAN_POINT('',(142.76553508646,4.,7.692854427333));
#8277 = CARTESIAN_POINT('',(142.5642056557,4.,8.701142853626));
#8278 = CARTESIAN_POINT('',(142.38749531295,4.,9.591806748366));
#8279 = VECTOR('',#8280,1.);
#8280 = DIRECTION('',(0.,1.,-2.2E-16));
#8281 = ADVANCED_FACE('',(#8282),#8300,.T.);
#8282 = FACE_BOUND('',#8283,.T.);
#8283 = EDGE_LOOP('',(#8284,#8285,#8286,#8294));
#8284 = ORIENTED_EDGE('',*,*,#2347,.T.);
#8285 = ORIENTED_EDGE('',*,*,#8269,.T.);
#8286 = ORIENTED_EDGE('',*,*,#8287,.T.);
#8287 = EDGE_CURVE('',#8262,#8288,#8290,.T.);
#8288 = VERTEX_POINT('',#8289);
#8289 = CARTESIAN_POINT('',(142.04282808096,-1.,11.432220349044));
#8290 = B_SPLINE_CURVE_WITH_KNOTS('',2,(#8291,#8292,#8293),
  .UNSPECIFIED.,.F.,.F.,(3,3),(0.,1.),.PIECEWISE_BEZIER_KNOTS.);
#8291 = CARTESIAN_POINT('',(142.38749531295,-1.,9.591806748366));
#8292 = CARTESIAN_POINT('',(142.21133206104,-1.,10.482470643105));
#8293 = CARTESIAN_POINT('',(142.04282808096,-1.,11.432220349044));
#8294 = ORIENTED_EDGE('',*,*,#8295,.F.);
#8295 = EDGE_CURVE('',#2336,#8288,#8296,.T.);
#8296 = LINE('',#8297,#8298);
#8297 = CARTESIAN_POINT('',(142.04282808096,4.,11.432220349044));
#8298 = VECTOR('',#8299,1.);
#8299 = DIRECTION('',(0.,-1.,2.2E-16));
#8300 = SURFACE_OF_LINEAR_EXTRUSION('',#8301,#8305);
#8301 = B_SPLINE_CURVE_WITH_KNOTS('',2,(#8302,#8303,#8304),
  .UNSPECIFIED.,.F.,.F.,(3,3),(0.,1.),.PIECEWISE_BEZIER_KNOTS.);
#8302 = CARTESIAN_POINT('',(142.38749531295,4.,9.591806748366));
#8303 = CARTESIAN_POINT('',(142.21133206104,4.,10.482470643105));
#8304 = CARTESIAN_POINT('',(142.04282808096,4.,11.432220349044));
#8305 = VECTOR('',#8306,1.);
#8306 = DIRECTION('',(0.,1.,-2.2E-16));
#8307 = ADVANCED_FACE('',(#8308),#8326,.T.);
#8308 = FACE_BOUND('',#8309,.T.);
#8309 = EDGE_LOOP('',(#8310,#8311,#8312,#8320));
#8310 = ORIENTED_EDGE('',*,*,#2335,.T.);
#8311 = ORIENTED_EDGE('',*,*,#8295,.T.);
#8312 = ORIENTED_EDGE('',*,*,#8313,.T.);
#8313 = EDGE_CURVE('',#8288,#8314,#8316,.T.);
#8314 = VERTEX_POINT('',#8315);
#8315 = CARTESIAN_POINT('',(141.6899544863,-1.,13.575175186695));
#8316 = B_SPLINE_CURVE_WITH_KNOTS('',2,(#8317,#8318,#8319),
  .UNSPECIFIED.,.F.,.F.,(3,3),(0.,1.),.PIECEWISE_BEZIER_KNOTS.);
#8317 = CARTESIAN_POINT('',(142.04282808096,-1.,11.432220349044));
#8318 = CARTESIAN_POINT('',(141.87487119172,-1.,12.381970054983));
#8319 = CARTESIAN_POINT('',(141.6899544863,-1.,13.575175186695));
#8320 = ORIENTED_EDGE('',*,*,#8321,.F.);
#8321 = EDGE_CURVE('',#2325,#8314,#8322,.T.);
#8322 = LINE('',#8323,#8324);
#8323 = CARTESIAN_POINT('',(141.6899544863,4.,13.575175186695));
#8324 = VECTOR('',#8325,1.);
#8325 = DIRECTION('',(0.,-1.,2.2E-16));
#8326 = SURFACE_OF_LINEAR_EXTRUSION('',#8327,#8331);
#8327 = B_SPLINE_CURVE_WITH_KNOTS('',2,(#8328,#8329,#8330),
  .UNSPECIFIED.,.F.,.F.,(3,3),(0.,1.),.PIECEWISE_BEZIER_KNOTS.);
#8328 = CARTESIAN_POINT('',(142.04282808096,4.,11.432220349044));
#8329 = CARTESIAN_POINT('',(141.87487119172,4.,12.381970054983));
#8330 = CARTESIAN_POINT('',(141.6899544863,4.,13.575175186695));
#8331 = VECTOR('',#8332,1.);
#8332 = DIRECTION('',(0.,1.,-2.2E-16));
#8333 = ADVANCED_FACE('',(#8334),#8352,.T.);
#8334 = FACE_BOUND('',#8335,.T.);
#8335 = EDGE_LOOP('',(#8336,#8337,#8338,#8346));
#8336 = ORIENTED_EDGE('',*,*,#2324,.T.);
#8337 = ORIENTED_EDGE('',*,*,#8321,.T.);
#8338 = ORIENTED_EDGE('',*,*,#8339,.T.);
#8339 = EDGE_CURVE('',#8314,#8340,#8342,.T.);
#8340 = VERTEX_POINT('',#8341);
#8341 = CARTESIAN_POINT('',(141.15216418622,-1.,16.978080239079));
#8342 = B_SPLINE_CURVE_WITH_KNOTS('',2,(#8343,#8344,#8345),
  .UNSPECIFIED.,.F.,.F.,(3,3),(0.,1.),.PIECEWISE_BEZIER_KNOTS.);
#8343 = CARTESIAN_POINT('',(141.6899544863,-1.,13.575175186695));
#8344 = CARTESIAN_POINT('',(141.38741324932,-1.,15.389875517685));
#8345 = CARTESIAN_POINT('',(141.15216418622,-1.,16.978080239079));
#8346 = ORIENTED_EDGE('',*,*,#8347,.F.);
#8347 = EDGE_CURVE('',#2312,#8340,#8348,.T.);
#8348 = LINE('',#8349,#8350);
#8349 = CARTESIAN_POINT('',(141.15216418622,4.,16.978080239079));
#8350 = VECTOR('',#8351,1.);
#8351 = DIRECTION('',(0.,-1.,2.2E-16));
#8352 = SURFACE_OF_LINEAR_EXTRUSION('',#8353,#8357);
#8353 = B_SPLINE_CURVE_WITH_KNOTS('',2,(#8354,#8355,#8356),
  .UNSPECIFIED.,.F.,.F.,(3,3),(0.,1.),.PIECEWISE_BEZIER_KNOTS.);
#8354 = CARTESIAN_POINT('',(141.6899544863,4.,13.575175186695));
#8355 = CARTESIAN_POINT('',(141.38741324932,4.,15.389875517685));
#8356 = CARTESIAN_POINT('',(141.15216418622,4.,16.978080239079));
#8357 = VECTOR('',#8358,1.);
#8358 = DIRECTION('',(0.,1.,-2.2E-16));
#8359 = ADVANCED_FACE('',(#8360),#8378,.T.);
#8360 = FACE_BOUND('',#8361,.T.);
#8361 = EDGE_LOOP('',(#8362,#8363,#8364,#8372));
#8362 = ORIENTED_EDGE('',*,*,#2311,.T.);
#8363 = ORIENTED_EDGE('',*,*,#8347,.T.);
#8364 = ORIENTED_EDGE('',*,*,#8365,.T.);
#8365 = EDGE_CURVE('',#8340,#8366,#8368,.T.);
#8366 = VERTEX_POINT('',#8367);
#8367 = CARTESIAN_POINT('',(140.78233077538,-1.,19.776449908362));
#8368 = B_SPLINE_CURVE_WITH_KNOTS('',2,(#8369,#8370,#8371),
  .UNSPECIFIED.,.F.,.F.,(3,3),(0.,1.),.PIECEWISE_BEZIER_KNOTS.);
#8369 = CARTESIAN_POINT('',(141.15216418622,-1.,16.978080239079));
#8370 = CARTESIAN_POINT('',(140.91691512311,-1.,18.566832051317));
#8371 = CARTESIAN_POINT('',(140.78233077538,-1.,19.776449908362));
#8372 = ORIENTED_EDGE('',*,*,#8373,.F.);
#8373 = EDGE_CURVE('',#2302,#8366,#8374,.T.);
#8374 = LINE('',#8375,#8376);
#8375 = CARTESIAN_POINT('',(140.78233077538,4.,19.776449908362));
#8376 = VECTOR('',#8377,1.);
#8377 = DIRECTION('',(0.,-1.,2.2E-16));
#8378 = SURFACE_OF_LINEAR_EXTRUSION('',#8379,#8383);
#8379 = B_SPLINE_CURVE_WITH_KNOTS('',2,(#8380,#8381,#8382),
  .UNSPECIFIED.,.F.,.F.,(3,3),(0.,1.),.PIECEWISE_BEZIER_KNOTS.);
#8380 = CARTESIAN_POINT('',(141.15216418622,4.,16.978080239079));
#8381 = CARTESIAN_POINT('',(140.91691512311,4.,18.566832051317));
#8382 = CARTESIAN_POINT('',(140.78233077538,4.,19.776449908362));
#8383 = VECTOR('',#8384,1.);
#8384 = DIRECTION('',(0.,1.,-2.2E-16));
#8385 = ADVANCED_FACE('',(#8386),#8404,.T.);
#8386 = FACE_BOUND('',#8387,.T.);
#8387 = EDGE_LOOP('',(#8388,#8389,#8390,#8398));
#8388 = ORIENTED_EDGE('',*,*,#2301,.T.);
#8389 = ORIENTED_EDGE('',*,*,#8373,.T.);
#8390 = ORIENTED_EDGE('',*,*,#8391,.T.);
#8391 = EDGE_CURVE('',#8366,#8392,#8394,.T.);
#8392 = VERTEX_POINT('',#8393);
#8393 = CARTESIAN_POINT('',(140.59741406996,-1.,21.238823735536));
#8394 = B_SPLINE_CURVE_WITH_KNOTS('',2,(#8395,#8396,#8397),
  .UNSPECIFIED.,.F.,.F.,(3,3),(0.,1.),.PIECEWISE_BEZIER_KNOTS.);
#8395 = CARTESIAN_POINT('',(140.78233077538,-1.,19.776449908362));
#8396 = CARTESIAN_POINT('',(140.68166606,-1.,20.516116730038));
#8397 = CARTESIAN_POINT('',(140.59741406996,-1.,21.238823735536));
#8398 = ORIENTED_EDGE('',*,*,#8399,.F.);
#8399 = EDGE_CURVE('',#2292,#8392,#8400,.T.);
#8400 = LINE('',#8401,#8402);
#8401 = CARTESIAN_POINT('',(140.59741406996,4.,21.238823735536));
#8402 = VECTOR('',#8403,1.);
#8403 = DIRECTION('',(0.,-1.,2.2E-16));
#8404 = SURFACE_OF_LINEAR_EXTRUSION('',#8405,#8409);
#8405 = B_SPLINE_CURVE_WITH_KNOTS('',2,(#8406,#8407,#8408),
  .UNSPECIFIED.,.F.,.F.,(3,3),(0.,1.),.PIECEWISE_BEZIER_KNOTS.);
#8406 = CARTESIAN_POINT('',(140.78233077538,4.,19.776449908362));
#8407 = CARTESIAN_POINT('',(140.68166606,4.,20.516116730038));
#8408 = CARTESIAN_POINT('',(140.59741406996,4.,21.238823735536));
#8409 = VECTOR('',#8410,1.);
#8410 = DIRECTION('',(0.,1.,-2.2E-16));
#8411 = ADVANCED_FACE('',(#8412),#8430,.T.);
#8412 = FACE_BOUND('',#8413,.T.);
#8413 = EDGE_LOOP('',(#8414,#8415,#8416,#8424));
#8414 = ORIENTED_EDGE('',*,*,#2291,.T.);
#8415 = ORIENTED_EDGE('',*,*,#8399,.T.);
#8416 = ORIENTED_EDGE('',*,*,#8417,.T.);
#8417 = EDGE_CURVE('',#8392,#8418,#8420,.T.);
#8418 = VERTEX_POINT('',#8419);
#8419 = CARTESIAN_POINT('',(140.4464169969,-1.,22.633905388845));
#8420 = B_SPLINE_CURVE_WITH_KNOTS('',2,(#8421,#8422,#8423),
  .UNSPECIFIED.,.F.,.F.,(3,3),(0.,1.),.PIECEWISE_BEZIER_KNOTS.);
#8421 = CARTESIAN_POINT('',(140.59741406996,-1.,21.238823735536));
#8422 = CARTESIAN_POINT('',(140.51370917076,-1.,21.961530741035));
#8423 = CARTESIAN_POINT('',(140.4464169969,-1.,22.633905388845));
#8424 = ORIENTED_EDGE('',*,*,#8425,.F.);
#8425 = EDGE_CURVE('',#2284,#8418,#8426,.T.);
#8426 = LINE('',#8427,#8428);
#8427 = CARTESIAN_POINT('',(140.4464169969,4.,22.633905388845));
#8428 = VECTOR('',#8429,1.);
#8429 = DIRECTION('',(0.,-1.,2.2E-16));
#8430 = SURFACE_OF_LINEAR_EXTRUSION('',#8431,#8435);
#8431 = B_SPLINE_CURVE_WITH_KNOTS('',2,(#8432,#8433,#8434),
  .UNSPECIFIED.,.F.,.F.,(3,3),(0.,1.),.PIECEWISE_BEZIER_KNOTS.);
#8432 = CARTESIAN_POINT('',(140.59741406996,4.,21.238823735536));
#8433 = CARTESIAN_POINT('',(140.51370917076,4.,21.961530741035));
#8434 = CARTESIAN_POINT('',(140.4464169969,4.,22.633905388845));
#8435 = VECTOR('',#8436,1.);
#8436 = DIRECTION('',(0.,1.,-2.2E-16));
#8437 = ADVANCED_FACE('',(#8438),#8456,.T.);
#8438 = FACE_BOUND('',#8439,.T.);
#8439 = EDGE_LOOP('',(#8440,#8441,#8442,#8450));
#8440 = ORIENTED_EDGE('',*,*,#2283,.T.);
#8441 = ORIENTED_EDGE('',*,*,#8425,.T.);
#8442 = ORIENTED_EDGE('',*,*,#8443,.T.);
#8443 = EDGE_CURVE('',#8418,#8444,#8446,.T.);
#8444 = VERTEX_POINT('',#8445);
#8445 = CARTESIAN_POINT('',(140.11050321841,-1.,22.633905388845));
#8446 = LINE('',#8447,#8448);
#8447 = CARTESIAN_POINT('',(140.4464169969,-1.,22.633905388845));
#8448 = VECTOR('',#8449,1.);
#8449 = DIRECTION('',(-1.,0.,0.));
#8450 = ORIENTED_EDGE('',*,*,#8451,.F.);
#8451 = EDGE_CURVE('',#2272,#8444,#8452,.T.);
#8452 = LINE('',#8453,#8454);
#8453 = CARTESIAN_POINT('',(140.11050321841,4.,22.633905388845));
#8454 = VECTOR('',#8455,1.);
#8455 = DIRECTION('',(0.,-1.,2.2E-16));
#8456 = PLANE('',#8457);
#8457 = AXIS2_PLACEMENT_3D('',#8458,#8459,#8460);
#8458 = CARTESIAN_POINT('',(140.4464169969,4.,22.633905388845));
#8459 = DIRECTION('',(0.,-2.2E-16,-1.));
#8460 = DIRECTION('',(-1.,0.,0.));
#8461 = ADVANCED_FACE('',(#8462),#8480,.T.);
#8462 = FACE_BOUND('',#8463,.T.);
#8463 = EDGE_LOOP('',(#8464,#8465,#8466,#8474));
#8464 = ORIENTED_EDGE('',*,*,#2271,.T.);
#8465 = ORIENTED_EDGE('',*,*,#8451,.T.);
#8466 = ORIENTED_EDGE('',*,*,#8467,.T.);
#8467 = EDGE_CURVE('',#8444,#8468,#8470,.T.);
#8468 = VERTEX_POINT('',#8469);
#8469 = CARTESIAN_POINT('',(140.39553754836,-1.,19.843742082228));
#8470 = B_SPLINE_CURVE_WITH_KNOTS('',2,(#8471,#8472,#8473),
  .UNSPECIFIED.,.F.,.F.,(3,3),(0.,1.),.PIECEWISE_BEZIER_KNOTS.);
#8471 = CARTESIAN_POINT('',(140.11050321841,-1.,22.633905388845));
#8472 = CARTESIAN_POINT('',(140.2445404753,-1.,21.339488450912));
#8473 = CARTESIAN_POINT('',(140.39553754836,-1.,19.843742082228));
#8474 = ORIENTED_EDGE('',*,*,#8475,.F.);
#8475 = EDGE_CURVE('',#2261,#8468,#8476,.T.);
#8476 = LINE('',#8477,#8478);
#8477 = CARTESIAN_POINT('',(140.39553754836,4.,19.843742082228));
#8478 = VECTOR('',#8479,1.);
#8479 = DIRECTION('',(0.,-1.,2.2E-16));
#8480 = SURFACE_OF_LINEAR_EXTRUSION('',#8481,#8485);
#8481 = B_SPLINE_CURVE_WITH_KNOTS('',2,(#8482,#8483,#8484),
  .UNSPECIFIED.,.F.,.F.,(3,3),(0.,1.),.PIECEWISE_BEZIER_KNOTS.);
#8482 = CARTESIAN_POINT('',(140.11050321841,4.,22.633905388845));
#8483 = CARTESIAN_POINT('',(140.2445404753,4.,21.339488450912));
#8484 = CARTESIAN_POINT('',(140.39553754836,4.,19.843742082228));
#8485 = VECTOR('',#8486,1.);
#8486 = DIRECTION('',(0.,1.,-2.2E-16));
#8487 = ADVANCED_FACE('',(#8488),#8506,.T.);
#8488 = FACE_BOUND('',#8489,.T.);
#8489 = EDGE_LOOP('',(#8490,#8491,#8492,#8500));
#8490 = ORIENTED_EDGE('',*,*,#2260,.T.);
#8491 = ORIENTED_EDGE('',*,*,#8475,.T.);
#8492 = ORIENTED_EDGE('',*,*,#8493,.T.);
#8493 = EDGE_CURVE('',#8468,#8494,#8496,.T.);
#8494 = VERTEX_POINT('',#8495);
#8495 = CARTESIAN_POINT('',(140.69862587618,-1.,16.66733263944));
#8496 = B_SPLINE_CURVE_WITH_KNOTS('',2,(#8497,#8498,#8499),
  .UNSPECIFIED.,.F.,.F.,(3,3),(0.,1.),.PIECEWISE_BEZIER_KNOTS.);
#8497 = CARTESIAN_POINT('',(140.39553754836,-1.,19.843742082228));
#8498 = CARTESIAN_POINT('',(140.54708171227,-1.,18.347995713543));
#8499 = CARTESIAN_POINT('',(140.69862587618,-1.,16.66733263944));
#8500 = ORIENTED_EDGE('',*,*,#8501,.F.);
#8501 = EDGE_CURVE('',#2249,#8494,#8502,.T.);
#8502 = LINE('',#8503,#8504);
#8503 = CARTESIAN_POINT('',(140.69862587618,4.,16.66733263944));
#8504 = VECTOR('',#8505,1.);
#8505 = DIRECTION('',(0.,-1.,2.2E-16));
#8506 = SURFACE_OF_LINEAR_EXTRUSION('',#8507,#8511);
#8507 = B_SPLINE_CURVE_WITH_KNOTS('',2,(#8508,#8509,#8510),
  .UNSPECIFIED.,.F.,.F.,(3,3),(0.,1.),.PIECEWISE_BEZIER_KNOTS.);
#8508 = CARTESIAN_POINT('',(140.39553754836,4.,19.843742082228));
#8509 = CARTESIAN_POINT('',(140.54708171227,4.,18.347995713543));
#8510 = CARTESIAN_POINT('',(140.69862587618,4.,16.66733263944));
#8511 = VECTOR('',#8512,1.);
#8512 = DIRECTION('',(0.,1.,-2.2E-16));
#8513 = ADVANCED_FACE('',(#8514),#8532,.T.);
#8514 = FACE_BOUND('',#8515,.T.);
#8515 = EDGE_LOOP('',(#8516,#8517,#8518,#8526));
#8516 = ORIENTED_EDGE('',*,*,#2248,.T.);
#8517 = ORIENTED_EDGE('',*,*,#8501,.T.);
#8518 = ORIENTED_EDGE('',*,*,#8519,.T.);
#8519 = EDGE_CURVE('',#8494,#8520,#8522,.T.);
#8520 = VERTEX_POINT('',#8521);
#8521 = CARTESIAN_POINT('',(140.87478912809,-1.,14.499211622945));
#8522 = B_SPLINE_CURVE_WITH_KNOTS('',2,(#8523,#8524,#8525),
  .UNSPECIFIED.,.F.,.F.,(3,3),(0.,1.),.PIECEWISE_BEZIER_KNOTS.);
#8523 = CARTESIAN_POINT('',(140.69862587618,-1.,16.66733263944));
#8524 = CARTESIAN_POINT('',(140.79929059156,-1.,15.45716769155));
#8525 = CARTESIAN_POINT('',(140.87478912809,-1.,14.499211622945));
#8526 = ORIENTED_EDGE('',*,*,#8527,.F.);
#8527 = EDGE_CURVE('',#2239,#8520,#8528,.T.);
#8528 = LINE('',#8529,#8530);
#8529 = CARTESIAN_POINT('',(140.87478912809,4.,14.499211622945));
#8530 = VECTOR('',#8531,1.);
#8531 = DIRECTION('',(0.,-1.,2.2E-16));
#8532 = SURFACE_OF_LINEAR_EXTRUSION('',#8533,#8537);
#8533 = B_SPLINE_CURVE_WITH_KNOTS('',2,(#8534,#8535,#8536),
  .UNSPECIFIED.,.F.,.F.,(3,3),(0.,1.),.PIECEWISE_BEZIER_KNOTS.);
#8534 = CARTESIAN_POINT('',(140.69862587618,4.,16.66733263944));
#8535 = CARTESIAN_POINT('',(140.79929059156,4.,15.45716769155));
#8536 = CARTESIAN_POINT('',(140.87478912809,4.,14.499211622945));
#8537 = VECTOR('',#8538,1.);
#8538 = DIRECTION('',(0.,1.,-2.2E-16));
#8539 = ADVANCED_FACE('',(#8540),#8558,.T.);
#8540 = FACE_BOUND('',#8541,.T.);
#8541 = EDGE_LOOP('',(#8542,#8543,#8544,#8552));
#8542 = ORIENTED_EDGE('',*,*,#2238,.T.);
#8543 = ORIENTED_EDGE('',*,*,#8527,.T.);
#8544 = ORIENTED_EDGE('',*,*,#8545,.T.);
#8545 = EDGE_CURVE('',#8520,#8546,#8548,.T.);
#8546 = VERTEX_POINT('',#8547);
#8547 = CARTESIAN_POINT('',(141.01757983849,-1.,12.583299485735));
#8548 = B_SPLINE_CURVE_WITH_KNOTS('',2,(#8549,#8550,#8551),
  .UNSPECIFIED.,.F.,.F.,(3,3),(0.,1.),.PIECEWISE_BEZIER_KNOTS.);
#8549 = CARTESIAN_POINT('',(140.87478912809,-1.,14.499211622945));
#8550 = CARTESIAN_POINT('',(140.95083475547,-1.,13.54125555434));
#8551 = CARTESIAN_POINT('',(141.01757983849,-1.,12.583299485735));
#8552 = ORIENTED_EDGE('',*,*,#8553,.F.);
#8553 = EDGE_CURVE('',#2227,#8546,#8554,.T.);
#8554 = LINE('',#8555,#8556);
#8555 = CARTESIAN_POINT('',(141.01757983849,4.,12.583299485735));
#8556 = VECTOR('',#8557,1.);
#8557 = DIRECTION('',(0.,-1.,2.2E-16));
#8558 = SURFACE_OF_LINEAR_EXTRUSION('',#8559,#8563);
#8559 = B_SPLINE_CURVE_WITH_KNOTS('',2,(#8560,#8561,#8562),
  .UNSPECIFIED.,.F.,.F.,(3,3),(0.,1.),.PIECEWISE_BEZIER_KNOTS.);
#8560 = CARTESIAN_POINT('',(140.87478912809,4.,14.499211622945));
#8561 = CARTESIAN_POINT('',(140.95083475547,4.,13.54125555434));
#8562 = CARTESIAN_POINT('',(141.01757983849,4.,12.583299485735));
#8563 = VECTOR('',#8564,1.);
#8564 = DIRECTION('',(0.,1.,-2.2E-16));
#8565 = ADVANCED_FACE('',(#8566),#8584,.T.);
#8566 = FACE_BOUND('',#8567,.T.);
#8567 = EDGE_LOOP('',(#8568,#8569,#8570,#8578));
#8568 = ORIENTED_EDGE('',*,*,#2226,.T.);
#8569 = ORIENTED_EDGE('',*,*,#8553,.T.);
#8570 = ORIENTED_EDGE('',*,*,#8571,.T.);
#8571 = EDGE_CURVE('',#8546,#8572,#8574,.T.);
#8572 = VERTEX_POINT('',#8573);
#8573 = CARTESIAN_POINT('',(141.13575146088,-1.,10.41517846924));
#8574 = B_SPLINE_CURVE_WITH_KNOTS('',2,(#8575,#8576,#8577),
  .UNSPECIFIED.,.F.,.F.,(3,3),(0.,1.),.PIECEWISE_BEZIER_KNOTS.);
#8575 = CARTESIAN_POINT('',(141.01757983849,-1.,12.583299485735));
#8576 = CARTESIAN_POINT('',(141.08487201235,-1.,11.625343417129));
#8577 = CARTESIAN_POINT('',(141.13575146088,-1.,10.41517846924));
#8578 = ORIENTED_EDGE('',*,*,#8579,.F.);
#8579 = EDGE_CURVE('',#2216,#8572,#8580,.T.);
#8580 = LINE('',#8581,#8582);
#8581 = CARTESIAN_POINT('',(141.13575146088,4.,10.41517846924));
#8582 = VECTOR('',#8583,1.);
#8583 = DIRECTION('',(0.,-1.,2.2E-16));
#8584 = SURFACE_OF_LINEAR_EXTRUSION('',#8585,#8589);
#8585 = B_SPLINE_CURVE_WITH_KNOTS('',2,(#8586,#8587,#8588),
  .UNSPECIFIED.,.F.,.F.,(3,3),(0.,1.),.PIECEWISE_BEZIER_KNOTS.);
#8586 = CARTESIAN_POINT('',(141.01757983849,4.,12.583299485735));
#8587 = CARTESIAN_POINT('',(141.08487201235,4.,11.625343417129));
#8588 = CARTESIAN_POINT('',(141.13575146088,4.,10.41517846924));
#8589 = VECTOR('',#8590,1.);
#8590 = DIRECTION('',(0.,1.,-2.2E-16));
#8591 = ADVANCED_FACE('',(#8592),#8610,.T.);
#8592 = FACE_BOUND('',#8593,.T.);
#8593 = EDGE_LOOP('',(#8594,#8595,#8596,#8604));
#8594 = ORIENTED_EDGE('',*,*,#2215,.T.);
#8595 = ORIENTED_EDGE('',*,*,#8579,.T.);
#8596 = ORIENTED_EDGE('',*,*,#8597,.T.);
#8597 = EDGE_CURVE('',#8572,#8598,#8600,.T.);
#8598 = VERTEX_POINT('',#8599);
#8599 = CARTESIAN_POINT('',(141.20249654391,-1.,7.524897538091));
#8600 = B_SPLINE_CURVE_WITH_KNOTS('',2,(#8601,#8602,#8603),
  .UNSPECIFIED.,.F.,.F.,(3,3),(0.,1.),.PIECEWISE_BEZIER_KNOTS.);
#8601 = CARTESIAN_POINT('',(141.13575146088,-1.,10.41517846924));
#8602 = CARTESIAN_POINT('',(141.20249654391,-1.,8.919432100555));
#8603 = CARTESIAN_POINT('',(141.20249654391,-1.,7.524897538091));
#8604 = ORIENTED_EDGE('',*,*,#8605,.F.);
#8605 = EDGE_CURVE('',#2208,#8598,#8606,.T.);
#8606 = LINE('',#8607,#8608);
#8607 = CARTESIAN_POINT('',(141.20249654391,4.,7.524897538091));
#8608 = VECTOR('',#8609,1.);
#8609 = DIRECTION('',(0.,-1.,2.2E-16));
#8610 = SURFACE_OF_LINEAR_EXTRUSION('',#8611,#8615);
#8611 = B_SPLINE_CURVE_WITH_KNOTS('',2,(#8612,#8613,#8614),
  .UNSPECIFIED.,.F.,.F.,(3,3),(0.,1.),.PIECEWISE_BEZIER_KNOTS.);
#8612 = CARTESIAN_POINT('',(141.13575146088,4.,10.41517846924));
#8613 = CARTESIAN_POINT('',(141.20249654391,4.,8.919432100555));
#8614 = CARTESIAN_POINT('',(141.20249654391,4.,7.524897538091));
#8615 = VECTOR('',#8616,1.);
#8616 = DIRECTION('',(0.,1.,-2.2E-16));
#8617 = ADVANCED_FACE('',(#8618),#8636,.T.);
#8618 = FACE_BOUND('',#8619,.T.);
#8619 = EDGE_LOOP('',(#8620,#8621,#8622,#8630));
#8620 = ORIENTED_EDGE('',*,*,#2207,.T.);
#8621 = ORIENTED_EDGE('',*,*,#8605,.T.);
#8622 = ORIENTED_EDGE('',*,*,#8623,.T.);
#8623 = EDGE_CURVE('',#8598,#8624,#8626,.T.);
#8624 = VERTEX_POINT('',#8625);
#8625 = CARTESIAN_POINT('',(141.20249654391,-1.,5.1549));
#8626 = LINE('',#8627,#8628);
#8627 = CARTESIAN_POINT('',(141.20249654391,-1.,7.524897538091));
#8628 = VECTOR('',#8629,1.);
#8629 = DIRECTION('',(0.,0.,-1.));
#8630 = ORIENTED_EDGE('',*,*,#8631,.F.);
#8631 = EDGE_CURVE('',#2200,#8624,#8632,.T.);
#8632 = LINE('',#8633,#8634);
#8633 = CARTESIAN_POINT('',(141.20249654391,4.,5.1549));
#8634 = VECTOR('',#8635,1.);
#8635 = DIRECTION('',(0.,-1.,2.2E-16));
#8636 = PLANE('',#8637);
#8637 = AXIS2_PLACEMENT_3D('',#8638,#8639,#8640);
#8638 = CARTESIAN_POINT('',(141.20249654391,4.,7.524897538091));
#8639 = DIRECTION('',(1.,0.,0.));
#8640 = DIRECTION('',(0.,2.2E-16,-1.));
#8641 = ADVANCED_FACE('',(#8642),#8660,.T.);
#8642 = FACE_BOUND('',#8643,.T.);
#8643 = EDGE_LOOP('',(#8644,#8645,#8646,#8654));
#8644 = ORIENTED_EDGE('',*,*,#2199,.T.);
#8645 = ORIENTED_EDGE('',*,*,#8631,.T.);
#8646 = ORIENTED_EDGE('',*,*,#8647,.T.);
#8647 = EDGE_CURVE('',#8624,#8648,#8650,.T.);
#8648 = VERTEX_POINT('',#8649);
#8649 = CARTESIAN_POINT('',(137.25304773793,-1.,5.1549));
#8650 = LINE('',#8651,#8652);
#8651 = CARTESIAN_POINT('',(141.20249654391,-1.,5.1549));
#8652 = VECTOR('',#8653,1.);
#8653 = DIRECTION('',(-1.,0.,0.));
#8654 = ORIENTED_EDGE('',*,*,#8655,.F.);
#8655 = EDGE_CURVE('',#2192,#8648,#8656,.T.);
#8656 = LINE('',#8657,#8658);
#8657 = CARTESIAN_POINT('',(137.25304773793,4.,5.1549));
#8658 = VECTOR('',#8659,1.);
#8659 = DIRECTION('',(0.,-1.,2.2E-16));
#8660 = PLANE('',#8661);
#8661 = AXIS2_PLACEMENT_3D('',#8662,#8663,#8664);
#8662 = CARTESIAN_POINT('',(141.20249654391,4.,5.1549));
#8663 = DIRECTION('',(0.,-2.2E-16,-1.));
#8664 = DIRECTION('',(-1.,0.,0.));
#8665 = ADVANCED_FACE('',(#8666),#8684,.T.);
#8666 = FACE_BOUND('',#8667,.T.);
#8667 = EDGE_LOOP('',(#8668,#8669,#8670,#8678));
#8668 = ORIENTED_EDGE('',*,*,#2191,.T.);
#8669 = ORIENTED_EDGE('',*,*,#8655,.T.);
#8670 = ORIENTED_EDGE('',*,*,#8671,.T.);
#8671 = EDGE_CURVE('',#8648,#8672,#8674,.T.);
#8672 = VERTEX_POINT('',#8673);
#8673 = CARTESIAN_POINT('',(137.25304773793,-1.,25.1549));
#8674 = LINE('',#8675,#8676);
#8675 = CARTESIAN_POINT('',(137.25304773793,-1.,5.1549));
#8676 = VECTOR('',#8677,1.);
#8677 = DIRECTION('',(0.,0.,1.));
#8678 = ORIENTED_EDGE('',*,*,#8679,.F.);
#8679 = EDGE_CURVE('',#2184,#8672,#8680,.T.);
#8680 = LINE('',#8681,#8682);
#8681 = CARTESIAN_POINT('',(137.25304773793,4.,25.1549));
#8682 = VECTOR('',#8683,1.);
#8683 = DIRECTION('',(0.,-1.,2.2E-16));
#8684 = PLANE('',#8685);
#8685 = AXIS2_PLACEMENT_3D('',#8686,#8687,#8688);
#8686 = CARTESIAN_POINT('',(137.25304773793,4.,5.1549));
#8687 = DIRECTION('',(-1.,0.,0.));
#8688 = DIRECTION('',(0.,-2.2E-16,1.));
#8689 = ADVANCED_FACE('',(#8690),#8708,.T.);
#8690 = FACE_BOUND('',#8691,.T.);
#8691 = EDGE_LOOP('',(#8692,#8693,#8694,#8702));
#8692 = ORIENTED_EDGE('',*,*,#2183,.T.);
#8693 = ORIENTED_EDGE('',*,*,#8679,.T.);
#8694 = ORIENTED_EDGE('',*,*,#8695,.T.);
#8695 = EDGE_CURVE('',#8672,#8696,#8698,.T.);
#8696 = VERTEX_POINT('',#8697);
#8697 = CARTESIAN_POINT('',(142.81641453499,-1.,25.1549));
#8698 = LINE('',#8699,#8700);
#8699 = CARTESIAN_POINT('',(137.25304773793,-1.,25.1549));
#8700 = VECTOR('',#8701,1.);
#8701 = DIRECTION('',(1.,0.,0.));
#8702 = ORIENTED_EDGE('',*,*,#8703,.F.);
#8703 = EDGE_CURVE('',#2176,#8696,#8704,.T.);
#8704 = LINE('',#8705,#8706);
#8705 = CARTESIAN_POINT('',(142.81641453499,4.,25.1549));
#8706 = VECTOR('',#8707,1.);
#8707 = DIRECTION('',(0.,-1.,2.2E-16));
#8708 = PLANE('',#8709);
#8709 = AXIS2_PLACEMENT_3D('',#8710,#8711,#8712);
#8710 = CARTESIAN_POINT('',(137.25304773793,4.,25.1549));
#8711 = DIRECTION('',(0.,2.2E-16,1.));
#8712 = DIRECTION('',(1.,0.,0.));
#8713 = ADVANCED_FACE('',(#8714),#8725,.T.);
#8714 = FACE_BOUND('',#8715,.T.);
#8715 = EDGE_LOOP('',(#8716,#8717,#8718,#8724));
#8716 = ORIENTED_EDGE('',*,*,#2175,.T.);
#8717 = ORIENTED_EDGE('',*,*,#8703,.T.);
#8718 = ORIENTED_EDGE('',*,*,#8719,.T.);
#8719 = EDGE_CURVE('',#8696,#7314,#8720,.T.);
#8720 = LINE('',#8721,#8722);
#8721 = CARTESIAN_POINT('',(142.81641453499,-1.,25.1549));
#8722 = VECTOR('',#8723,1.);
#8723 = DIRECTION('',(0.157616490186,0.,-0.987500401023));
#8724 = ORIENTED_EDGE('',*,*,#7313,.F.);
#8725 = PLANE('',#8726);
#8726 = AXIS2_PLACEMENT_3D('',#8727,#8728,#8729);
#8727 = CARTESIAN_POINT('',(142.81641453499,4.,25.1549));
#8728 = DIRECTION('',(0.987500401023,3.E-17,0.157616490186));
#8729 = DIRECTION('',(0.157616490186,2.2E-16,-0.987500401023));
#8730 = ADVANCED_FACE('',(#8731),#8756,.T.);
#8731 = FACE_BOUND('',#8732,.T.);
#8732 = EDGE_LOOP('',(#8733,#8734,#8742,#8750));
#8733 = ORIENTED_EDGE('',*,*,#2722,.T.);
#8734 = ORIENTED_EDGE('',*,*,#8735,.T.);
#8735 = EDGE_CURVE('',#2725,#8736,#8738,.T.);
#8736 = VERTEX_POINT('',#8737);
#8737 = CARTESIAN_POINT('',(154.4098166194,-1.,5.1549));
#8738 = LINE('',#8739,#8740);
#8739 = CARTESIAN_POINT('',(154.4098166194,4.,5.1549));
#8740 = VECTOR('',#8741,1.);
#8741 = DIRECTION('',(0.,-1.,2.2E-16));
#8742 = ORIENTED_EDGE('',*,*,#8743,.T.);
#8743 = EDGE_CURVE('',#8736,#8744,#8746,.T.);
#8744 = VERTEX_POINT('',#8745);
#8745 = CARTESIAN_POINT('',(154.4098166194,-1.,25.1549));
#8746 = LINE('',#8747,#8748);
#8747 = CARTESIAN_POINT('',(154.4098166194,-1.,5.1549));
#8748 = VECTOR('',#8749,1.);
#8749 = DIRECTION('',(0.,0.,1.));
#8750 = ORIENTED_EDGE('',*,*,#8751,.F.);
#8751 = EDGE_CURVE('',#2723,#8744,#8752,.T.);
#8752 = LINE('',#8753,#8754);
#8753 = CARTESIAN_POINT('',(154.4098166194,4.,25.1549));
#8754 = VECTOR('',#8755,1.);
#8755 = DIRECTION('',(0.,-1.,2.2E-16));
#8756 = PLANE('',#8757);
#8757 = AXIS2_PLACEMENT_3D('',#8758,#8759,#8760);
#8758 = CARTESIAN_POINT('',(154.4098166194,4.,5.1549));
#8759 = DIRECTION('',(-1.,0.,0.));
#8760 = DIRECTION('',(0.,-2.2E-16,1.));
#8761 = ADVANCED_FACE('',(#8762),#8780,.T.);
#8762 = FACE_BOUND('',#8763,.T.);
#8763 = EDGE_LOOP('',(#8764,#8765,#8766,#8774));
#8764 = ORIENTED_EDGE('',*,*,#2812,.T.);
#8765 = ORIENTED_EDGE('',*,*,#8751,.T.);
#8766 = ORIENTED_EDGE('',*,*,#8767,.T.);
#8767 = EDGE_CURVE('',#8744,#8768,#8770,.T.);
#8768 = VERTEX_POINT('',#8769);
#8769 = CARTESIAN_POINT('',(162.72942709072,-1.,25.1549));
#8770 = LINE('',#8771,#8772);
#8771 = CARTESIAN_POINT('',(154.4098166194,-1.,25.1549));
#8772 = VECTOR('',#8773,1.);
#8773 = DIRECTION('',(1.,0.,0.));
#8774 = ORIENTED_EDGE('',*,*,#8775,.F.);
#8775 = EDGE_CURVE('',#2805,#8768,#8776,.T.);
#8776 = LINE('',#8777,#8778);
#8777 = CARTESIAN_POINT('',(162.72942709072,4.,25.1549));
#8778 = VECTOR('',#8779,1.);
#8779 = DIRECTION('',(0.,-1.,2.2E-16));
#8780 = PLANE('',#8781);
#8781 = AXIS2_PLACEMENT_3D('',#8782,#8783,#8784);
#8782 = CARTESIAN_POINT('',(154.4098166194,4.,25.1549));
#8783 = DIRECTION('',(0.,2.2E-16,1.));
#8784 = DIRECTION('',(1.,0.,0.));
#8785 = ADVANCED_FACE('',(#8786),#8804,.T.);
#8786 = FACE_BOUND('',#8787,.T.);
#8787 = EDGE_LOOP('',(#8788,#8789,#8790,#8798));
#8788 = ORIENTED_EDGE('',*,*,#2804,.T.);
#8789 = ORIENTED_EDGE('',*,*,#8775,.T.);
#8790 = ORIENTED_EDGE('',*,*,#8791,.T.);
#8791 = EDGE_CURVE('',#8768,#8792,#8794,.T.);
#8792 = VERTEX_POINT('',#8793);
#8793 = CARTESIAN_POINT('',(162.72942709072,-1.,21.457112982466));
#8794 = LINE('',#8795,#8796);
#8795 = CARTESIAN_POINT('',(162.72942709072,-1.,25.1549));
#8796 = VECTOR('',#8797,1.);
#8797 = DIRECTION('',(0.,0.,-1.));
#8798 = ORIENTED_EDGE('',*,*,#8799,.F.);
#8799 = EDGE_CURVE('',#2797,#8792,#8800,.T.);
#8800 = LINE('',#8801,#8802);
#8801 = CARTESIAN_POINT('',(162.72942709072,4.,21.457112982466));
#8802 = VECTOR('',#8803,1.);
#8803 = DIRECTION('',(0.,-1.,2.2E-16));
#8804 = PLANE('',#8805);
#8805 = AXIS2_PLACEMENT_3D('',#8806,#8807,#8808);
#8806 = CARTESIAN_POINT('',(162.72942709072,4.,25.1549));
#8807 = DIRECTION('',(1.,0.,0.));
#8808 = DIRECTION('',(0.,2.2E-16,-1.));
#8809 = ADVANCED_FACE('',(#8810),#8828,.T.);
#8810 = FACE_BOUND('',#8811,.T.);
#8811 = EDGE_LOOP('',(#8812,#8813,#8814,#8822));
#8812 = ORIENTED_EDGE('',*,*,#2796,.T.);
#8813 = ORIENTED_EDGE('',*,*,#8799,.T.);
#8814 = ORIENTED_EDGE('',*,*,#8815,.T.);
#8815 = EDGE_CURVE('',#8792,#8816,#8818,.T.);
#8816 = VERTEX_POINT('',#8817);
#8817 = CARTESIAN_POINT('',(158.35926542538,-1.,21.457112982466));
#8818 = LINE('',#8819,#8820);
#8819 = CARTESIAN_POINT('',(162.72942709072,-1.,21.457112982466));
#8820 = VECTOR('',#8821,1.);
#8821 = DIRECTION('',(-1.,0.,0.));
#8822 = ORIENTED_EDGE('',*,*,#8823,.F.);
#8823 = EDGE_CURVE('',#2789,#8816,#8824,.T.);
#8824 = LINE('',#8825,#8826);
#8825 = CARTESIAN_POINT('',(158.35926542538,4.,21.457112982466));
#8826 = VECTOR('',#8827,1.);
#8827 = DIRECTION('',(0.,-1.,2.2E-16));
#8828 = PLANE('',#8829);
#8829 = AXIS2_PLACEMENT_3D('',#8830,#8831,#8832);
#8830 = CARTESIAN_POINT('',(162.72942709072,4.,21.457112982466));
#8831 = DIRECTION('',(0.,-2.2E-16,-1.));
#8832 = DIRECTION('',(-1.,0.,0.));
#8833 = ADVANCED_FACE('',(#8834),#8852,.T.);
#8834 = FACE_BOUND('',#8835,.T.);
#8835 = EDGE_LOOP('',(#8836,#8837,#8838,#8846));
#8836 = ORIENTED_EDGE('',*,*,#2788,.T.);
#8837 = ORIENTED_EDGE('',*,*,#8823,.T.);
#8838 = ORIENTED_EDGE('',*,*,#8839,.T.);
#8839 = EDGE_CURVE('',#8816,#8840,#8842,.T.);
#8840 = VERTEX_POINT('',#8841);
#8841 = CARTESIAN_POINT('',(158.35926542538,-1.,17.642248524222));
#8842 = LINE('',#8843,#8844);
#8843 = CARTESIAN_POINT('',(158.35926542538,-1.,21.457112982466));
#8844 = VECTOR('',#8845,1.);
#8845 = DIRECTION('',(0.,0.,-1.));
#8846 = ORIENTED_EDGE('',*,*,#8847,.F.);
#8847 = EDGE_CURVE('',#2781,#8840,#8848,.T.);
#8848 = LINE('',#8849,#8850);
#8849 = CARTESIAN_POINT('',(158.35926542538,4.,17.642248524222));
#8850 = VECTOR('',#8851,1.);
#8851 = DIRECTION('',(0.,-1.,2.2E-16));
#8852 = PLANE('',#8853);
#8853 = AXIS2_PLACEMENT_3D('',#8854,#8855,#8856);
#8854 = CARTESIAN_POINT('',(158.35926542538,4.,21.457112982466));
#8855 = DIRECTION('',(1.,0.,0.));
#8856 = DIRECTION('',(0.,2.2E-16,-1.));
#8857 = ADVANCED_FACE('',(#8858),#8876,.T.);
#8858 = FACE_BOUND('',#8859,.T.);
#8859 = EDGE_LOOP('',(#8860,#8861,#8862,#8870));
#8860 = ORIENTED_EDGE('',*,*,#2780,.T.);
#8861 = ORIENTED_EDGE('',*,*,#8847,.T.);
#8862 = ORIENTED_EDGE('',*,*,#8863,.T.);
#8863 = EDGE_CURVE('',#8840,#8864,#8866,.T.);
#8864 = VERTEX_POINT('',#8865);
#8865 = CARTESIAN_POINT('',(162.39296622139,-1.,17.642248524222));
#8866 = LINE('',#8867,#8868);
#8867 = CARTESIAN_POINT('',(158.35926542538,-1.,17.642248524222));
#8868 = VECTOR('',#8869,1.);
#8869 = DIRECTION('',(1.,0.,0.));
#8870 = ORIENTED_EDGE('',*,*,#8871,.F.);
#8871 = EDGE_CURVE('',#2773,#8864,#8872,.T.);
#8872 = LINE('',#8873,#8874);
#8873 = CARTESIAN_POINT('',(162.39296622139,4.,17.642248524222));
#8874 = VECTOR('',#8875,1.);
#8875 = DIRECTION('',(0.,-1.,2.2E-16));
#8876 = PLANE('',#8877);
#8877 = AXIS2_PLACEMENT_3D('',#8878,#8879,#8880);
#8878 = CARTESIAN_POINT('',(158.35926542538,4.,17.642248524222));
#8879 = DIRECTION('',(0.,2.2E-16,1.));
#8880 = DIRECTION('',(1.,0.,0.));
#8881 = ADVANCED_FACE('',(#8882),#8900,.T.);
#8882 = FACE_BOUND('',#8883,.T.);
#8883 = EDGE_LOOP('',(#8884,#8885,#8886,#8894));
#8884 = ORIENTED_EDGE('',*,*,#2772,.T.);
#8885 = ORIENTED_EDGE('',*,*,#8871,.T.);
#8886 = ORIENTED_EDGE('',*,*,#8887,.T.);
#8887 = EDGE_CURVE('',#8864,#8888,#8890,.T.);
#8888 = VERTEX_POINT('',#8889);
#8889 = CARTESIAN_POINT('',(162.39296622139,-1.,13.945008597533));
#8890 = LINE('',#8891,#8892);
#8891 = CARTESIAN_POINT('',(162.39296622139,-1.,17.642248524222));
#8892 = VECTOR('',#8893,1.);
#8893 = DIRECTION('',(0.,0.,-1.));
#8894 = ORIENTED_EDGE('',*,*,#8895,.F.);
#8895 = EDGE_CURVE('',#2765,#8888,#8896,.T.);
#8896 = LINE('',#8897,#8898);
#8897 = CARTESIAN_POINT('',(162.39296622139,4.,13.945008597533));
#8898 = VECTOR('',#8899,1.);
#8899 = DIRECTION('',(0.,-1.,2.2E-16));
#8900 = PLANE('',#8901);
#8901 = AXIS2_PLACEMENT_3D('',#8902,#8903,#8904);
#8902 = CARTESIAN_POINT('',(162.39296622139,4.,17.642248524222));
#8903 = DIRECTION('',(1.,0.,0.));
#8904 = DIRECTION('',(0.,2.2E-16,-1.));
#8905 = ADVANCED_FACE('',(#8906),#8924,.T.);
#8906 = FACE_BOUND('',#8907,.T.);
#8907 = EDGE_LOOP('',(#8908,#8909,#8910,#8918));
#8908 = ORIENTED_EDGE('',*,*,#2764,.T.);
#8909 = ORIENTED_EDGE('',*,*,#8895,.T.);
#8910 = ORIENTED_EDGE('',*,*,#8911,.T.);
#8911 = EDGE_CURVE('',#8888,#8912,#8914,.T.);
#8912 = VERTEX_POINT('',#8913);
#8913 = CARTESIAN_POINT('',(158.35926542538,-1.,13.945008597533));
#8914 = LINE('',#8915,#8916);
#8915 = CARTESIAN_POINT('',(162.39296622139,-1.,13.945008597533));
#8916 = VECTOR('',#8917,1.);
#8917 = DIRECTION('',(-1.,0.,0.));
#8918 = ORIENTED_EDGE('',*,*,#8919,.F.);
#8919 = EDGE_CURVE('',#2757,#8912,#8920,.T.);
#8920 = LINE('',#8921,#8922);
#8921 = CARTESIAN_POINT('',(158.35926542538,4.,13.945008597533));
#8922 = VECTOR('',#8923,1.);
#8923 = DIRECTION('',(0.,-1.,2.2E-16));
#8924 = PLANE('',#8925);
#8925 = AXIS2_PLACEMENT_3D('',#8926,#8927,#8928);
#8926 = CARTESIAN_POINT('',(162.39296622139,4.,13.945008597533));
#8927 = DIRECTION('',(0.,-2.2E-16,-1.));
#8928 = DIRECTION('',(-1.,0.,0.));
#8929 = ADVANCED_FACE('',(#8930),#8948,.T.);
#8930 = FACE_BOUND('',#8931,.T.);
#8931 = EDGE_LOOP('',(#8932,#8933,#8934,#8942));
#8932 = ORIENTED_EDGE('',*,*,#2756,.T.);
#8933 = ORIENTED_EDGE('',*,*,#8919,.T.);
#8934 = ORIENTED_EDGE('',*,*,#8935,.T.);
#8935 = EDGE_CURVE('',#8912,#8936,#8938,.T.);
#8936 = VERTEX_POINT('',#8937);
#8937 = CARTESIAN_POINT('',(158.35926542538,-1.,8.85213992669));
#8938 = LINE('',#8939,#8940);
#8939 = CARTESIAN_POINT('',(158.35926542538,-1.,13.945008597533));
#8940 = VECTOR('',#8941,1.);
#8941 = DIRECTION('',(0.,0.,-1.));
#8942 = ORIENTED_EDGE('',*,*,#8943,.F.);
#8943 = EDGE_CURVE('',#2749,#8936,#8944,.T.);
#8944 = LINE('',#8945,#8946);
#8945 = CARTESIAN_POINT('',(158.35926542538,4.,8.85213992669));
#8946 = VECTOR('',#8947,1.);
#8947 = DIRECTION('',(0.,-1.,2.2E-16));
#8948 = PLANE('',#8949);
#8949 = AXIS2_PLACEMENT_3D('',#8950,#8951,#8952);
#8950 = CARTESIAN_POINT('',(158.35926542538,4.,13.945008597533));
#8951 = DIRECTION('',(1.,0.,0.));
#8952 = DIRECTION('',(0.,2.2E-16,-1.));
#8953 = ADVANCED_FACE('',(#8954),#8972,.T.);
#8954 = FACE_BOUND('',#8955,.T.);
#8955 = EDGE_LOOP('',(#8956,#8957,#8958,#8966));
#8956 = ORIENTED_EDGE('',*,*,#2748,.T.);
#8957 = ORIENTED_EDGE('',*,*,#8943,.T.);
#8958 = ORIENTED_EDGE('',*,*,#8959,.T.);
#8959 = EDGE_CURVE('',#8936,#8960,#8962,.T.);
#8960 = VERTEX_POINT('',#8961);
#8961 = CARTESIAN_POINT('',(162.81313198992,-1.,8.85213992669));
#8962 = LINE('',#8963,#8964);
#8963 = CARTESIAN_POINT('',(158.35926542538,-1.,8.85213992669));
#8964 = VECTOR('',#8965,1.);
#8965 = DIRECTION('',(1.,0.,0.));
#8966 = ORIENTED_EDGE('',*,*,#8967,.F.);
#8967 = EDGE_CURVE('',#2741,#8960,#8968,.T.);
#8968 = LINE('',#8969,#8970);
#8969 = CARTESIAN_POINT('',(162.81313198992,4.,8.85213992669));
#8970 = VECTOR('',#8971,1.);
#8971 = DIRECTION('',(0.,-1.,2.2E-16));
#8972 = PLANE('',#8973);
#8973 = AXIS2_PLACEMENT_3D('',#8974,#8975,#8976);
#8974 = CARTESIAN_POINT('',(158.35926542538,4.,8.85213992669));
#8975 = DIRECTION('',(0.,2.2E-16,1.));
#8976 = DIRECTION('',(1.,0.,0.));
#8977 = ADVANCED_FACE('',(#8978),#8996,.T.);
#8978 = FACE_BOUND('',#8979,.T.);
#8979 = EDGE_LOOP('',(#8980,#8981,#8982,#8990));
#8980 = ORIENTED_EDGE('',*,*,#2740,.T.);
#8981 = ORIENTED_EDGE('',*,*,#8967,.T.);
#8982 = ORIENTED_EDGE('',*,*,#8983,.T.);
#8983 = EDGE_CURVE('',#8960,#8984,#8986,.T.);
#8984 = VERTEX_POINT('',#8985);
#8985 = CARTESIAN_POINT('',(162.81313198992,-1.,5.1549));
#8986 = LINE('',#8987,#8988);
#8987 = CARTESIAN_POINT('',(162.81313198992,-1.,8.85213992669));
#8988 = VECTOR('',#8989,1.);
#8989 = DIRECTION('',(0.,0.,-1.));
#8990 = ORIENTED_EDGE('',*,*,#8991,.F.);
#8991 = EDGE_CURVE('',#2733,#8984,#8992,.T.);
#8992 = LINE('',#8993,#8994);
#8993 = CARTESIAN_POINT('',(162.81313198992,4.,5.1549));
#8994 = VECTOR('',#8995,1.);
#8995 = DIRECTION('',(0.,-1.,2.2E-16));
#8996 = PLANE('',#8997);
#8997 = AXIS2_PLACEMENT_3D('',#8998,#8999,#9000);
#8998 = CARTESIAN_POINT('',(162.81313198992,4.,8.85213992669));
#8999 = DIRECTION('',(1.,0.,0.));
#9000 = DIRECTION('',(0.,2.2E-16,-1.));
#9001 = ADVANCED_FACE('',(#9002),#9013,.T.);
#9002 = FACE_BOUND('',#9003,.T.);
#9003 = EDGE_LOOP('',(#9004,#9005,#9006,#9012));
#9004 = ORIENTED_EDGE('',*,*,#2732,.T.);
#9005 = ORIENTED_EDGE('',*,*,#8991,.T.);
#9006 = ORIENTED_EDGE('',*,*,#9007,.T.);
#9007 = EDGE_CURVE('',#8984,#8736,#9008,.T.);
#9008 = LINE('',#9009,#9010);
#9009 = CARTESIAN_POINT('',(162.81313198992,-1.,5.1549));
#9010 = VECTOR('',#9011,1.);
#9011 = DIRECTION('',(-1.,0.,0.));
#9012 = ORIENTED_EDGE('',*,*,#8735,.F.);
#9013 = PLANE('',#9014);
#9014 = AXIS2_PLACEMENT_3D('',#9015,#9016,#9017);
#9015 = CARTESIAN_POINT('',(162.81313198992,4.,5.1549));
#9016 = DIRECTION('',(0.,-2.2E-16,-1.));
#9017 = DIRECTION('',(-1.,0.,0.));
#9018 = ADVANCED_FACE('',(#9019),#9044,.F.);
#9019 = FACE_BOUND('',#9020,.F.);
#9020 = EDGE_LOOP('',(#9021,#9029,#9030,#9038));
#9021 = ORIENTED_EDGE('',*,*,#9022,.F.);
#9022 = EDGE_CURVE('',#2963,#9023,#9025,.T.);
#9023 = VERTEX_POINT('',#9024);
#9024 = CARTESIAN_POINT('',(100.25,15.795344814039,67.676493360996));
#9025 = LINE('',#9026,#9027);
#9026 = CARTESIAN_POINT('',(100.25,16.410197693072,67.500187135013));
#9027 = VECTOR('',#9028,1.);
#9028 = DIRECTION('',(0.,-0.961261695938,0.275637355817));
#9029 = ORIENTED_EDGE('',*,*,#2960,.F.);
#9030 = ORIENTED_EDGE('',*,*,#9031,.T.);
#9031 = EDGE_CURVE('',#2961,#9032,#9034,.T.);
#9032 = VERTEX_POINT('',#9033);
#9033 = CARTESIAN_POINT('',(84.25,15.795344814039,67.676493360996));
#9034 = LINE('',#9035,#9036);
#9035 = CARTESIAN_POINT('',(84.25,16.410197693072,67.500187135013));
#9036 = VECTOR('',#9037,1.);
#9037 = DIRECTION('',(0.,-0.961261695938,0.275637355817));
#9038 = ORIENTED_EDGE('',*,*,#9039,.T.);
#9039 = EDGE_CURVE('',#9032,#9023,#9040,.T.);
#9040 = LINE('',#9041,#9042);
#9041 = CARTESIAN_POINT('',(83.125,15.795344814039,67.676493360996));
#9042 = VECTOR('',#9043,1.);
#9043 = DIRECTION('',(1.,0.,0.));
#9044 = PLANE('',#9045);
#9045 = AXIS2_PLACEMENT_3D('',#9046,#9047,#9048);
#9046 = CARTESIAN_POINT('',(84.25,16.410197693072,67.500187135013));
#9047 = DIRECTION('',(0.,0.275637355817,0.961261695938));
#9048 = DIRECTION('',(0.,-0.961261695938,0.275637355817));
#9049 = ADVANCED_FACE('',(#9050),#9068,.T.);
#9050 = FACE_BOUND('',#9051,.T.);
#9051 = EDGE_LOOP('',(#9052,#9060,#9061,#9062));
#9052 = ORIENTED_EDGE('',*,*,#9053,.F.);
#9053 = EDGE_CURVE('',#2971,#9054,#9056,.T.);
#9054 = VERTEX_POINT('',#9055);
#9055 = CARTESIAN_POINT('',(84.25,11.385147120967,52.296306225983));
#9056 = LINE('',#9057,#9058);
#9057 = CARTESIAN_POINT('',(84.25,12.,52.12));
#9058 = VECTOR('',#9059,1.);
#9059 = DIRECTION('',(0.,-0.961261695938,0.275637355817));
#9060 = ORIENTED_EDGE('',*,*,#2970,.F.);
#9061 = ORIENTED_EDGE('',*,*,#9031,.T.);
#9062 = ORIENTED_EDGE('',*,*,#9063,.T.);
#9063 = EDGE_CURVE('',#9032,#9054,#9064,.T.);
#9064 = LINE('',#9065,#9066);
#9065 = CARTESIAN_POINT('',(84.25,11.009601630735,50.986623459031));
#9066 = VECTOR('',#9067,1.);
#9067 = DIRECTION('',(0.,-0.275637355817,-0.961261695938));
#9068 = PLANE('',#9069);
#9069 = AXIS2_PLACEMENT_3D('',#9070,#9071,#9072);
#9070 = CARTESIAN_POINT('',(84.25,12.,52.12));
#9071 = DIRECTION('',(1.,0.,0.));
#9072 = DIRECTION('',(0.,-0.961261695938,0.275637355817));
#9073 = ADVANCED_FACE('',(#9074),#9092,.F.);
#9074 = FACE_BOUND('',#9075,.F.);
#9075 = EDGE_LOOP('',(#9076,#9084,#9085,#9086));
#9076 = ORIENTED_EDGE('',*,*,#9077,.F.);
#9077 = EDGE_CURVE('',#2979,#9078,#9080,.T.);
#9078 = VERTEX_POINT('',#9079);
#9079 = CARTESIAN_POINT('',(100.25,11.385147120967,52.296306225983));
#9080 = LINE('',#9081,#9082);
#9081 = CARTESIAN_POINT('',(100.25,12.,52.12));
#9082 = VECTOR('',#9083,1.);
#9083 = DIRECTION('',(0.,-0.961261695938,0.275637355817));
#9084 = ORIENTED_EDGE('',*,*,#2986,.F.);
#9085 = ORIENTED_EDGE('',*,*,#9022,.T.);
#9086 = ORIENTED_EDGE('',*,*,#9087,.T.);
#9087 = EDGE_CURVE('',#9023,#9078,#9088,.T.);
#9088 = LINE('',#9089,#9090);
#9089 = CARTESIAN_POINT('',(100.25,11.009601630735,50.986623459031));
#9090 = VECTOR('',#9091,1.);
#9091 = DIRECTION('',(0.,-0.275637355817,-0.961261695938));
#9092 = PLANE('',#9093);
#9093 = AXIS2_PLACEMENT_3D('',#9094,#9095,#9096);
#9094 = CARTESIAN_POINT('',(100.25,12.,52.12));
#9095 = DIRECTION('',(1.,0.,0.));
#9096 = DIRECTION('',(0.,-0.961261695938,0.275637355817));
#9097 = ADVANCED_FACE('',(#9098),#9109,.T.);
#9098 = FACE_BOUND('',#9099,.T.);
#9099 = EDGE_LOOP('',(#9100,#9101,#9102,#9103));
#9100 = ORIENTED_EDGE('',*,*,#9077,.F.);
#9101 = ORIENTED_EDGE('',*,*,#2978,.F.);
#9102 = ORIENTED_EDGE('',*,*,#9053,.T.);
#9103 = ORIENTED_EDGE('',*,*,#9104,.T.);
#9104 = EDGE_CURVE('',#9054,#9078,#9105,.T.);
#9105 = LINE('',#9106,#9107);
#9106 = CARTESIAN_POINT('',(83.125,11.385147120967,52.296306225983));
#9107 = VECTOR('',#9108,1.);
#9108 = DIRECTION('',(1.,0.,0.));
#9109 = PLANE('',#9110);
#9110 = AXIS2_PLACEMENT_3D('',#9111,#9112,#9113);
#9111 = CARTESIAN_POINT('',(84.25,12.,52.12));
#9112 = DIRECTION('',(0.,0.275637355817,0.961261695938));
#9113 = DIRECTION('',(0.,-0.961261695938,0.275637355817));
#9114 = ADVANCED_FACE('',(#9115),#9140,.F.);
#9115 = FACE_BOUND('',#9116,.F.);
#9116 = EDGE_LOOP('',(#9117,#9125,#9126,#9134));
#9117 = ORIENTED_EDGE('',*,*,#9118,.F.);
#9118 = EDGE_CURVE('',#2997,#9119,#9121,.T.);
#9119 = VERTEX_POINT('',#9120);
#9120 = CARTESIAN_POINT('',(119.83,15.795344814039,67.676493360996));
#9121 = LINE('',#9122,#9123);
#9122 = CARTESIAN_POINT('',(119.83,16.410197693072,67.500187135013));
#9123 = VECTOR('',#9124,1.);
#9124 = DIRECTION('',(0.,-0.961261695938,0.275637355817));
#9125 = ORIENTED_EDGE('',*,*,#2994,.F.);
#9126 = ORIENTED_EDGE('',*,*,#9127,.T.);
#9127 = EDGE_CURVE('',#2995,#9128,#9130,.T.);
#9128 = VERTEX_POINT('',#9129);
#9129 = CARTESIAN_POINT('',(103.83,15.795344814039,67.676493360996));
#9130 = LINE('',#9131,#9132);
#9131 = CARTESIAN_POINT('',(103.83,16.410197693072,67.500187135013));
#9132 = VECTOR('',#9133,1.);
#9133 = DIRECTION('',(0.,-0.961261695938,0.275637355817));
#9134 = ORIENTED_EDGE('',*,*,#9135,.T.);
#9135 = EDGE_CURVE('',#9128,#9119,#9136,.T.);
#9136 = LINE('',#9137,#9138);
#9137 = CARTESIAN_POINT('',(92.915,15.795344814039,67.676493360996));
#9138 = VECTOR('',#9139,1.);
#9139 = DIRECTION('',(1.,0.,0.));
#9140 = PLANE('',#9141);
#9141 = AXIS2_PLACEMENT_3D('',#9142,#9143,#9144);
#9142 = CARTESIAN_POINT('',(103.83,16.410197693072,67.500187135013));
#9143 = DIRECTION('',(0.,0.275637355817,0.961261695938));
#9144 = DIRECTION('',(0.,-0.961261695938,0.275637355817));
#9145 = ADVANCED_FACE('',(#9146),#9164,.T.);
#9146 = FACE_BOUND('',#9147,.T.);
#9147 = EDGE_LOOP('',(#9148,#9156,#9157,#9158));
#9148 = ORIENTED_EDGE('',*,*,#9149,.F.);
#9149 = EDGE_CURVE('',#3005,#9150,#9152,.T.);
#9150 = VERTEX_POINT('',#9151);
#9151 = CARTESIAN_POINT('',(103.83,11.385147120967,52.296306225983));
#9152 = LINE('',#9153,#9154);
#9153 = CARTESIAN_POINT('',(103.83,12.,52.12));
#9154 = VECTOR('',#9155,1.);
#9155 = DIRECTION('',(0.,-0.961261695938,0.275637355817));
#9156 = ORIENTED_EDGE('',*,*,#3004,.F.);
#9157 = ORIENTED_EDGE('',*,*,#9127,.T.);
#9158 = ORIENTED_EDGE('',*,*,#9159,.T.);
#9159 = EDGE_CURVE('',#9128,#9150,#9160,.T.);
#9160 = LINE('',#9161,#9162);
#9161 = CARTESIAN_POINT('',(103.83,11.009601630735,50.986623459031));
#9162 = VECTOR('',#9163,1.);
#9163 = DIRECTION('',(0.,-0.275637355817,-0.961261695938));
#9164 = PLANE('',#9165);
#9165 = AXIS2_PLACEMENT_3D('',#9166,#9167,#9168);
#9166 = CARTESIAN_POINT('',(103.83,12.,52.12));
#9167 = DIRECTION('',(1.,0.,0.));
#9168 = DIRECTION('',(0.,-0.961261695938,0.275637355817));
#9169 = ADVANCED_FACE('',(#9170),#9188,.F.);
#9170 = FACE_BOUND('',#9171,.F.);
#9171 = EDGE_LOOP('',(#9172,#9180,#9181,#9182));
#9172 = ORIENTED_EDGE('',*,*,#9173,.F.);
#9173 = EDGE_CURVE('',#3013,#9174,#9176,.T.);
#9174 = VERTEX_POINT('',#9175);
#9175 = CARTESIAN_POINT('',(119.83,11.385147120967,52.296306225983));
#9176 = LINE('',#9177,#9178);
#9177 = CARTESIAN_POINT('',(119.83,12.,52.12));
#9178 = VECTOR('',#9179,1.);
#9179 = DIRECTION('',(0.,-0.961261695938,0.275637355817));
#9180 = ORIENTED_EDGE('',*,*,#3020,.F.);
#9181 = ORIENTED_EDGE('',*,*,#9118,.T.);
#9182 = ORIENTED_EDGE('',*,*,#9183,.T.);
#9183 = EDGE_CURVE('',#9119,#9174,#9184,.T.);
#9184 = LINE('',#9185,#9186);
#9185 = CARTESIAN_POINT('',(119.83,11.009601630735,50.986623459031));
#9186 = VECTOR('',#9187,1.);
#9187 = DIRECTION('',(0.,-0.275637355817,-0.961261695938));
#9188 = PLANE('',#9189);
#9189 = AXIS2_PLACEMENT_3D('',#9190,#9191,#9192);
#9190 = CARTESIAN_POINT('',(119.83,12.,52.12));
#9191 = DIRECTION('',(1.,0.,0.));
#9192 = DIRECTION('',(0.,-0.961261695938,0.275637355817));
#9193 = ADVANCED_FACE('',(#9194),#9205,.T.);
#9194 = FACE_BOUND('',#9195,.T.);
#9195 = EDGE_LOOP('',(#9196,#9197,#9198,#9199));
#9196 = ORIENTED_EDGE('',*,*,#9173,.F.);
#9197 = ORIENTED_EDGE('',*,*,#3012,.F.);
#9198 = ORIENTED_EDGE('',*,*,#9149,.T.);
#9199 = ORIENTED_EDGE('',*,*,#9200,.T.);
#9200 = EDGE_CURVE('',#9150,#9174,#9201,.T.);
#9201 = LINE('',#9202,#9203);
#9202 = CARTESIAN_POINT('',(92.915,11.385147120967,52.296306225983));
#9203 = VECTOR('',#9204,1.);
#9204 = DIRECTION('',(1.,0.,0.));
#9205 = PLANE('',#9206);
#9206 = AXIS2_PLACEMENT_3D('',#9207,#9208,#9209);
#9207 = CARTESIAN_POINT('',(103.83,12.,52.12));
#9208 = DIRECTION('',(0.,0.275637355817,0.961261695938));
#9209 = DIRECTION('',(0.,-0.961261695938,0.275637355817));
#9210 = ADVANCED_FACE('',(#9211),#9236,.F.);
#9211 = FACE_BOUND('',#9212,.F.);
#9212 = EDGE_LOOP('',(#9213,#9221,#9222,#9230));
#9213 = ORIENTED_EDGE('',*,*,#9214,.F.);
#9214 = EDGE_CURVE('',#3031,#9215,#9217,.T.);
#9215 = VERTEX_POINT('',#9216);
#9216 = CARTESIAN_POINT('',(100.25,21.129969694228,86.280541220642));
#9217 = LINE('',#9218,#9219);
#9218 = CARTESIAN_POINT('',(100.25,21.410197693072,86.200187135013));
#9219 = VECTOR('',#9220,1.);
#9220 = DIRECTION('',(0.,-0.961261695938,0.275637355817));
#9221 = ORIENTED_EDGE('',*,*,#3028,.F.);
#9222 = ORIENTED_EDGE('',*,*,#9223,.T.);
#9223 = EDGE_CURVE('',#3029,#9224,#9226,.T.);
#9224 = VERTEX_POINT('',#9225);
#9225 = CARTESIAN_POINT('',(84.25,21.129969694228,86.280541220642));
#9226 = LINE('',#9227,#9228);
#9227 = CARTESIAN_POINT('',(84.25,21.410197693072,86.200187135013));
#9228 = VECTOR('',#9229,1.);
#9229 = DIRECTION('',(0.,-0.961261695938,0.275637355817));
#9230 = ORIENTED_EDGE('',*,*,#9231,.T.);
#9231 = EDGE_CURVE('',#9224,#9215,#9232,.T.);
#9232 = LINE('',#9233,#9234);
#9233 = CARTESIAN_POINT('',(83.125,21.129969694228,86.280541220642));
#9234 = VECTOR('',#9235,1.);
#9235 = DIRECTION('',(1.,0.,0.));
#9236 = PLANE('',#9237);
#9237 = AXIS2_PLACEMENT_3D('',#9238,#9239,#9240);
#9238 = CARTESIAN_POINT('',(84.25,21.410197693072,86.200187135013));
#9239 = DIRECTION('',(0.,0.275637355817,0.961261695938));
#9240 = DIRECTION('',(0.,-0.961261695938,0.275637355817));
#9241 = ADVANCED_FACE('',(#9242),#9260,.T.);
#9242 = FACE_BOUND('',#9243,.T.);
#9243 = EDGE_LOOP('',(#9244,#9252,#9253,#9254));
#9244 = ORIENTED_EDGE('',*,*,#9245,.F.);
#9245 = EDGE_CURVE('',#3039,#9246,#9248,.T.);
#9246 = VERTEX_POINT('',#9247);
#9247 = CARTESIAN_POINT('',(84.25,16.719772001156,70.900354085629));
#9248 = LINE('',#9249,#9250);
#9249 = CARTESIAN_POINT('',(84.25,17.,70.82));
#9250 = VECTOR('',#9251,1.);
#9251 = DIRECTION('',(0.,-0.961261695938,0.275637355817));
#9252 = ORIENTED_EDGE('',*,*,#3038,.F.);
#9253 = ORIENTED_EDGE('',*,*,#9223,.T.);
#9254 = ORIENTED_EDGE('',*,*,#9255,.T.);
#9255 = EDGE_CURVE('',#9224,#9246,#9256,.T.);
#9256 = LINE('',#9257,#9258);
#9257 = CARTESIAN_POINT('',(84.25,13.67691407083,60.288647388854));
#9258 = VECTOR('',#9259,1.);
#9259 = DIRECTION('',(0.,-0.275637355817,-0.961261695938));
#9260 = PLANE('',#9261);
#9261 = AXIS2_PLACEMENT_3D('',#9262,#9263,#9264);
#9262 = CARTESIAN_POINT('',(84.25,17.,70.82));
#9263 = DIRECTION('',(1.,0.,0.));
#9264 = DIRECTION('',(0.,-0.961261695938,0.275637355817));
#9265 = ADVANCED_FACE('',(#9266),#9284,.F.);
#9266 = FACE_BOUND('',#9267,.F.);
#9267 = EDGE_LOOP('',(#9268,#9276,#9277,#9278));
#9268 = ORIENTED_EDGE('',*,*,#9269,.F.);
#9269 = EDGE_CURVE('',#3047,#9270,#9272,.T.);
#9270 = VERTEX_POINT('',#9271);
#9271 = CARTESIAN_POINT('',(100.25,16.719772001156,70.900354085629));
#9272 = LINE('',#9273,#9274);
#9273 = CARTESIAN_POINT('',(100.25,17.,70.82));
#9274 = VECTOR('',#9275,1.);
#9275 = DIRECTION('',(0.,-0.961261695938,0.275637355817));
#9276 = ORIENTED_EDGE('',*,*,#3054,.F.);
#9277 = ORIENTED_EDGE('',*,*,#9214,.T.);
#9278 = ORIENTED_EDGE('',*,*,#9279,.T.);
#9279 = EDGE_CURVE('',#9215,#9270,#9280,.T.);
#9280 = LINE('',#9281,#9282);
#9281 = CARTESIAN_POINT('',(100.25,13.67691407083,60.288647388854));
#9282 = VECTOR('',#9283,1.);
#9283 = DIRECTION('',(0.,-0.275637355817,-0.961261695938));
#9284 = PLANE('',#9285);
#9285 = AXIS2_PLACEMENT_3D('',#9286,#9287,#9288);
#9286 = CARTESIAN_POINT('',(100.25,17.,70.82));
#9287 = DIRECTION('',(1.,0.,0.));
#9288 = DIRECTION('',(0.,-0.961261695938,0.275637355817));
#9289 = ADVANCED_FACE('',(#9290),#9301,.T.);
#9290 = FACE_BOUND('',#9291,.T.);
#9291 = EDGE_LOOP('',(#9292,#9293,#9294,#9295));
#9292 = ORIENTED_EDGE('',*,*,#9269,.F.);
#9293 = ORIENTED_EDGE('',*,*,#3046,.F.);
#9294 = ORIENTED_EDGE('',*,*,#9245,.T.);
#9295 = ORIENTED_EDGE('',*,*,#9296,.T.);
#9296 = EDGE_CURVE('',#9246,#9270,#9297,.T.);
#9297 = LINE('',#9298,#9299);
#9298 = CARTESIAN_POINT('',(83.125,16.719772001156,70.900354085629));
#9299 = VECTOR('',#9300,1.);
#9300 = DIRECTION('',(1.,0.,0.));
#9301 = PLANE('',#9302);
#9302 = AXIS2_PLACEMENT_3D('',#9303,#9304,#9305);
#9303 = CARTESIAN_POINT('',(84.25,17.,70.82));
#9304 = DIRECTION('',(0.,0.275637355817,0.961261695938));
#9305 = DIRECTION('',(0.,-0.961261695938,0.275637355817));
#9306 = ADVANCED_FACE('',(#9307),#9332,.F.);
#9307 = FACE_BOUND('',#9308,.F.);
#9308 = EDGE_LOOP('',(#9309,#9317,#9318,#9326));
#9309 = ORIENTED_EDGE('',*,*,#9310,.F.);
#9310 = EDGE_CURVE('',#3065,#9311,#9313,.T.);
#9311 = VERTEX_POINT('',#9312);
#9312 = CARTESIAN_POINT('',(119.83,21.129969694228,86.280541220642));
#9313 = LINE('',#9314,#9315);
#9314 = CARTESIAN_POINT('',(119.83,21.410197693072,86.200187135013));
#9315 = VECTOR('',#9316,1.);
#9316 = DIRECTION('',(0.,-0.961261695938,0.275637355817));
#9317 = ORIENTED_EDGE('',*,*,#3062,.F.);
#9318 = ORIENTED_EDGE('',*,*,#9319,.T.);
#9319 = EDGE_CURVE('',#3063,#9320,#9322,.T.);
#9320 = VERTEX_POINT('',#9321);
#9321 = CARTESIAN_POINT('',(103.83,21.129969694228,86.280541220642));
#9322 = LINE('',#9323,#9324);
#9323 = CARTESIAN_POINT('',(103.83,21.410197693072,86.200187135013));
#9324 = VECTOR('',#9325,1.);
#9325 = DIRECTION('',(0.,-0.961261695938,0.275637355817));
#9326 = ORIENTED_EDGE('',*,*,#9327,.T.);
#9327 = EDGE_CURVE('',#9320,#9311,#9328,.T.);
#9328 = LINE('',#9329,#9330);
#9329 = CARTESIAN_POINT('',(92.915,21.129969694228,86.280541220642));
#9330 = VECTOR('',#9331,1.);
#9331 = DIRECTION('',(1.,0.,0.));
#9332 = PLANE('',#9333);
#9333 = AXIS2_PLACEMENT_3D('',#9334,#9335,#9336);
#9334 = CARTESIAN_POINT('',(103.83,21.410197693072,86.200187135013));
#9335 = DIRECTION('',(0.,0.275637355817,0.961261695938));
#9336 = DIRECTION('',(0.,-0.961261695938,0.275637355817));
#9337 = ADVANCED_FACE('',(#9338),#9356,.T.);
#9338 = FACE_BOUND('',#9339,.T.);
#9339 = EDGE_LOOP('',(#9340,#9348,#9349,#9350));
#9340 = ORIENTED_EDGE('',*,*,#9341,.F.);
#9341 = EDGE_CURVE('',#3073,#9342,#9344,.T.);
#9342 = VERTEX_POINT('',#9343);
#9343 = CARTESIAN_POINT('',(103.83,16.719772001156,70.900354085629));
#9344 = LINE('',#9345,#9346);
#9345 = CARTESIAN_POINT('',(103.83,17.,70.82));
#9346 = VECTOR('',#9347,1.);
#9347 = DIRECTION('',(0.,-0.961261695938,0.275637355817));
#9348 = ORIENTED_EDGE('',*,*,#3072,.F.);
#9349 = ORIENTED_EDGE('',*,*,#9319,.T.);
#9350 = ORIENTED_EDGE('',*,*,#9351,.T.);
#9351 = EDGE_CURVE('',#9320,#9342,#9352,.T.);
#9352 = LINE('',#9353,#9354);
#9353 = CARTESIAN_POINT('',(103.83,13.67691407083,60.288647388854));
#9354 = VECTOR('',#9355,1.);
#9355 = DIRECTION('',(0.,-0.275637355817,-0.961261695938));
#9356 = PLANE('',#9357);
#9357 = AXIS2_PLACEMENT_3D('',#9358,#9359,#9360);
#9358 = CARTESIAN_POINT('',(103.83,17.,70.82));
#9359 = DIRECTION('',(1.,0.,0.));
#9360 = DIRECTION('',(0.,-0.961261695938,0.275637355817));
#9361 = ADVANCED_FACE('',(#9362),#9380,.F.);
#9362 = FACE_BOUND('',#9363,.F.);
#9363 = EDGE_LOOP('',(#9364,#9372,#9373,#9374));
#9364 = ORIENTED_EDGE('',*,*,#9365,.F.);
#9365 = EDGE_CURVE('',#3081,#9366,#9368,.T.);
#9366 = VERTEX_POINT('',#9367);
#9367 = CARTESIAN_POINT('',(119.83,16.719772001156,70.900354085629));
#9368 = LINE('',#9369,#9370);
#9369 = CARTESIAN_POINT('',(119.83,17.,70.82));
#9370 = VECTOR('',#9371,1.);
#9371 = DIRECTION('',(0.,-0.961261695938,0.275637355817));
#9372 = ORIENTED_EDGE('',*,*,#3088,.F.);
#9373 = ORIENTED_EDGE('',*,*,#9310,.T.);
#9374 = ORIENTED_EDGE('',*,*,#9375,.T.);
#9375 = EDGE_CURVE('',#9311,#9366,#9376,.T.);
#9376 = LINE('',#9377,#9378);
#9377 = CARTESIAN_POINT('',(119.83,13.67691407083,60.288647388854));
#9378 = VECTOR('',#9379,1.);
#9379 = DIRECTION('',(0.,-0.275637355817,-0.961261695938));
#9380 = PLANE('',#9381);
#9381 = AXIS2_PLACEMENT_3D('',#9382,#9383,#9384);
#9382 = CARTESIAN_POINT('',(119.83,17.,70.82));
#9383 = DIRECTION('',(1.,0.,0.));
#9384 = DIRECTION('',(0.,-0.961261695938,0.275637355817));
#9385 = ADVANCED_FACE('',(#9386),#9397,.T.);
#9386 = FACE_BOUND('',#9387,.T.);
#9387 = EDGE_LOOP('',(#9388,#9389,#9390,#9391));
#9388 = ORIENTED_EDGE('',*,*,#9365,.F.);
#9389 = ORIENTED_EDGE('',*,*,#3080,.F.);
#9390 = ORIENTED_EDGE('',*,*,#9341,.T.);
#9391 = ORIENTED_EDGE('',*,*,#9392,.T.);
#9392 = EDGE_CURVE('',#9342,#9366,#9393,.T.);
#9393 = LINE('',#9394,#9395);
#9394 = CARTESIAN_POINT('',(92.915,16.719772001156,70.900354085629));
#9395 = VECTOR('',#9396,1.);
#9396 = DIRECTION('',(1.,0.,0.));
#9397 = PLANE('',#9398);
#9398 = AXIS2_PLACEMENT_3D('',#9399,#9400,#9401);
#9399 = CARTESIAN_POINT('',(103.83,17.,70.82));
#9400 = DIRECTION('',(0.,0.275637355817,0.961261695938));
#9401 = DIRECTION('',(0.,-0.961261695938,0.275637355817));
#9402 = ADVANCED_FACE('',(#9403),#9428,.F.);
#9403 = FACE_BOUND('',#9404,.F.);
#9404 = EDGE_LOOP('',(#9405,#9413,#9414,#9422));
#9405 = ORIENTED_EDGE('',*,*,#9406,.F.);
#9406 = EDGE_CURVE('',#3099,#9407,#9409,.T.);
#9407 = VERTEX_POINT('',#9408);
#9408 = CARTESIAN_POINT('',(139.38,15.795344814039,67.676493360996));
#9409 = LINE('',#9410,#9411);
#9410 = CARTESIAN_POINT('',(139.38,16.410197693072,67.500187135013));
#9411 = VECTOR('',#9412,1.);
#9412 = DIRECTION('',(0.,-0.961261695938,0.275637355817));
#9413 = ORIENTED_EDGE('',*,*,#3096,.F.);
#9414 = ORIENTED_EDGE('',*,*,#9415,.T.);
#9415 = EDGE_CURVE('',#3097,#9416,#9418,.T.);
#9416 = VERTEX_POINT('',#9417);
#9417 = CARTESIAN_POINT('',(123.38,15.795344814039,67.676493360996));
#9418 = LINE('',#9419,#9420);
#9419 = CARTESIAN_POINT('',(123.38,16.410197693072,67.500187135013));
#9420 = VECTOR('',#9421,1.);
#9421 = DIRECTION('',(0.,-0.961261695938,0.275637355817));
#9422 = ORIENTED_EDGE('',*,*,#9423,.T.);
#9423 = EDGE_CURVE('',#9416,#9407,#9424,.T.);
#9424 = LINE('',#9425,#9426);
#9425 = CARTESIAN_POINT('',(102.69,15.795344814039,67.676493360996));
#9426 = VECTOR('',#9427,1.);
#9427 = DIRECTION('',(1.,0.,0.));
#9428 = PLANE('',#9429);
#9429 = AXIS2_PLACEMENT_3D('',#9430,#9431,#9432);
#9430 = CARTESIAN_POINT('',(123.38,16.410197693072,67.500187135013));
#9431 = DIRECTION('',(0.,0.275637355817,0.961261695938));
#9432 = DIRECTION('',(0.,-0.961261695938,0.275637355817));
#9433 = ADVANCED_FACE('',(#9434),#9452,.T.);
#9434 = FACE_BOUND('',#9435,.T.);
#9435 = EDGE_LOOP('',(#9436,#9444,#9445,#9446));
#9436 = ORIENTED_EDGE('',*,*,#9437,.F.);
#9437 = EDGE_CURVE('',#3107,#9438,#9440,.T.);
#9438 = VERTEX_POINT('',#9439);
#9439 = CARTESIAN_POINT('',(123.38,11.385147120967,52.296306225983));
#9440 = LINE('',#9441,#9442);
#9441 = CARTESIAN_POINT('',(123.38,12.,52.12));
#9442 = VECTOR('',#9443,1.);
#9443 = DIRECTION('',(0.,-0.961261695938,0.275637355817));
#9444 = ORIENTED_EDGE('',*,*,#3106,.F.);
#9445 = ORIENTED_EDGE('',*,*,#9415,.T.);
#9446 = ORIENTED_EDGE('',*,*,#9447,.T.);
#9447 = EDGE_CURVE('',#9416,#9438,#9448,.T.);
#9448 = LINE('',#9449,#9450);
#9449 = CARTESIAN_POINT('',(123.38,11.009601630735,50.986623459031));
#9450 = VECTOR('',#9451,1.);
#9451 = DIRECTION('',(0.,-0.275637355817,-0.961261695938));
#9452 = PLANE('',#9453);
#9453 = AXIS2_PLACEMENT_3D('',#9454,#9455,#9456);
#9454 = CARTESIAN_POINT('',(123.38,12.,52.12));
#9455 = DIRECTION('',(1.,0.,0.));
#9456 = DIRECTION('',(0.,-0.961261695938,0.275637355817));
#9457 = ADVANCED_FACE('',(#9458),#9476,.F.);
#9458 = FACE_BOUND('',#9459,.F.);
#9459 = EDGE_LOOP('',(#9460,#9468,#9469,#9470));
#9460 = ORIENTED_EDGE('',*,*,#9461,.F.);
#9461 = EDGE_CURVE('',#3115,#9462,#9464,.T.);
#9462 = VERTEX_POINT('',#9463);
#9463 = CARTESIAN_POINT('',(139.38,11.385147120967,52.296306225983));
#9464 = LINE('',#9465,#9466);
#9465 = CARTESIAN_POINT('',(139.38,12.,52.12));
#9466 = VECTOR('',#9467,1.);
#9467 = DIRECTION('',(0.,-0.961261695938,0.275637355817));
#9468 = ORIENTED_EDGE('',*,*,#3122,.F.);
#9469 = ORIENTED_EDGE('',*,*,#9406,.T.);
#9470 = ORIENTED_EDGE('',*,*,#9471,.T.);
#9471 = EDGE_CURVE('',#9407,#9462,#9472,.T.);
#9472 = LINE('',#9473,#9474);
#9473 = CARTESIAN_POINT('',(139.38,11.009601630735,50.986623459031));
#9474 = VECTOR('',#9475,1.);
#9475 = DIRECTION('',(0.,-0.275637355817,-0.961261695938));
#9476 = PLANE('',#9477);
#9477 = AXIS2_PLACEMENT_3D('',#9478,#9479,#9480);
#9478 = CARTESIAN_POINT('',(139.38,12.,52.12));
#9479 = DIRECTION('',(1.,0.,0.));
#9480 = DIRECTION('',(0.,-0.961261695938,0.275637355817));
#9481 = ADVANCED_FACE('',(#9482),#9493,.T.);
#9482 = FACE_BOUND('',#9483,.T.);
#9483 = EDGE_LOOP('',(#9484,#9485,#9486,#9487));
#9484 = ORIENTED_EDGE('',*,*,#9461,.F.);
#9485 = ORIENTED_EDGE('',*,*,#3114,.F.);
#9486 = ORIENTED_EDGE('',*,*,#9437,.T.);
#9487 = ORIENTED_EDGE('',*,*,#9488,.T.);
#9488 = EDGE_CURVE('',#9438,#9462,#9489,.T.);
#9489 = LINE('',#9490,#9491);
#9490 = CARTESIAN_POINT('',(102.69,11.385147120967,52.296306225983));
#9491 = VECTOR('',#9492,1.);
#9492 = DIRECTION('',(1.,0.,0.));
#9493 = PLANE('',#9494);
#9494 = AXIS2_PLACEMENT_3D('',#9495,#9496,#9497);
#9495 = CARTESIAN_POINT('',(123.38,12.,52.12));
#9496 = DIRECTION('',(0.,0.275637355817,0.961261695938));
#9497 = DIRECTION('',(0.,-0.961261695938,0.275637355817));
#9498 = ADVANCED_FACE('',(#9499),#9524,.F.);
#9499 = FACE_BOUND('',#9500,.F.);
#9500 = EDGE_LOOP('',(#9501,#9509,#9510,#9518));
#9501 = ORIENTED_EDGE('',*,*,#9502,.F.);
#9502 = EDGE_CURVE('',#3133,#9503,#9505,.T.);
#9503 = VERTEX_POINT('',#9504);
#9504 = CARTESIAN_POINT('',(158.9,15.795344814039,67.676493360996));
#9505 = LINE('',#9506,#9507);
#9506 = CARTESIAN_POINT('',(158.9,16.410197693072,67.500187135013));
#9507 = VECTOR('',#9508,1.);
#9508 = DIRECTION('',(0.,-0.961261695938,0.275637355817));
#9509 = ORIENTED_EDGE('',*,*,#3130,.F.);
#9510 = ORIENTED_EDGE('',*,*,#9511,.T.);
#9511 = EDGE_CURVE('',#3131,#9512,#9514,.T.);
#9512 = VERTEX_POINT('',#9513);
#9513 = CARTESIAN_POINT('',(142.9,15.795344814039,67.676493360996));
#9514 = LINE('',#9515,#9516);
#9515 = CARTESIAN_POINT('',(142.9,16.410197693072,67.500187135013));
#9516 = VECTOR('',#9517,1.);
#9517 = DIRECTION('',(0.,-0.961261695938,0.275637355817));
#9518 = ORIENTED_EDGE('',*,*,#9519,.T.);
#9519 = EDGE_CURVE('',#9512,#9503,#9520,.T.);
#9520 = LINE('',#9521,#9522);
#9521 = CARTESIAN_POINT('',(112.45,15.795344814039,67.676493360996));
#9522 = VECTOR('',#9523,1.);
#9523 = DIRECTION('',(1.,0.,0.));
#9524 = PLANE('',#9525);
#9525 = AXIS2_PLACEMENT_3D('',#9526,#9527,#9528);
#9526 = CARTESIAN_POINT('',(142.9,16.410197693072,67.500187135013));
#9527 = DIRECTION('',(0.,0.275637355817,0.961261695938));
#9528 = DIRECTION('',(0.,-0.961261695938,0.275637355817));
#9529 = ADVANCED_FACE('',(#9530),#9548,.T.);
#9530 = FACE_BOUND('',#9531,.T.);
#9531 = EDGE_LOOP('',(#9532,#9540,#9541,#9542));
#9532 = ORIENTED_EDGE('',*,*,#9533,.F.);
#9533 = EDGE_CURVE('',#3141,#9534,#9536,.T.);
#9534 = VERTEX_POINT('',#9535);
#9535 = CARTESIAN_POINT('',(142.9,11.385147120967,52.296306225983));
#9536 = LINE('',#9537,#9538);
#9537 = CARTESIAN_POINT('',(142.9,12.,52.12));
#9538 = VECTOR('',#9539,1.);
#9539 = DIRECTION('',(0.,-0.961261695938,0.275637355817));
#9540 = ORIENTED_EDGE('',*,*,#3140,.F.);
#9541 = ORIENTED_EDGE('',*,*,#9511,.T.);
#9542 = ORIENTED_EDGE('',*,*,#9543,.T.);
#9543 = EDGE_CURVE('',#9512,#9534,#9544,.T.);
#9544 = LINE('',#9545,#9546);
#9545 = CARTESIAN_POINT('',(142.9,11.009601630735,50.986623459031));
#9546 = VECTOR('',#9547,1.);
#9547 = DIRECTION('',(0.,-0.275637355817,-0.961261695938));
#9548 = PLANE('',#9549);
#9549 = AXIS2_PLACEMENT_3D('',#9550,#9551,#9552);
#9550 = CARTESIAN_POINT('',(142.9,12.,52.12));
#9551 = DIRECTION('',(1.,0.,0.));
#9552 = DIRECTION('',(0.,-0.961261695938,0.275637355817));
#9553 = ADVANCED_FACE('',(#9554),#9572,.F.);
#9554 = FACE_BOUND('',#9555,.F.);
#9555 = EDGE_LOOP('',(#9556,#9564,#9565,#9566));
#9556 = ORIENTED_EDGE('',*,*,#9557,.F.);
#9557 = EDGE_CURVE('',#3149,#9558,#9560,.T.);
#9558 = VERTEX_POINT('',#9559);
#9559 = CARTESIAN_POINT('',(158.9,11.385147120967,52.296306225983));
#9560 = LINE('',#9561,#9562);
#9561 = CARTESIAN_POINT('',(158.9,12.,52.12));
#9562 = VECTOR('',#9563,1.);
#9563 = DIRECTION('',(0.,-0.961261695938,0.275637355817));
#9564 = ORIENTED_EDGE('',*,*,#3156,.F.);
#9565 = ORIENTED_EDGE('',*,*,#9502,.T.);
#9566 = ORIENTED_EDGE('',*,*,#9567,.T.);
#9567 = EDGE_CURVE('',#9503,#9558,#9568,.T.);
#9568 = LINE('',#9569,#9570);
#9569 = CARTESIAN_POINT('',(158.9,11.009601630735,50.986623459031));
#9570 = VECTOR('',#9571,1.);
#9571 = DIRECTION('',(0.,-0.275637355817,-0.961261695938));
#9572 = PLANE('',#9573);
#9573 = AXIS2_PLACEMENT_3D('',#9574,#9575,#9576);
#9574 = CARTESIAN_POINT('',(158.9,12.,52.12));
#9575 = DIRECTION('',(1.,0.,0.));
#9576 = DIRECTION('',(0.,-0.961261695938,0.275637355817));
#9577 = ADVANCED_FACE('',(#9578),#9589,.T.);
#9578 = FACE_BOUND('',#9579,.T.);
#9579 = EDGE_LOOP('',(#9580,#9581,#9582,#9583));
#9580 = ORIENTED_EDGE('',*,*,#9557,.F.);
#9581 = ORIENTED_EDGE('',*,*,#3148,.F.);
#9582 = ORIENTED_EDGE('',*,*,#9533,.T.);
#9583 = ORIENTED_EDGE('',*,*,#9584,.T.);
#9584 = EDGE_CURVE('',#9534,#9558,#9585,.T.);
#9585 = LINE('',#9586,#9587);
#9586 = CARTESIAN_POINT('',(112.45,11.385147120967,52.296306225983));
#9587 = VECTOR('',#9588,1.);
#9588 = DIRECTION('',(1.,0.,0.));
#9589 = PLANE('',#9590);
#9590 = AXIS2_PLACEMENT_3D('',#9591,#9592,#9593);
#9591 = CARTESIAN_POINT('',(142.9,12.,52.12));
#9592 = DIRECTION('',(0.,0.275637355817,0.961261695938));
#9593 = DIRECTION('',(0.,-0.961261695938,0.275637355817));
#9594 = ADVANCED_FACE('',(#9595),#9620,.F.);
#9595 = FACE_BOUND('',#9596,.F.);
#9596 = EDGE_LOOP('',(#9597,#9605,#9606,#9614));
#9597 = ORIENTED_EDGE('',*,*,#9598,.F.);
#9598 = EDGE_CURVE('',#3167,#9599,#9601,.T.);
#9599 = VERTEX_POINT('',#9600);
#9600 = CARTESIAN_POINT('',(139.38,21.129969694228,86.280541220642));
#9601 = LINE('',#9602,#9603);
#9602 = CARTESIAN_POINT('',(139.38,21.410197693072,86.200187135013));
#9603 = VECTOR('',#9604,1.);
#9604 = DIRECTION('',(0.,-0.961261695938,0.275637355817));
#9605 = ORIENTED_EDGE('',*,*,#3164,.F.);
#9606 = ORIENTED_EDGE('',*,*,#9607,.T.);
#9607 = EDGE_CURVE('',#3165,#9608,#9610,.T.);
#9608 = VERTEX_POINT('',#9609);
#9609 = CARTESIAN_POINT('',(123.38,21.129969694228,86.280541220642));
#9610 = LINE('',#9611,#9612);
#9611 = CARTESIAN_POINT('',(123.38,21.410197693072,86.200187135013));
#9612 = VECTOR('',#9613,1.);
#9613 = DIRECTION('',(0.,-0.961261695938,0.275637355817));
#9614 = ORIENTED_EDGE('',*,*,#9615,.T.);
#9615 = EDGE_CURVE('',#9608,#9599,#9616,.T.);
#9616 = LINE('',#9617,#9618);
#9617 = CARTESIAN_POINT('',(102.69,21.129969694228,86.280541220642));
#9618 = VECTOR('',#9619,1.);
#9619 = DIRECTION('',(1.,0.,0.));
#9620 = PLANE('',#9621);
#9621 = AXIS2_PLACEMENT_3D('',#9622,#9623,#9624);
#9622 = CARTESIAN_POINT('',(123.38,21.410197693072,86.200187135013));
#9623 = DIRECTION('',(0.,0.275637355817,0.961261695938));
#9624 = DIRECTION('',(0.,-0.961261695938,0.275637355817));
#9625 = ADVANCED_FACE('',(#9626),#9644,.T.);
#9626 = FACE_BOUND('',#9627,.T.);
#9627 = EDGE_LOOP('',(#9628,#9636,#9637,#9638));
#9628 = ORIENTED_EDGE('',*,*,#9629,.F.);
#9629 = EDGE_CURVE('',#3175,#9630,#9632,.T.);
#9630 = VERTEX_POINT('',#9631);
#9631 = CARTESIAN_POINT('',(123.38,16.719772001156,70.900354085629));
#9632 = LINE('',#9633,#9634);
#9633 = CARTESIAN_POINT('',(123.38,17.,70.82));
#9634 = VECTOR('',#9635,1.);
#9635 = DIRECTION('',(0.,-0.961261695938,0.275637355817));
#9636 = ORIENTED_EDGE('',*,*,#3174,.F.);
#9637 = ORIENTED_EDGE('',*,*,#9607,.T.);
#9638 = ORIENTED_EDGE('',*,*,#9639,.T.);
#9639 = EDGE_CURVE('',#9608,#9630,#9640,.T.);
#9640 = LINE('',#9641,#9642);
#9641 = CARTESIAN_POINT('',(123.38,13.67691407083,60.288647388854));
#9642 = VECTOR('',#9643,1.);
#9643 = DIRECTION('',(0.,-0.275637355817,-0.961261695938));
#9644 = PLANE('',#9645);
#9645 = AXIS2_PLACEMENT_3D('',#9646,#9647,#9648);
#9646 = CARTESIAN_POINT('',(123.38,17.,70.82));
#9647 = DIRECTION('',(1.,0.,0.));
#9648 = DIRECTION('',(0.,-0.961261695938,0.275637355817));
#9649 = ADVANCED_FACE('',(#9650),#9668,.F.);
#9650 = FACE_BOUND('',#9651,.F.);
#9651 = EDGE_LOOP('',(#9652,#9660,#9661,#9662));
#9652 = ORIENTED_EDGE('',*,*,#9653,.F.);
#9653 = EDGE_CURVE('',#3183,#9654,#9656,.T.);
#9654 = VERTEX_POINT('',#9655);
#9655 = CARTESIAN_POINT('',(139.38,16.719772001156,70.900354085629));
#9656 = LINE('',#9657,#9658);
#9657 = CARTESIAN_POINT('',(139.38,17.,70.82));
#9658 = VECTOR('',#9659,1.);
#9659 = DIRECTION('',(0.,-0.961261695938,0.275637355817));
#9660 = ORIENTED_EDGE('',*,*,#3190,.F.);
#9661 = ORIENTED_EDGE('',*,*,#9598,.T.);
#9662 = ORIENTED_EDGE('',*,*,#9663,.T.);
#9663 = EDGE_CURVE('',#9599,#9654,#9664,.T.);
#9664 = LINE('',#9665,#9666);
#9665 = CARTESIAN_POINT('',(139.38,13.67691407083,60.288647388854));
#9666 = VECTOR('',#9667,1.);
#9667 = DIRECTION('',(0.,-0.275637355817,-0.961261695938));
#9668 = PLANE('',#9669);
#9669 = AXIS2_PLACEMENT_3D('',#9670,#9671,#9672);
#9670 = CARTESIAN_POINT('',(139.38,17.,70.82));
#9671 = DIRECTION('',(1.,0.,0.));
#9672 = DIRECTION('',(0.,-0.961261695938,0.275637355817));
#9673 = ADVANCED_FACE('',(#9674),#9685,.T.);
#9674 = FACE_BOUND('',#9675,.T.);
#9675 = EDGE_LOOP('',(#9676,#9677,#9678,#9679));
#9676 = ORIENTED_EDGE('',*,*,#9653,.F.);
#9677 = ORIENTED_EDGE('',*,*,#3182,.F.);
#9678 = ORIENTED_EDGE('',*,*,#9629,.T.);
#9679 = ORIENTED_EDGE('',*,*,#9680,.T.);
#9680 = EDGE_CURVE('',#9630,#9654,#9681,.T.);
#9681 = LINE('',#9682,#9683);
#9682 = CARTESIAN_POINT('',(102.69,16.719772001156,70.900354085629));
#9683 = VECTOR('',#9684,1.);
#9684 = DIRECTION('',(1.,0.,0.));
#9685 = PLANE('',#9686);
#9686 = AXIS2_PLACEMENT_3D('',#9687,#9688,#9689);
#9687 = CARTESIAN_POINT('',(123.38,17.,70.82));
#9688 = DIRECTION('',(0.,0.275637355817,0.961261695938));
#9689 = DIRECTION('',(0.,-0.961261695938,0.275637355817));
#9690 = ADVANCED_FACE('',(#9691),#9716,.F.);
#9691 = FACE_BOUND('',#9692,.F.);
#9692 = EDGE_LOOP('',(#9693,#9701,#9702,#9710));
#9693 = ORIENTED_EDGE('',*,*,#9694,.F.);
#9694 = EDGE_CURVE('',#3201,#9695,#9697,.T.);
#9695 = VERTEX_POINT('',#9696);
#9696 = CARTESIAN_POINT('',(158.9,21.129969694228,86.280541220642));
#9697 = LINE('',#9698,#9699);
#9698 = CARTESIAN_POINT('',(158.9,21.410197693072,86.200187135013));
#9699 = VECTOR('',#9700,1.);
#9700 = DIRECTION('',(0.,-0.961261695938,0.275637355817));
#9701 = ORIENTED_EDGE('',*,*,#3198,.F.);
#9702 = ORIENTED_EDGE('',*,*,#9703,.T.);
#9703 = EDGE_CURVE('',#3199,#9704,#9706,.T.);
#9704 = VERTEX_POINT('',#9705);
#9705 = CARTESIAN_POINT('',(142.9,21.129969694228,86.280541220642));
#9706 = LINE('',#9707,#9708);
#9707 = CARTESIAN_POINT('',(142.9,21.410197693072,86.200187135013));
#9708 = VECTOR('',#9709,1.);
#9709 = DIRECTION('',(0.,-0.961261695938,0.275637355817));
#9710 = ORIENTED_EDGE('',*,*,#9711,.T.);
#9711 = EDGE_CURVE('',#9704,#9695,#9712,.T.);
#9712 = LINE('',#9713,#9714);
#9713 = CARTESIAN_POINT('',(112.45,21.129969694228,86.280541220642));
#9714 = VECTOR('',#9715,1.);
#9715 = DIRECTION('',(1.,0.,0.));
#9716 = PLANE('',#9717);
#9717 = AXIS2_PLACEMENT_3D('',#9718,#9719,#9720);
#9718 = CARTESIAN_POINT('',(142.9,21.410197693072,86.200187135013));
#9719 = DIRECTION('',(0.,0.275637355817,0.961261695938));
#9720 = DIRECTION('',(0.,-0.961261695938,0.275637355817));
#9721 = ADVANCED_FACE('',(#9722),#9740,.T.);
#9722 = FACE_BOUND('',#9723,.T.);
#9723 = EDGE_LOOP('',(#9724,#9732,#9733,#9734));
#9724 = ORIENTED_EDGE('',*,*,#9725,.F.);
#9725 = EDGE_CURVE('',#3209,#9726,#9728,.T.);
#9726 = VERTEX_POINT('',#9727);
#9727 = CARTESIAN_POINT('',(142.9,16.719772001156,70.900354085629));
#9728 = LINE('',#9729,#9730);
#9729 = CARTESIAN_POINT('',(142.9,17.,70.82));
#9730 = VECTOR('',#9731,1.);
#9731 = DIRECTION('',(0.,-0.961261695938,0.275637355817));
#9732 = ORIENTED_EDGE('',*,*,#3208,.F.);
#9733 = ORIENTED_EDGE('',*,*,#9703,.T.);
#9734 = ORIENTED_EDGE('',*,*,#9735,.T.);
#9735 = EDGE_CURVE('',#9704,#9726,#9736,.T.);
#9736 = LINE('',#9737,#9738);
#9737 = CARTESIAN_POINT('',(142.9,13.67691407083,60.288647388854));
#9738 = VECTOR('',#9739,1.);
#9739 = DIRECTION('',(0.,-0.275637355817,-0.961261695938));
#9740 = PLANE('',#9741);
#9741 = AXIS2_PLACEMENT_3D('',#9742,#9743,#9744);
#9742 = CARTESIAN_POINT('',(142.9,17.,70.82));
#9743 = DIRECTION('',(1.,0.,0.));
#9744 = DIRECTION('',(0.,-0.961261695938,0.275637355817));
#9745 = ADVANCED_FACE('',(#9746),#9764,.F.);
#9746 = FACE_BOUND('',#9747,.F.);
#9747 = EDGE_LOOP('',(#9748,#9756,#9757,#9758));
#9748 = ORIENTED_EDGE('',*,*,#9749,.F.);
#9749 = EDGE_CURVE('',#3217,#9750,#9752,.T.);
#9750 = VERTEX_POINT('',#9751);
#9751 = CARTESIAN_POINT('',(158.9,16.719772001156,70.900354085629));
#9752 = LINE('',#9753,#9754);
#9753 = CARTESIAN_POINT('',(158.9,17.,70.82));
#9754 = VECTOR('',#9755,1.);
#9755 = DIRECTION('',(0.,-0.961261695938,0.275637355817));
#9756 = ORIENTED_EDGE('',*,*,#3224,.F.);
#9757 = ORIENTED_EDGE('',*,*,#9694,.T.);
#9758 = ORIENTED_EDGE('',*,*,#9759,.T.);
#9759 = EDGE_CURVE('',#9695,#9750,#9760,.T.);
#9760 = LINE('',#9761,#9762);
#9761 = CARTESIAN_POINT('',(158.9,13.67691407083,60.288647388854));
#9762 = VECTOR('',#9763,1.);
#9763 = DIRECTION('',(0.,-0.275637355817,-0.961261695938));
#9764 = PLANE('',#9765);
#9765 = AXIS2_PLACEMENT_3D('',#9766,#9767,#9768);
#9766 = CARTESIAN_POINT('',(158.9,17.,70.82));
#9767 = DIRECTION('',(1.,0.,0.));
#9768 = DIRECTION('',(0.,-0.961261695938,0.275637355817));
#9769 = ADVANCED_FACE('',(#9770),#9781,.T.);
#9770 = FACE_BOUND('',#9771,.T.);
#9771 = EDGE_LOOP('',(#9772,#9773,#9774,#9775));
#9772 = ORIENTED_EDGE('',*,*,#9749,.F.);
#9773 = ORIENTED_EDGE('',*,*,#3216,.F.);
#9774 = ORIENTED_EDGE('',*,*,#9725,.T.);
#9775 = ORIENTED_EDGE('',*,*,#9776,.T.);
#9776 = EDGE_CURVE('',#9726,#9750,#9777,.T.);
#9777 = LINE('',#9778,#9779);
#9778 = CARTESIAN_POINT('',(112.45,16.719772001156,70.900354085629));
#9779 = VECTOR('',#9780,1.);
#9780 = DIRECTION('',(1.,0.,0.));
#9781 = PLANE('',#9782);
#9782 = AXIS2_PLACEMENT_3D('',#9783,#9784,#9785);
#9783 = CARTESIAN_POINT('',(142.9,17.,70.82));
#9784 = DIRECTION('',(0.,0.275637355817,0.961261695938));
#9785 = DIRECTION('',(0.,-0.961261695938,0.275637355817));
#9786 = ADVANCED_FACE('',(#9787),#9812,.F.);
#9787 = FACE_BOUND('',#9788,.F.);
#9788 = EDGE_LOOP('',(#9789,#9797,#9798,#9806));
#9789 = ORIENTED_EDGE('',*,*,#9790,.F.);
#9790 = EDGE_CURVE('',#3235,#9791,#9793,.T.);
#9791 = VERTEX_POINT('',#9792);
#9792 = CARTESIAN_POINT('',(100.25,26.487578599916,104.96474390278));
#9793 = LINE('',#9794,#9795);
#9794 = CARTESIAN_POINT('',(100.25,27.410197693072,104.70018713501));
#9795 = VECTOR('',#9796,1.);
#9796 = DIRECTION('',(0.,-0.961261695938,0.275637355817));
#9797 = ORIENTED_EDGE('',*,*,#3232,.F.);
#9798 = ORIENTED_EDGE('',*,*,#9799,.T.);
#9799 = EDGE_CURVE('',#3233,#9800,#9802,.T.);
#9800 = VERTEX_POINT('',#9801);
#9801 = CARTESIAN_POINT('',(84.25,26.487578599916,104.96474390278));
#9802 = LINE('',#9803,#9804);
#9803 = CARTESIAN_POINT('',(84.25,27.410197693072,104.70018713501));
#9804 = VECTOR('',#9805,1.);
#9805 = DIRECTION('',(0.,-0.961261695938,0.275637355817));
#9806 = ORIENTED_EDGE('',*,*,#9807,.T.);
#9807 = EDGE_CURVE('',#9800,#9791,#9808,.T.);
#9808 = LINE('',#9809,#9810);
#9809 = CARTESIAN_POINT('',(83.125,26.487578599916,104.96474390278));
#9810 = VECTOR('',#9811,1.);
#9811 = DIRECTION('',(1.,0.,0.));
#9812 = PLANE('',#9813);
#9813 = AXIS2_PLACEMENT_3D('',#9814,#9815,#9816);
#9814 = CARTESIAN_POINT('',(84.25,27.410197693072,104.70018713501));
#9815 = DIRECTION('',(0.,0.275637355817,0.961261695938));
#9816 = DIRECTION('',(0.,-0.961261695938,0.275637355817));
#9817 = ADVANCED_FACE('',(#9818),#9836,.T.);
#9818 = FACE_BOUND('',#9819,.T.);
#9819 = EDGE_LOOP('',(#9820,#9828,#9829,#9830));
#9820 = ORIENTED_EDGE('',*,*,#9821,.F.);
#9821 = EDGE_CURVE('',#3243,#9822,#9824,.T.);
#9822 = VERTEX_POINT('',#9823);
#9823 = CARTESIAN_POINT('',(84.25,22.077380906844,89.584556767775));
#9824 = LINE('',#9825,#9826);
#9825 = CARTESIAN_POINT('',(84.25,23.,89.32));
#9826 = VECTOR('',#9827,1.);
#9827 = DIRECTION('',(0.,-0.961261695938,0.275637355817));
#9828 = ORIENTED_EDGE('',*,*,#3242,.F.);
#9829 = ORIENTED_EDGE('',*,*,#9799,.T.);
#9830 = ORIENTED_EDGE('',*,*,#9831,.T.);
#9831 = EDGE_CURVE('',#9800,#9822,#9832,.T.);
#9832 = LINE('',#9833,#9834);
#9833 = CARTESIAN_POINT('',(84.25,16.355718523674,69.630748729927));
#9834 = VECTOR('',#9835,1.);
#9835 = DIRECTION('',(0.,-0.275637355817,-0.961261695938));
#9836 = PLANE('',#9837);
#9837 = AXIS2_PLACEMENT_3D('',#9838,#9839,#9840);
#9838 = CARTESIAN_POINT('',(84.25,23.,89.32));
#9839 = DIRECTION('',(1.,0.,0.));
#9840 = DIRECTION('',(0.,-0.961261695938,0.275637355817));
#9841 = ADVANCED_FACE('',(#9842),#9860,.F.);
#9842 = FACE_BOUND('',#9843,.F.);
#9843 = EDGE_LOOP('',(#9844,#9852,#9853,#9854));
#9844 = ORIENTED_EDGE('',*,*,#9845,.F.);
#9845 = EDGE_CURVE('',#3251,#9846,#9848,.T.);
#9846 = VERTEX_POINT('',#9847);
#9847 = CARTESIAN_POINT('',(100.25,22.077380906844,89.584556767775));
#9848 = LINE('',#9849,#9850);
#9849 = CARTESIAN_POINT('',(100.25,23.,89.32));
#9850 = VECTOR('',#9851,1.);
#9851 = DIRECTION('',(0.,-0.961261695938,0.275637355817));
#9852 = ORIENTED_EDGE('',*,*,#3258,.F.);
#9853 = ORIENTED_EDGE('',*,*,#9790,.T.);
#9854 = ORIENTED_EDGE('',*,*,#9855,.T.);
#9855 = EDGE_CURVE('',#9791,#9846,#9856,.T.);
#9856 = LINE('',#9857,#9858);
#9857 = CARTESIAN_POINT('',(100.25,16.355718523674,69.630748729927));
#9858 = VECTOR('',#9859,1.);
#9859 = DIRECTION('',(0.,-0.275637355817,-0.961261695938));
#9860 = PLANE('',#9861);
#9861 = AXIS2_PLACEMENT_3D('',#9862,#9863,#9864);
#9862 = CARTESIAN_POINT('',(100.25,23.,89.32));
#9863 = DIRECTION('',(1.,0.,0.));
#9864 = DIRECTION('',(0.,-0.961261695938,0.275637355817));
#9865 = ADVANCED_FACE('',(#9866),#9877,.T.);
#9866 = FACE_BOUND('',#9867,.T.);
#9867 = EDGE_LOOP('',(#9868,#9869,#9870,#9871));
#9868 = ORIENTED_EDGE('',*,*,#9845,.F.);
#9869 = ORIENTED_EDGE('',*,*,#3250,.F.);
#9870 = ORIENTED_EDGE('',*,*,#9821,.T.);
#9871 = ORIENTED_EDGE('',*,*,#9872,.T.);
#9872 = EDGE_CURVE('',#9822,#9846,#9873,.T.);
#9873 = LINE('',#9874,#9875);
#9874 = CARTESIAN_POINT('',(83.125,22.077380906844,89.584556767775));
#9875 = VECTOR('',#9876,1.);
#9876 = DIRECTION('',(1.,0.,0.));
#9877 = PLANE('',#9878);
#9878 = AXIS2_PLACEMENT_3D('',#9879,#9880,#9881);
#9879 = CARTESIAN_POINT('',(84.25,23.,89.32));
#9880 = DIRECTION('',(0.,0.275637355817,0.961261695938));
#9881 = DIRECTION('',(0.,-0.961261695938,0.275637355817));
#9882 = ADVANCED_FACE('',(#9883),#9908,.F.);
#9883 = FACE_BOUND('',#9884,.F.);
#9884 = EDGE_LOOP('',(#9885,#9893,#9894,#9902));
#9885 = ORIENTED_EDGE('',*,*,#9886,.F.);
#9886 = EDGE_CURVE('',#3269,#9887,#9889,.T.);
#9887 = VERTEX_POINT('',#9888);
#9888 = CARTESIAN_POINT('',(119.83,26.487578599916,104.96474390278));
#9889 = LINE('',#9890,#9891);
#9890 = CARTESIAN_POINT('',(119.83,27.410197693072,104.70018713501));
#9891 = VECTOR('',#9892,1.);
#9892 = DIRECTION('',(0.,-0.961261695938,0.275637355817));
#9893 = ORIENTED_EDGE('',*,*,#3266,.F.);
#9894 = ORIENTED_EDGE('',*,*,#9895,.T.);
#9895 = EDGE_CURVE('',#3267,#9896,#9898,.T.);
#9896 = VERTEX_POINT('',#9897);
#9897 = CARTESIAN_POINT('',(103.83,26.487578599916,104.96474390278));
#9898 = LINE('',#9899,#9900);
#9899 = CARTESIAN_POINT('',(103.83,27.410197693072,104.70018713501));
#9900 = VECTOR('',#9901,1.);
#9901 = DIRECTION('',(0.,-0.961261695938,0.275637355817));
#9902 = ORIENTED_EDGE('',*,*,#9903,.T.);
#9903 = EDGE_CURVE('',#9896,#9887,#9904,.T.);
#9904 = LINE('',#9905,#9906);
#9905 = CARTESIAN_POINT('',(92.915,26.487578599916,104.96474390278));
#9906 = VECTOR('',#9907,1.);
#9907 = DIRECTION('',(1.,0.,0.));
#9908 = PLANE('',#9909);
#9909 = AXIS2_PLACEMENT_3D('',#9910,#9911,#9912);
#9910 = CARTESIAN_POINT('',(103.83,27.410197693072,104.70018713501));
#9911 = DIRECTION('',(0.,0.275637355817,0.961261695938));
#9912 = DIRECTION('',(0.,-0.961261695938,0.275637355817));
#9913 = ADVANCED_FACE('',(#9914),#9932,.T.);
#9914 = FACE_BOUND('',#9915,.T.);
#9915 = EDGE_LOOP('',(#9916,#9924,#9925,#9926));
#9916 = ORIENTED_EDGE('',*,*,#9917,.F.);
#9917 = EDGE_CURVE('',#3277,#9918,#9920,.T.);
#9918 = VERTEX_POINT('',#9919);
#9919 = CARTESIAN_POINT('',(103.83,22.077380906844,89.584556767775));
#9920 = LINE('',#9921,#9922);
#9921 = CARTESIAN_POINT('',(103.83,23.,89.32));
#9922 = VECTOR('',#9923,1.);
#9923 = DIRECTION('',(0.,-0.961261695938,0.275637355817));
#9924 = ORIENTED_EDGE('',*,*,#3276,.F.);
#9925 = ORIENTED_EDGE('',*,*,#9895,.T.);
#9926 = ORIENTED_EDGE('',*,*,#9927,.T.);
#9927 = EDGE_CURVE('',#9896,#9918,#9928,.T.);
#9928 = LINE('',#9929,#9930);
#9929 = CARTESIAN_POINT('',(103.83,16.355718523674,69.630748729927));
#9930 = VECTOR('',#9931,1.);
#9931 = DIRECTION('',(0.,-0.275637355817,-0.961261695938));
#9932 = PLANE('',#9933);
#9933 = AXIS2_PLACEMENT_3D('',#9934,#9935,#9936);
#9934 = CARTESIAN_POINT('',(103.83,23.,89.32));
#9935 = DIRECTION('',(1.,0.,0.));
#9936 = DIRECTION('',(0.,-0.961261695938,0.275637355817));
#9937 = ADVANCED_FACE('',(#9938),#9956,.F.);
#9938 = FACE_BOUND('',#9939,.F.);
#9939 = EDGE_LOOP('',(#9940,#9948,#9949,#9950));
#9940 = ORIENTED_EDGE('',*,*,#9941,.F.);
#9941 = EDGE_CURVE('',#3285,#9942,#9944,.T.);
#9942 = VERTEX_POINT('',#9943);
#9943 = CARTESIAN_POINT('',(119.83,22.077380906844,89.584556767775));
#9944 = LINE('',#9945,#9946);
#9945 = CARTESIAN_POINT('',(119.83,23.,89.32));
#9946 = VECTOR('',#9947,1.);
#9947 = DIRECTION('',(0.,-0.961261695938,0.275637355817));
#9948 = ORIENTED_EDGE('',*,*,#3292,.F.);
#9949 = ORIENTED_EDGE('',*,*,#9886,.T.);
#9950 = ORIENTED_EDGE('',*,*,#9951,.T.);
#9951 = EDGE_CURVE('',#9887,#9942,#9952,.T.);
#9952 = LINE('',#9953,#9954);
#9953 = CARTESIAN_POINT('',(119.83,16.355718523674,69.630748729927));
#9954 = VECTOR('',#9955,1.);
#9955 = DIRECTION('',(0.,-0.275637355817,-0.961261695938));
#9956 = PLANE('',#9957);
#9957 = AXIS2_PLACEMENT_3D('',#9958,#9959,#9960);
#9958 = CARTESIAN_POINT('',(119.83,23.,89.32));
#9959 = DIRECTION('',(1.,0.,0.));
#9960 = DIRECTION('',(0.,-0.961261695938,0.275637355817));
#9961 = ADVANCED_FACE('',(#9962),#9973,.T.);
#9962 = FACE_BOUND('',#9963,.T.);
#9963 = EDGE_LOOP('',(#9964,#9965,#9966,#9967));
#9964 = ORIENTED_EDGE('',*,*,#9941,.F.);
#9965 = ORIENTED_EDGE('',*,*,#3284,.F.);
#9966 = ORIENTED_EDGE('',*,*,#9917,.T.);
#9967 = ORIENTED_EDGE('',*,*,#9968,.T.);
#9968 = EDGE_CURVE('',#9918,#9942,#9969,.T.);
#9969 = LINE('',#9970,#9971);
#9970 = CARTESIAN_POINT('',(92.915,22.077380906844,89.584556767775));
#9971 = VECTOR('',#9972,1.);
#9972 = DIRECTION('',(1.,0.,0.));
#9973 = PLANE('',#9974);
#9974 = AXIS2_PLACEMENT_3D('',#9975,#9976,#9977);
#9975 = CARTESIAN_POINT('',(103.83,23.,89.32));
#9976 = DIRECTION('',(0.,0.275637355817,0.961261695938));
#9977 = DIRECTION('',(0.,-0.961261695938,0.275637355817));
#9978 = ADVANCED_FACE('',(#9979),#10004,.F.);
#9979 = FACE_BOUND('',#9980,.F.);
#9980 = EDGE_LOOP('',(#9981,#9989,#9990,#9998));
#9981 = ORIENTED_EDGE('',*,*,#9982,.F.);
#9982 = EDGE_CURVE('',#3303,#9983,#9985,.T.);
#9983 = VERTEX_POINT('',#9984);
#9984 = CARTESIAN_POINT('',(139.38,26.487578599916,104.96474390278));
#9985 = LINE('',#9986,#9987);
#9986 = CARTESIAN_POINT('',(139.38,27.410197693072,104.70018713501));
#9987 = VECTOR('',#9988,1.);
#9988 = DIRECTION('',(0.,-0.961261695938,0.275637355817));
#9989 = ORIENTED_EDGE('',*,*,#3300,.F.);
#9990 = ORIENTED_EDGE('',*,*,#9991,.T.);
#9991 = EDGE_CURVE('',#3301,#9992,#9994,.T.);
#9992 = VERTEX_POINT('',#9993);
#9993 = CARTESIAN_POINT('',(123.38,26.487578599916,104.96474390278));
#9994 = LINE('',#9995,#9996);
#9995 = CARTESIAN_POINT('',(123.38,27.410197693072,104.70018713501));
#9996 = VECTOR('',#9997,1.);
#9997 = DIRECTION('',(0.,-0.961261695938,0.275637355817));
#9998 = ORIENTED_EDGE('',*,*,#9999,.T.);
#9999 = EDGE_CURVE('',#9992,#9983,#10000,.T.);
#10000 = LINE('',#10001,#10002);
#10001 = CARTESIAN_POINT('',(102.69,26.487578599916,104.96474390278));
#10002 = VECTOR('',#10003,1.);
#10003 = DIRECTION('',(1.,0.,0.));
#10004 = PLANE('',#10005);
#10005 = AXIS2_PLACEMENT_3D('',#10006,#10007,#10008);
#10006 = CARTESIAN_POINT('',(123.38,27.410197693072,104.70018713501));
#10007 = DIRECTION('',(0.,0.275637355817,0.961261695938));
#10008 = DIRECTION('',(0.,-0.961261695938,0.275637355817));
#10009 = ADVANCED_FACE('',(#10010),#10028,.T.);
#10010 = FACE_BOUND('',#10011,.T.);
#10011 = EDGE_LOOP('',(#10012,#10020,#10021,#10022));
#10012 = ORIENTED_EDGE('',*,*,#10013,.F.);
#10013 = EDGE_CURVE('',#3311,#10014,#10016,.T.);
#10014 = VERTEX_POINT('',#10015);
#10015 = CARTESIAN_POINT('',(123.38,22.077380906844,89.584556767775));
#10016 = LINE('',#10017,#10018);
#10017 = CARTESIAN_POINT('',(123.38,23.,89.32));
#10018 = VECTOR('',#10019,1.);
#10019 = DIRECTION('',(0.,-0.961261695938,0.275637355817));
#10020 = ORIENTED_EDGE('',*,*,#3310,.F.);
#10021 = ORIENTED_EDGE('',*,*,#9991,.T.);
#10022 = ORIENTED_EDGE('',*,*,#10023,.T.);
#10023 = EDGE_CURVE('',#9992,#10014,#10024,.T.);
#10024 = LINE('',#10025,#10026);
#10025 = CARTESIAN_POINT('',(123.38,16.355718523674,69.630748729927));
#10026 = VECTOR('',#10027,1.);
#10027 = DIRECTION('',(0.,-0.275637355817,-0.961261695938));
#10028 = PLANE('',#10029);
#10029 = AXIS2_PLACEMENT_3D('',#10030,#10031,#10032);
#10030 = CARTESIAN_POINT('',(123.38,23.,89.32));
#10031 = DIRECTION('',(1.,0.,0.));
#10032 = DIRECTION('',(0.,-0.961261695938,0.275637355817));
#10033 = ADVANCED_FACE('',(#10034),#10052,.F.);
#10034 = FACE_BOUND('',#10035,.F.);
#10035 = EDGE_LOOP('',(#10036,#10044,#10045,#10046));
#10036 = ORIENTED_EDGE('',*,*,#10037,.F.);
#10037 = EDGE_CURVE('',#3319,#10038,#10040,.T.);
#10038 = VERTEX_POINT('',#10039);
#10039 = CARTESIAN_POINT('',(139.38,22.077380906844,89.584556767775));
#10040 = LINE('',#10041,#10042);
#10041 = CARTESIAN_POINT('',(139.38,23.,89.32));
#10042 = VECTOR('',#10043,1.);
#10043 = DIRECTION('',(0.,-0.961261695938,0.275637355817));
#10044 = ORIENTED_EDGE('',*,*,#3326,.F.);
#10045 = ORIENTED_EDGE('',*,*,#9982,.T.);
#10046 = ORIENTED_EDGE('',*,*,#10047,.T.);
#10047 = EDGE_CURVE('',#9983,#10038,#10048,.T.);
#10048 = LINE('',#10049,#10050);
#10049 = CARTESIAN_POINT('',(139.38,16.355718523674,69.630748729927));
#10050 = VECTOR('',#10051,1.);
#10051 = DIRECTION('',(0.,-0.275637355817,-0.961261695938));
#10052 = PLANE('',#10053);
#10053 = AXIS2_PLACEMENT_3D('',#10054,#10055,#10056);
#10054 = CARTESIAN_POINT('',(139.38,23.,89.32));
#10055 = DIRECTION('',(1.,0.,0.));
#10056 = DIRECTION('',(0.,-0.961261695938,0.275637355817));
#10057 = ADVANCED_FACE('',(#10058),#10069,.T.);
#10058 = FACE_BOUND('',#10059,.T.);
#10059 = EDGE_LOOP('',(#10060,#10061,#10062,#10063));
#10060 = ORIENTED_EDGE('',*,*,#10037,.F.);
#10061 = ORIENTED_EDGE('',*,*,#3318,.F.);
#10062 = ORIENTED_EDGE('',*,*,#10013,.T.);
#10063 = ORIENTED_EDGE('',*,*,#10064,.T.);
#10064 = EDGE_CURVE('',#10014,#10038,#10065,.T.);
#10065 = LINE('',#10066,#10067);
#10066 = CARTESIAN_POINT('',(102.69,22.077380906844,89.584556767775));
#10067 = VECTOR('',#10068,1.);
#10068 = DIRECTION('',(1.,0.,0.));
#10069 = PLANE('',#10070);
#10070 = AXIS2_PLACEMENT_3D('',#10071,#10072,#10073);
#10071 = CARTESIAN_POINT('',(123.38,23.,89.32));
#10072 = DIRECTION('',(0.,0.275637355817,0.961261695938));
#10073 = DIRECTION('',(0.,-0.961261695938,0.275637355817));
#10074 = ADVANCED_FACE('',(#10075),#10100,.F.);
#10075 = FACE_BOUND('',#10076,.F.);
#10076 = EDGE_LOOP('',(#10077,#10085,#10086,#10094));
#10077 = ORIENTED_EDGE('',*,*,#10078,.F.);
#10078 = EDGE_CURVE('',#3337,#10079,#10081,.T.);
#10079 = VERTEX_POINT('',#10080);
#10080 = CARTESIAN_POINT('',(158.9,26.487578599916,104.96474390278));
#10081 = LINE('',#10082,#10083);
#10082 = CARTESIAN_POINT('',(158.9,27.410197693072,104.70018713501));
#10083 = VECTOR('',#10084,1.);
#10084 = DIRECTION('',(0.,-0.961261695938,0.275637355817));
#10085 = ORIENTED_EDGE('',*,*,#3334,.F.);
#10086 = ORIENTED_EDGE('',*,*,#10087,.T.);
#10087 = EDGE_CURVE('',#3335,#10088,#10090,.T.);
#10088 = VERTEX_POINT('',#10089);
#10089 = CARTESIAN_POINT('',(142.9,26.487578599916,104.96474390278));
#10090 = LINE('',#10091,#10092);
#10091 = CARTESIAN_POINT('',(142.9,27.410197693072,104.70018713501));
#10092 = VECTOR('',#10093,1.);
#10093 = DIRECTION('',(0.,-0.961261695938,0.275637355817));
#10094 = ORIENTED_EDGE('',*,*,#10095,.T.);
#10095 = EDGE_CURVE('',#10088,#10079,#10096,.T.);
#10096 = LINE('',#10097,#10098);
#10097 = CARTESIAN_POINT('',(112.45,26.487578599916,104.96474390278));
#10098 = VECTOR('',#10099,1.);
#10099 = DIRECTION('',(1.,0.,0.));
#10100 = PLANE('',#10101);
#10101 = AXIS2_PLACEMENT_3D('',#10102,#10103,#10104);
#10102 = CARTESIAN_POINT('',(142.9,27.410197693072,104.70018713501));
#10103 = DIRECTION('',(0.,0.275637355817,0.961261695938));
#10104 = DIRECTION('',(0.,-0.961261695938,0.275637355817));
#10105 = ADVANCED_FACE('',(#10106),#10124,.T.);
#10106 = FACE_BOUND('',#10107,.T.);
#10107 = EDGE_LOOP('',(#10108,#10116,#10117,#10118));
#10108 = ORIENTED_EDGE('',*,*,#10109,.F.);
#10109 = EDGE_CURVE('',#3345,#10110,#10112,.T.);
#10110 = VERTEX_POINT('',#10111);
#10111 = CARTESIAN_POINT('',(142.9,22.077380906844,89.584556767775));
#10112 = LINE('',#10113,#10114);
#10113 = CARTESIAN_POINT('',(142.9,23.,89.32));
#10114 = VECTOR('',#10115,1.);
#10115 = DIRECTION('',(0.,-0.961261695938,0.275637355817));
#10116 = ORIENTED_EDGE('',*,*,#3344,.F.);
#10117 = ORIENTED_EDGE('',*,*,#10087,.T.);
#10118 = ORIENTED_EDGE('',*,*,#10119,.T.);
#10119 = EDGE_CURVE('',#10088,#10110,#10120,.T.);
#10120 = LINE('',#10121,#10122);
#10121 = CARTESIAN_POINT('',(142.9,16.355718523674,69.630748729927));
#10122 = VECTOR('',#10123,1.);
#10123 = DIRECTION('',(0.,-0.275637355817,-0.961261695938));
#10124 = PLANE('',#10125);
#10125 = AXIS2_PLACEMENT_3D('',#10126,#10127,#10128);
#10126 = CARTESIAN_POINT('',(142.9,23.,89.32));
#10127 = DIRECTION('',(1.,0.,0.));
#10128 = DIRECTION('',(0.,-0.961261695938,0.275637355817));
#10129 = ADVANCED_FACE('',(#10130),#10148,.F.);
#10130 = FACE_BOUND('',#10131,.F.);
#10131 = EDGE_LOOP('',(#10132,#10140,#10141,#10142));
#10132 = ORIENTED_EDGE('',*,*,#10133,.F.);
#10133 = EDGE_CURVE('',#3353,#10134,#10136,.T.);
#10134 = VERTEX_POINT('',#10135);
#10135 = CARTESIAN_POINT('',(158.9,22.077380906844,89.584556767775));
#10136 = LINE('',#10137,#10138);
#10137 = CARTESIAN_POINT('',(158.9,23.,89.32));
#10138 = VECTOR('',#10139,1.);
#10139 = DIRECTION('',(0.,-0.961261695938,0.275637355817));
#10140 = ORIENTED_EDGE('',*,*,#3360,.F.);
#10141 = ORIENTED_EDGE('',*,*,#10078,.T.);
#10142 = ORIENTED_EDGE('',*,*,#10143,.T.);
#10143 = EDGE_CURVE('',#10079,#10134,#10144,.T.);
#10144 = LINE('',#10145,#10146);
#10145 = CARTESIAN_POINT('',(158.9,16.355718523674,69.630748729927));
#10146 = VECTOR('',#10147,1.);
#10147 = DIRECTION('',(0.,-0.275637355817,-0.961261695938));
#10148 = PLANE('',#10149);
#10149 = AXIS2_PLACEMENT_3D('',#10150,#10151,#10152);
#10150 = CARTESIAN_POINT('',(158.9,23.,89.32));
#10151 = DIRECTION('',(1.,0.,0.));
#10152 = DIRECTION('',(0.,-0.961261695938,0.275637355817));
#10153 = ADVANCED_FACE('',(#10154),#10165,.T.);
#10154 = FACE_BOUND('',#10155,.T.);
#10155 = EDGE_LOOP('',(#10156,#10157,#10158,#10159));
#10156 = ORIENTED_EDGE('',*,*,#10133,.F.);
#10157 = ORIENTED_EDGE('',*,*,#3352,.F.);
#10158 = ORIENTED_EDGE('',*,*,#10109,.T.);
#10159 = ORIENTED_EDGE('',*,*,#10160,.T.);
#10160 = EDGE_CURVE('',#10110,#10134,#10161,.T.);
#10161 = LINE('',#10162,#10163);
#10162 = CARTESIAN_POINT('',(112.45,22.077380906844,89.584556767775));
#10163 = VECTOR('',#10164,1.);
#10164 = DIRECTION('',(1.,0.,0.));
#10165 = PLANE('',#10166);
#10166 = AXIS2_PLACEMENT_3D('',#10167,#10168,#10169);
#10167 = CARTESIAN_POINT('',(142.9,23.,89.32));
#10168 = DIRECTION('',(0.,0.275637355817,0.961261695938));
#10169 = DIRECTION('',(0.,-0.961261695938,0.275637355817));
#10170 = ADVANCED_FACE('',(#10171),#10190,.T.);
#10171 = FACE_BOUND('',#10172,.F.);
#10172 = EDGE_LOOP('',(#10173,#10182,#10188,#10189));
#10173 = ORIENTED_EDGE('',*,*,#10174,.F.);
#10174 = EDGE_CURVE('',#10175,#10175,#10177,.T.);
#10175 = VERTEX_POINT('',#10176);
#10176 = CARTESIAN_POINT('',(13.2,21.,9.));
#10177 = CIRCLE('',#10178,4.2);
#10178 = AXIS2_PLACEMENT_3D('',#10179,#10180,#10181);
#10179 = CARTESIAN_POINT('',(9.,21.,9.));
#10180 = DIRECTION('',(0.,-1.,0.));
#10181 = DIRECTION('',(1.,0.,0.));
#10182 = ORIENTED_EDGE('',*,*,#10183,.T.);
#10183 = EDGE_CURVE('',#10175,#3386,#10184,.T.);
#10184 = LINE('',#10185,#10186);
#10185 = CARTESIAN_POINT('',(13.2,21.,9.));
#10186 = VECTOR('',#10187,1.);
#10187 = DIRECTION('',(0.,-1.,0.));
#10188 = ORIENTED_EDGE('',*,*,#3385,.F.);
#10189 = ORIENTED_EDGE('',*,*,#10183,.F.);
#10190 = CYLINDRICAL_SURFACE('',#10191,4.2);
#10191 = AXIS2_PLACEMENT_3D('',#10192,#10193,#10194);
#10192 = CARTESIAN_POINT('',(9.,21.,9.));
#10193 = DIRECTION('',(-0.,1.,-0.));
#10194 = DIRECTION('',(1.,0.,0.));
#10195 = ADVANCED_FACE('',(#10196),#10215,.T.);
#10196 = FACE_BOUND('',#10197,.F.);
#10197 = EDGE_LOOP('',(#10198,#10207,#10213,#10214));
#10198 = ORIENTED_EDGE('',*,*,#10199,.F.);
#10199 = EDGE_CURVE('',#10200,#10200,#10202,.T.);
#10200 = VERTEX_POINT('',#10201);
#10201 = CARTESIAN_POINT('',(195.2,21.,9.));
#10202 = CIRCLE('',#10203,4.2);
#10203 = AXIS2_PLACEMENT_3D('',#10204,#10205,#10206);
#10204 = CARTESIAN_POINT('',(191.,21.,9.));
#10205 = DIRECTION('',(0.,-1.,0.));
#10206 = DIRECTION('',(1.,0.,0.));
#10207 = ORIENTED_EDGE('',*,*,#10208,.T.);
#10208 = EDGE_CURVE('',#10200,#3397,#10209,.T.);
#10209 = LINE('',#10210,#10211);
#10210 = CARTESIAN_POINT('',(195.2,21.,9.));
#10211 = VECTOR('',#10212,1.);
#10212 = DIRECTION('',(0.,-1.,0.));
#10213 = ORIENTED_EDGE('',*,*,#3396,.F.);
#10214 = ORIENTED_EDGE('',*,*,#10208,.F.);
#10215 = CYLINDRICAL_SURFACE('',#10216,4.2);
#10216 = AXIS2_PLACEMENT_3D('',#10217,#10218,#10219);
#10217 = CARTESIAN_POINT('',(191.,21.,9.));
#10218 = DIRECTION('',(-0.,1.,-0.));
#10219 = DIRECTION('',(1.,0.,0.));
#10220 = ADVANCED_FACE('',(#10221,#10224),#10235,.T.);
#10221 = FACE_BOUND('',#10222,.T.);
#10222 = EDGE_LOOP('',(#10223));
#10223 = ORIENTED_EDGE('',*,*,#3437,.T.);
#10224 = FACE_BOUND('',#10225,.T.);
#10225 = EDGE_LOOP('',(#10226));
#10226 = ORIENTED_EDGE('',*,*,#10227,.T.);
#10227 = EDGE_CURVE('',#10228,#10228,#10230,.T.);
#10228 = VERTEX_POINT('',#10229);
#10229 = CARTESIAN_POINT('',(194.,30.242336256864,125.85892298143));
#10230 = CIRCLE('',#10231,3.);
#10231 = AXIS2_PLACEMENT_3D('',#10232,#10233,#10234);
#10232 = CARTESIAN_POINT('',(191.,30.242336256864,125.85892298143));
#10233 = DIRECTION('',(0.,0.961261695938,-0.275637355817));
#10234 = DIRECTION('',(1.,0.,0.));
#10235 = PLANE('',#10236);
#10236 = AXIS2_PLACEMENT_3D('',#10237,#10238,#10239);
#10237 = CARTESIAN_POINT('',(191.,30.242336256864,125.85892298143));
#10238 = DIRECTION('',(0.,-0.961261695938,0.275637355817));
#10239 = DIRECTION('',(1.,0.,0.));
#10240 = ADVANCED_FACE('',(#10241,#10244),#10255,.T.);
#10241 = FACE_BOUND('',#10242,.T.);
#10242 = EDGE_LOOP('',(#10243));
#10243 = ORIENTED_EDGE('',*,*,#3464,.T.);
#10244 = FACE_BOUND('',#10245,.T.);
#10245 = EDGE_LOOP('',(#10246));
#10246 = ORIENTED_EDGE('',*,*,#10247,.T.);
#10247 = EDGE_CURVE('',#10248,#10248,#10250,.T.);
#10248 = VERTEX_POINT('',#10249);
#10249 = CARTESIAN_POINT('',(12.,30.242336256864,125.85892298143));
#10250 = CIRCLE('',#10251,3.);
#10251 = AXIS2_PLACEMENT_3D('',#10252,#10253,#10254);
#10252 = CARTESIAN_POINT('',(9.,30.242336256864,125.85892298143));
#10253 = DIRECTION('',(0.,0.961261695938,-0.275637355817));
#10254 = DIRECTION('',(1.,0.,0.));
#10255 = PLANE('',#10256);
#10256 = AXIS2_PLACEMENT_3D('',#10257,#10258,#10259);
#10257 = CARTESIAN_POINT('',(9.,30.242336256864,125.85892298143));
#10258 = DIRECTION('',(0.,-0.961261695938,0.275637355817));
#10259 = DIRECTION('',(1.,0.,0.));
#10260 = ADVANCED_FACE('',(#10261,#10267,#10273,#10279,#10285,#10291,
    #10297,#10303,#10309,#10315,#10321,#10327,#10333),#10339,.F.);
#10261 = FACE_BOUND('',#10262,.F.);
#10262 = EDGE_LOOP('',(#10263,#10264,#10265,#10266));
#10263 = ORIENTED_EDGE('',*,*,#3641,.F.);
#10264 = ORIENTED_EDGE('',*,*,#3600,.T.);
#10265 = ORIENTED_EDGE('',*,*,#3576,.T.);
#10266 = ORIENTED_EDGE('',*,*,#3624,.F.);
#10267 = FACE_BOUND('',#10268,.F.);
#10268 = EDGE_LOOP('',(#10269,#10270,#10271,#10272));
#10269 = ORIENTED_EDGE('',*,*,#9039,.F.);
#10270 = ORIENTED_EDGE('',*,*,#9063,.T.);
#10271 = ORIENTED_EDGE('',*,*,#9104,.T.);
#10272 = ORIENTED_EDGE('',*,*,#9087,.F.);
#10273 = FACE_BOUND('',#10274,.F.);
#10274 = EDGE_LOOP('',(#10275,#10276,#10277,#10278));
#10275 = ORIENTED_EDGE('',*,*,#9231,.F.);
#10276 = ORIENTED_EDGE('',*,*,#9255,.T.);
#10277 = ORIENTED_EDGE('',*,*,#9296,.T.);
#10278 = ORIENTED_EDGE('',*,*,#9279,.F.);
#10279 = FACE_BOUND('',#10280,.F.);
#10280 = EDGE_LOOP('',(#10281,#10282,#10283,#10284));
#10281 = ORIENTED_EDGE('',*,*,#9135,.F.);
#10282 = ORIENTED_EDGE('',*,*,#9159,.T.);
#10283 = ORIENTED_EDGE('',*,*,#9200,.T.);
#10284 = ORIENTED_EDGE('',*,*,#9183,.F.);
#10285 = FACE_BOUND('',#10286,.F.);
#10286 = EDGE_LOOP('',(#10287,#10288,#10289,#10290));
#10287 = ORIENTED_EDGE('',*,*,#9327,.F.);
#10288 = ORIENTED_EDGE('',*,*,#9351,.T.);
#10289 = ORIENTED_EDGE('',*,*,#9392,.T.);
#10290 = ORIENTED_EDGE('',*,*,#9375,.F.);
#10291 = FACE_BOUND('',#10292,.F.);
#10292 = EDGE_LOOP('',(#10293,#10294,#10295,#10296));
#10293 = ORIENTED_EDGE('',*,*,#9807,.F.);
#10294 = ORIENTED_EDGE('',*,*,#9831,.T.);
#10295 = ORIENTED_EDGE('',*,*,#9872,.T.);
#10296 = ORIENTED_EDGE('',*,*,#9855,.F.);
#10297 = FACE_BOUND('',#10298,.F.);
#10298 = EDGE_LOOP('',(#10299,#10300,#10301,#10302));
#10299 = ORIENTED_EDGE('',*,*,#9903,.F.);
#10300 = ORIENTED_EDGE('',*,*,#9927,.T.);
#10301 = ORIENTED_EDGE('',*,*,#9968,.T.);
#10302 = ORIENTED_EDGE('',*,*,#9951,.F.);
#10303 = FACE_BOUND('',#10304,.F.);
#10304 = EDGE_LOOP('',(#10305,#10306,#10307,#10308));
#10305 = ORIENTED_EDGE('',*,*,#9423,.F.);
#10306 = ORIENTED_EDGE('',*,*,#9447,.T.);
#10307 = ORIENTED_EDGE('',*,*,#9488,.T.);
#10308 = ORIENTED_EDGE('',*,*,#9471,.F.);
#10309 = FACE_BOUND('',#10310,.F.);
#10310 = EDGE_LOOP('',(#10311,#10312,#10313,#10314));
#10311 = ORIENTED_EDGE('',*,*,#9615,.F.);
#10312 = ORIENTED_EDGE('',*,*,#9639,.T.);
#10313 = ORIENTED_EDGE('',*,*,#9680,.T.);
#10314 = ORIENTED_EDGE('',*,*,#9663,.F.);
#10315 = FACE_BOUND('',#10316,.F.);
#10316 = EDGE_LOOP('',(#10317,#10318,#10319,#10320));
#10317 = ORIENTED_EDGE('',*,*,#9519,.F.);
#10318 = ORIENTED_EDGE('',*,*,#9543,.T.);
#10319 = ORIENTED_EDGE('',*,*,#9584,.T.);
#10320 = ORIENTED_EDGE('',*,*,#9567,.F.);
#10321 = FACE_BOUND('',#10322,.F.);
#10322 = EDGE_LOOP('',(#10323,#10324,#10325,#10326));
#10323 = ORIENTED_EDGE('',*,*,#9711,.F.);
#10324 = ORIENTED_EDGE('',*,*,#9735,.T.);
#10325 = ORIENTED_EDGE('',*,*,#9776,.T.);
#10326 = ORIENTED_EDGE('',*,*,#9759,.F.);
#10327 = FACE_BOUND('',#10328,.F.);
#10328 = EDGE_LOOP('',(#10329,#10330,#10331,#10332));
#10329 = ORIENTED_EDGE('',*,*,#9999,.F.);
#10330 = ORIENTED_EDGE('',*,*,#10023,.T.);
#10331 = ORIENTED_EDGE('',*,*,#10064,.T.);
#10332 = ORIENTED_EDGE('',*,*,#10047,.F.);
#10333 = FACE_BOUND('',#10334,.F.);
#10334 = EDGE_LOOP('',(#10335,#10336,#10337,#10338));
#10335 = ORIENTED_EDGE('',*,*,#10095,.F.);
#10336 = ORIENTED_EDGE('',*,*,#10119,.T.);
#10337 = ORIENTED_EDGE('',*,*,#10160,.T.);
#10338 = ORIENTED_EDGE('',*,*,#10143,.F.);
#10339 = PLANE('',#10340);
#10340 = AXIS2_PLACEMENT_3D('',#10341,#10342,#10343);
#10341 = CARTESIAN_POINT('',(82.,10.634056140504,49.676940692078));
#10342 = DIRECTION('',(0.,0.961261695938,-0.275637355817));
#10343 = DIRECTION('',(0.,0.275637355817,0.961261695938));
#10344 = ADVANCED_FACE('',(#10345,#10348),#10359,.F.);
#10345 = FACE_BOUND('',#10346,.F.);
#10346 = EDGE_LOOP('',(#10347));
#10347 = ORIENTED_EDGE('',*,*,#3672,.T.);
#10348 = FACE_BOUND('',#10349,.F.);
#10349 = EDGE_LOOP('',(#10350));
#10350 = ORIENTED_EDGE('',*,*,#10351,.F.);
#10351 = EDGE_CURVE('',#10352,#10352,#10354,.T.);
#10352 = VERTEX_POINT('',#10353);
#10353 = CARTESIAN_POINT('',(12.,43.7,122.));
#10354 = CIRCLE('',#10355,3.);
#10355 = AXIS2_PLACEMENT_3D('',#10356,#10357,#10358);
#10356 = CARTESIAN_POINT('',(9.,43.7,122.));
#10357 = DIRECTION('',(0.,-0.961261695938,0.275637355817));
#10358 = DIRECTION('',(1.,0.,0.));
#10359 = PLANE('',#10360);
#10360 = AXIS2_PLACEMENT_3D('',#10361,#10362,#10363);
#10361 = CARTESIAN_POINT('',(9.,43.7,122.));
#10362 = DIRECTION('',(0.,-0.961261695938,0.275637355817));
#10363 = DIRECTION('',(1.,0.,0.));
#10364 = ADVANCED_FACE('',(#10365,#10368),#10379,.F.);
#10365 = FACE_BOUND('',#10366,.F.);
#10366 = EDGE_LOOP('',(#10367));
#10367 = ORIENTED_EDGE('',*,*,#3723,.T.);
#10368 = FACE_BOUND('',#10369,.F.);
#10369 = EDGE_LOOP('',(#10370));
#10370 = ORIENTED_EDGE('',*,*,#10371,.F.);
#10371 = EDGE_CURVE('',#10372,#10372,#10374,.T.);
#10372 = VERTEX_POINT('',#10373);
#10373 = CARTESIAN_POINT('',(194.,43.7,122.));
#10374 = CIRCLE('',#10375,3.);
#10375 = AXIS2_PLACEMENT_3D('',#10376,#10377,#10378);
#10376 = CARTESIAN_POINT('',(191.,43.7,122.));
#10377 = DIRECTION('',(0.,-0.961261695938,0.275637355817));
#10378 = DIRECTION('',(1.,0.,0.));
#10379 = PLANE('',#10380);
#10380 = AXIS2_PLACEMENT_3D('',#10381,#10382,#10383);
#10381 = CARTESIAN_POINT('',(191.,43.7,122.));
#10382 = DIRECTION('',(0.,-0.961261695938,0.275637355817));
#10383 = DIRECTION('',(1.,0.,0.));
#10384 = ADVANCED_FACE('',(#10385,#10388),#10399,.T.);
#10385 = FACE_BOUND('',#10386,.T.);
#10386 = EDGE_LOOP('',(#10387));
#10387 = ORIENTED_EDGE('',*,*,#3752,.T.);
#10388 = FACE_BOUND('',#10389,.T.);
#10389 = EDGE_LOOP('',(#10390));
#10390 = ORIENTED_EDGE('',*,*,#10391,.T.);
#10391 = EDGE_CURVE('',#10392,#10392,#10394,.T.);
#10392 = VERTEX_POINT('',#10393);
#10393 = CARTESIAN_POINT('',(12.1,2.5,9.));
#10394 = CIRCLE('',#10395,3.1);
#10395 = AXIS2_PLACEMENT_3D('',#10396,#10397,#10398);
#10396 = CARTESIAN_POINT('',(9.,2.5,9.));
#10397 = DIRECTION('',(-0.,1.,2.2E-16));
#10398 = DIRECTION('',(1.,0.,0.));
#10399 = PLANE('',#10400);
#10400 = AXIS2_PLACEMENT_3D('',#10401,#10402,#10403);
#10401 = CARTESIAN_POINT('',(9.,2.5,9.));
#10402 = DIRECTION('',(0.,-1.,0.));
#10403 = DIRECTION('',(1.,0.,0.));
#10404 = ADVANCED_FACE('',(#10405),#10448,.T.);
#10405 = FACE_BOUND('',#10406,.T.);
#10406 = EDGE_LOOP('',(#10407,#10408,#10409,#10410,#10411,#10412,#10413,
    #10414,#10415,#10416,#10417,#10418,#10419,#10420,#10421,#10422,
    #10423,#10424,#10425,#10426,#10427,#10428,#10429,#10430,#10431,
    #10432,#10433,#10434,#10435,#10436,#10437,#10438,#10439,#10440,
    #10441,#10442,#10443,#10444,#10445,#10446,#10447));
#10407 = ORIENTED_EDGE('',*,*,#4822,.F.);
#10408 = ORIENTED_EDGE('',*,*,#4796,.F.);
#10409 = ORIENTED_EDGE('',*,*,#4770,.F.);
#10410 = ORIENTED_EDGE('',*,*,#4744,.F.);
#10411 = ORIENTED_EDGE('',*,*,#4718,.F.);
#10412 = ORIENTED_EDGE('',*,*,#4692,.F.);
#10413 = ORIENTED_EDGE('',*,*,#4666,.F.);
#10414 = ORIENTED_EDGE('',*,*,#4640,.F.);
#10415 = ORIENTED_EDGE('',*,*,#4614,.F.);
#10416 = ORIENTED_EDGE('',*,*,#4588,.F.);
#10417 = ORIENTED_EDGE('',*,*,#4562,.F.);
#10418 = ORIENTED_EDGE('',*,*,#4538,.F.);
#10419 = ORIENTED_EDGE('',*,*,#4512,.F.);
#10420 = ORIENTED_EDGE('',*,*,#4486,.F.);
#10421 = ORIENTED_EDGE('',*,*,#4460,.F.);
#10422 = ORIENTED_EDGE('',*,*,#4434,.F.);
#10423 = ORIENTED_EDGE('',*,*,#4408,.F.);
#10424 = ORIENTED_EDGE('',*,*,#4382,.F.);
#10425 = ORIENTED_EDGE('',*,*,#4356,.F.);
#10426 = ORIENTED_EDGE('',*,*,#4330,.F.);
#10427 = ORIENTED_EDGE('',*,*,#4304,.F.);
#10428 = ORIENTED_EDGE('',*,*,#4278,.F.);
#10429 = ORIENTED_EDGE('',*,*,#4252,.F.);
#10430 = ORIENTED_EDGE('',*,*,#4226,.F.);
#10431 = ORIENTED_EDGE('',*,*,#4200,.F.);
#10432 = ORIENTED_EDGE('',*,*,#4174,.F.);
#10433 = ORIENTED_EDGE('',*,*,#4148,.F.);
#10434 = ORIENTED_EDGE('',*,*,#4122,.F.);
#10435 = ORIENTED_EDGE('',*,*,#4096,.F.);
#10436 = ORIENTED_EDGE('',*,*,#4070,.F.);
#10437 = ORIENTED_EDGE('',*,*,#4044,.F.);
#10438 = ORIENTED_EDGE('',*,*,#4018,.F.);
#10439 = ORIENTED_EDGE('',*,*,#3994,.F.);
#10440 = ORIENTED_EDGE('',*,*,#3968,.F.);
#10441 = ORIENTED_EDGE('',*,*,#3942,.F.);
#10442 = ORIENTED_EDGE('',*,*,#3916,.F.);
#10443 = ORIENTED_EDGE('',*,*,#3890,.F.);
#10444 = ORIENTED_EDGE('',*,*,#3864,.F.);
#10445 = ORIENTED_EDGE('',*,*,#3838,.F.);
#10446 = ORIENTED_EDGE('',*,*,#3812,.F.);
#10447 = ORIENTED_EDGE('',*,*,#3786,.F.);
#10448 = PLANE('',#10449);
#10449 = AXIS2_PLACEMENT_3D('',#10450,#10451,#10452);
#10450 = CARTESIAN_POINT('',(40.759768338355,-1.,15.15561198598));
#10451 = DIRECTION('',(0.,-1.,0.));
#10452 = DIRECTION('',(1.,0.,0.));
#10453 = ADVANCED_FACE('',(#10454),#10468,.T.);
#10454 = FACE_BOUND('',#10455,.T.);
#10455 = EDGE_LOOP('',(#10456,#10457,#10458,#10459,#10460,#10461,#10462,
    #10463,#10464,#10465,#10466,#10467));
#10456 = ORIENTED_EDGE('',*,*,#5112,.F.);
#10457 = ORIENTED_EDGE('',*,*,#5088,.F.);
#10458 = ORIENTED_EDGE('',*,*,#5064,.F.);
#10459 = ORIENTED_EDGE('',*,*,#5040,.F.);
#10460 = ORIENTED_EDGE('',*,*,#5016,.F.);
#10461 = ORIENTED_EDGE('',*,*,#4992,.F.);
#10462 = ORIENTED_EDGE('',*,*,#4968,.F.);
#10463 = ORIENTED_EDGE('',*,*,#4944,.F.);
#10464 = ORIENTED_EDGE('',*,*,#4920,.F.);
#10465 = ORIENTED_EDGE('',*,*,#4896,.F.);
#10466 = ORIENTED_EDGE('',*,*,#4872,.F.);
#10467 = ORIENTED_EDGE('',*,*,#4848,.F.);
#10468 = PLANE('',#10469);
#10469 = AXIS2_PLACEMENT_3D('',#10470,#10471,#10472);
#10470 = CARTESIAN_POINT('',(57.064480348706,-1.,15.136557269972));
#10471 = DIRECTION('',(0.,-1.,0.));
#10472 = DIRECTION('',(1.,0.,0.));
#10473 = ADVANCED_FACE('',(#10474,#10484),#10590,.T.);
#10474 = FACE_BOUND('',#10475,.T.);
#10475 = EDGE_LOOP('',(#10476,#10477,#10478,#10479,#10480,#10481,#10482,
    #10483));
#10476 = ORIENTED_EDGE('',*,*,#5304,.F.);
#10477 = ORIENTED_EDGE('',*,*,#5280,.F.);
#10478 = ORIENTED_EDGE('',*,*,#5256,.F.);
#10479 = ORIENTED_EDGE('',*,*,#5232,.F.);
#10480 = ORIENTED_EDGE('',*,*,#5208,.F.);
#10481 = ORIENTED_EDGE('',*,*,#5184,.F.);
#10482 = ORIENTED_EDGE('',*,*,#5160,.F.);
#10483 = ORIENTED_EDGE('',*,*,#5136,.F.);
#10484 = FACE_BOUND('',#10485,.T.);
#10485 = EDGE_LOOP('',(#10486,#10496,#10504,#10512,#10520,#10528,#10536,
    #10544,#10552,#10560,#10568,#10576,#10584));
#10486 = ORIENTED_EDGE('',*,*,#10487,.F.);
#10487 = EDGE_CURVE('',#10488,#10490,#10492,.T.);
#10488 = VERTEX_POINT('',#10489);
#10489 = CARTESIAN_POINT('',(68.662627298621,-1.,13.440590838964));
#10490 = VERTEX_POINT('',#10491);
#10491 = CARTESIAN_POINT('',(70.544619803477,-1.,13.440590838964));
#10492 = LINE('',#10493,#10494);
#10493 = CARTESIAN_POINT('',(68.662627298621,-1.,13.440590838964));
#10494 = VECTOR('',#10495,1.);
#10495 = DIRECTION('',(1.,0.,0.));
#10496 = ORIENTED_EDGE('',*,*,#10497,.F.);
#10497 = EDGE_CURVE('',#10498,#10488,#10500,.T.);
#10498 = VERTEX_POINT('',#10499);
#10499 = CARTESIAN_POINT('',(69.335001946432,-1.,19.709704825341));
#10500 = LINE('',#10501,#10502);
#10501 = CARTESIAN_POINT('',(69.335001946432,-1.,19.709704825341));
#10502 = VECTOR('',#10503,1.);
#10503 = DIRECTION('',(-0.106640354565,-0.,-0.994297659043));
#10504 = ORIENTED_EDGE('',*,*,#10505,.F.);
#10505 = EDGE_CURVE('',#10506,#10498,#10508,.T.);
#10506 = VERTEX_POINT('',#10507);
#10507 = CARTESIAN_POINT('',(69.38533430412,-1.,20.297827483109));
#10508 = B_SPLINE_CURVE_WITH_KNOTS('',2,(#10509,#10510,#10511),
  .UNSPECIFIED.,.F.,.F.,(3,3),(0.,1.),.PIECEWISE_BEZIER_KNOTS.);
#10509 = CARTESIAN_POINT('',(69.38533430412,-1.,20.297827483109));
#10510 = CARTESIAN_POINT('',(69.38533430412,-1.,19.961366613781));
#10511 = CARTESIAN_POINT('',(69.335001946432,-1.,19.709704825341));
#10512 = ORIENTED_EDGE('',*,*,#10513,.F.);
#10513 = EDGE_CURVE('',#10514,#10506,#10516,.T.);
#10514 = VERTEX_POINT('',#10515);
#10515 = CARTESIAN_POINT('',(69.401747029453,-1.,20.641947624258));
#10516 = B_SPLINE_CURVE_WITH_KNOTS('',2,(#10517,#10518,#10519),
  .UNSPECIFIED.,.F.,.F.,(3,3),(0.,1.),.PIECEWISE_BEZIER_KNOTS.);
#10517 = CARTESIAN_POINT('',(69.401747029453,-1.,20.641947624258));
#10518 = CARTESIAN_POINT('',(69.38533430412,-1.,20.46578437235));
#10519 = CARTESIAN_POINT('',(69.38533430412,-1.,20.297827483109));
#10520 = ORIENTED_EDGE('',*,*,#10521,.F.);
#10521 = EDGE_CURVE('',#10522,#10514,#10524,.T.);
#10522 = VERTEX_POINT('',#10523);
#10523 = CARTESIAN_POINT('',(69.41870684563,-1.,20.986614856252));
#10524 = B_SPLINE_CURVE_WITH_KNOTS('',2,(#10525,#10526,#10527),
  .UNSPECIFIED.,.F.,.F.,(3,3),(0.,1.),.PIECEWISE_BEZIER_KNOTS.);
#10525 = CARTESIAN_POINT('',(69.41870684563,-1.,20.986614856252));
#10526 = CARTESIAN_POINT('',(69.41870684563,-1.,20.81865796701));
#10527 = CARTESIAN_POINT('',(69.401747029453,-1.,20.641947624258));
#10528 = ORIENTED_EDGE('',*,*,#10529,.F.);
#10529 = EDGE_CURVE('',#10530,#10522,#10532,.T.);
#10530 = VERTEX_POINT('',#10531);
#10531 = CARTESIAN_POINT('',(69.435666661808,-1.,21.238823735536));
#10532 = B_SPLINE_CURVE_WITH_KNOTS('',2,(#10533,#10534,#10535),
  .UNSPECIFIED.,.F.,.F.,(3,3),(0.,1.),.PIECEWISE_BEZIER_KNOTS.);
#10533 = CARTESIAN_POINT('',(69.435666661808,-1.,21.238823735536));
#10534 = CARTESIAN_POINT('',(69.41870684563,-1.,21.104239387805));
#10535 = CARTESIAN_POINT('',(69.41870684563,-1.,20.986614856252));
#10536 = ORIENTED_EDGE('',*,*,#10537,.F.);
#10537 = EDGE_CURVE('',#10538,#10530,#10540,.T.);
#10538 = VERTEX_POINT('',#10539);
#10539 = CARTESIAN_POINT('',(69.435666661808,-1.,21.474072798643));
#10540 = B_SPLINE_CURVE_WITH_KNOTS('',2,(#10541,#10542,#10543),
  .UNSPECIFIED.,.F.,.F.,(3,3),(0.,1.),.PIECEWISE_BEZIER_KNOTS.);
#10541 = CARTESIAN_POINT('',(69.435666661808,-1.,21.474072798643));
#10542 = CARTESIAN_POINT('',(69.435666661808,-1.,21.35644826709));
#10543 = CARTESIAN_POINT('',(69.435666661808,-1.,21.238823735536));
#10544 = ORIENTED_EDGE('',*,*,#10545,.F.);
#10545 = EDGE_CURVE('',#10546,#10538,#10548,.T.);
#10546 = VERTEX_POINT('',#10547);
#10547 = CARTESIAN_POINT('',(69.435666661808,-1.,21.961530741035));
#10548 = LINE('',#10549,#10550);
#10549 = CARTESIAN_POINT('',(69.435666661808,-1.,21.961530741035));
#10550 = VECTOR('',#10551,1.);
#10551 = DIRECTION('',(0.,0.,-1.));
#10552 = ORIENTED_EDGE('',*,*,#10553,.F.);
#10553 = EDGE_CURVE('',#10554,#10546,#10556,.T.);
#10554 = VERTEX_POINT('',#10555);
#10555 = CARTESIAN_POINT('',(69.771580440291,-1.,21.961530741035));
#10556 = LINE('',#10557,#10558);
#10557 = CARTESIAN_POINT('',(69.771580440291,-1.,21.961530741035));
#10558 = VECTOR('',#10559,1.);
#10559 = DIRECTION('',(-1.,0.,0.));
#10560 = ORIENTED_EDGE('',*,*,#10561,.F.);
#10561 = EDGE_CURVE('',#10562,#10554,#10564,.T.);
#10562 = VERTEX_POINT('',#10563);
#10563 = CARTESIAN_POINT('',(69.788540256468,-1.,21.079073208961));
#10564 = B_SPLINE_CURVE_WITH_KNOTS('',2,(#10565,#10566,#10567),
  .UNSPECIFIED.,.F.,.F.,(3,3),(0.,1.),.PIECEWISE_BEZIER_KNOTS.);
#10565 = CARTESIAN_POINT('',(69.788540256468,-1.,21.079073208961));
#10566 = CARTESIAN_POINT('',(69.771580440291,-1.,21.440700257133));
#10567 = CARTESIAN_POINT('',(69.771580440291,-1.,21.961530741035));
#10568 = ORIENTED_EDGE('',*,*,#10569,.F.);
#10569 = EDGE_CURVE('',#10570,#10562,#10572,.T.);
#10570 = VERTEX_POINT('',#10571);
#10571 = CARTESIAN_POINT('',(69.821912797979,-1.,20.406698561151));
#10572 = B_SPLINE_CURVE_WITH_KNOTS('',2,(#10573,#10574,#10575),
  .UNSPECIFIED.,.F.,.F.,(3,3),(0.,1.),.PIECEWISE_BEZIER_KNOTS.);
#10573 = CARTESIAN_POINT('',(69.821912797979,-1.,20.406698561151));
#10574 = CARTESIAN_POINT('',(69.805500072645,-1.,20.717993251634));
#10575 = CARTESIAN_POINT('',(69.788540256468,-1.,21.079073208961));
#10576 = ORIENTED_EDGE('',*,*,#10577,.F.);
#10577 = EDGE_CURVE('',#10578,#10570,#10580,.T.);
#10578 = VERTEX_POINT('',#10579);
#10579 = CARTESIAN_POINT('',(69.872792246511,-1.,19.709704825341));
#10580 = B_SPLINE_CURVE_WITH_KNOTS('',2,(#10581,#10582,#10583),
  .UNSPECIFIED.,.F.,.F.,(3,3),(0.,1.),.PIECEWISE_BEZIER_KNOTS.);
#10581 = CARTESIAN_POINT('',(69.872792246511,-1.,19.709704825341));
#10582 = CARTESIAN_POINT('',(69.838872614156,-1.,20.095950961512));
#10583 = CARTESIAN_POINT('',(69.821912797979,-1.,20.406698561151));
#10584 = ORIENTED_EDGE('',*,*,#10585,.F.);
#10585 = EDGE_CURVE('',#10490,#10578,#10586,.T.);
#10586 = LINE('',#10587,#10588);
#10587 = CARTESIAN_POINT('',(70.544619803477,-1.,13.440590838964));
#10588 = VECTOR('',#10589,1.);
#10589 = DIRECTION('',(-0.106554570118,0.,0.994306855848));
#10590 = PLANE('',#10591);
#10591 = AXIS2_PLACEMENT_3D('',#10592,#10593,#10594);
#10592 = CARTESIAN_POINT('',(69.603819582902,-1.,14.376628892046));
#10593 = DIRECTION('',(0.,-1.,0.));
#10594 = DIRECTION('',(1.,0.,0.));
#10595 = ADVANCED_FACE('',(#10596,#10621),#10791,.T.);
#10596 = FACE_BOUND('',#10597,.T.);
#10597 = EDGE_LOOP('',(#10598,#10599,#10600,#10601,#10602,#10603,#10604,
    #10605,#10606,#10607,#10608,#10609,#10610,#10611,#10612,#10613,
    #10614,#10615,#10616,#10617,#10618,#10619,#10620));
#10598 = ORIENTED_EDGE('',*,*,#5900,.F.);
#10599 = ORIENTED_EDGE('',*,*,#5874,.F.);
#10600 = ORIENTED_EDGE('',*,*,#5848,.F.);
#10601 = ORIENTED_EDGE('',*,*,#5822,.F.);
#10602 = ORIENTED_EDGE('',*,*,#5796,.F.);
#10603 = ORIENTED_EDGE('',*,*,#5770,.F.);
#10604 = ORIENTED_EDGE('',*,*,#5744,.F.);
#10605 = ORIENTED_EDGE('',*,*,#5718,.F.);
#10606 = ORIENTED_EDGE('',*,*,#5692,.F.);
#10607 = ORIENTED_EDGE('',*,*,#5666,.F.);
#10608 = ORIENTED_EDGE('',*,*,#5640,.F.);
#10609 = ORIENTED_EDGE('',*,*,#5614,.F.);
#10610 = ORIENTED_EDGE('',*,*,#5588,.F.);
#10611 = ORIENTED_EDGE('',*,*,#5562,.F.);
#10612 = ORIENTED_EDGE('',*,*,#5536,.F.);
#10613 = ORIENTED_EDGE('',*,*,#5510,.F.);
#10614 = ORIENTED_EDGE('',*,*,#5484,.F.);
#10615 = ORIENTED_EDGE('',*,*,#5458,.F.);
#10616 = ORIENTED_EDGE('',*,*,#5432,.F.);
#10617 = ORIENTED_EDGE('',*,*,#5406,.F.);
#10618 = ORIENTED_EDGE('',*,*,#5380,.F.);
#10619 = ORIENTED_EDGE('',*,*,#5354,.F.);
#10620 = ORIENTED_EDGE('',*,*,#5328,.F.);
#10621 = FACE_BOUND('',#10622,.T.);
#10622 = EDGE_LOOP('',(#10623,#10633,#10641,#10649,#10657,#10665,#10673,
    #10681,#10689,#10697,#10705,#10713,#10721,#10729,#10737,#10745,
    #10753,#10761,#10769,#10777,#10785));
#10623 = ORIENTED_EDGE('',*,*,#10624,.F.);
#10624 = EDGE_CURVE('',#10625,#10627,#10629,.T.);
#10625 = VERTEX_POINT('',#10626);
#10626 = CARTESIAN_POINT('',(80.159741394417,-1.,15.238878444621));
#10627 = VERTEX_POINT('',#10628);
#10628 = CARTESIAN_POINT('',(80.478695356722,-1.,13.22175450119));
#10629 = B_SPLINE_CURVE_WITH_KNOTS('',2,(#10630,#10631,#10632),
  .UNSPECIFIED.,.F.,.F.,(3,3),(0.,1.),.PIECEWISE_BEZIER_KNOTS.);
#10630 = CARTESIAN_POINT('',(80.159741394417,-1.,15.238878444621));
#10631 = CARTESIAN_POINT('',(80.159741394417,-1.,14.21363020215));
#10632 = CARTESIAN_POINT('',(80.478695356722,-1.,13.22175450119));
#10633 = ORIENTED_EDGE('',*,*,#10634,.F.);
#10634 = EDGE_CURVE('',#10635,#10625,#10637,.T.);
#10635 = VERTEX_POINT('',#10636);
#10636 = CARTESIAN_POINT('',(80.243446293615,-1.,16.238960508247));
#10637 = B_SPLINE_CURVE_WITH_KNOTS('',2,(#10638,#10639,#10640),
  .UNSPECIFIED.,.F.,.F.,(3,3),(0.,1.),.PIECEWISE_BEZIER_KNOTS.);
#10638 = CARTESIAN_POINT('',(80.243446293615,-1.,16.238960508247));
#10639 = CARTESIAN_POINT('',(80.159741394417,-1.,15.74329620319));
#10640 = CARTESIAN_POINT('',(80.159741394417,-1.,15.238878444621));
#10641 = ORIENTED_EDGE('',*,*,#10642,.F.);
#10642 = EDGE_CURVE('',#10643,#10635,#10645,.T.);
#10643 = VERTEX_POINT('',#10644);
#10644 = CARTESIAN_POINT('',(80.478695356722,-1.,17.205122939519));
#10645 = B_SPLINE_CURVE_WITH_KNOTS('',2,(#10646,#10647,#10648),
  .UNSPECIFIED.,.F.,.F.,(3,3),(0.,1.),.PIECEWISE_BEZIER_KNOTS.);
#10646 = CARTESIAN_POINT('',(80.478695356722,-1.,17.205122939519));
#10647 = CARTESIAN_POINT('',(80.327698283658,-1.,16.734624813305));
#10648 = CARTESIAN_POINT('',(80.243446293615,-1.,16.238960508247));
#10649 = ORIENTED_EDGE('',*,*,#10650,.F.);
#10650 = EDGE_CURVE('',#10651,#10643,#10653,.T.);
#10651 = VERTEX_POINT('',#10652);
#10652 = CARTESIAN_POINT('',(81.361152888796,-1.,18.9027458298));
#10653 = B_SPLINE_CURVE_WITH_KNOTS('',2,(#10654,#10655,#10656),
  .UNSPECIFIED.,.F.,.F.,(3,3),(0.,1.),.PIECEWISE_BEZIER_KNOTS.);
#10654 = CARTESIAN_POINT('',(81.361152888796,-1.,18.9027458298));
#10655 = CARTESIAN_POINT('',(80.781236593695,-1.,18.129706466614));
#10656 = CARTESIAN_POINT('',(80.478695356722,-1.,17.205122939519));
#10657 = ORIENTED_EDGE('',*,*,#10658,.F.);
#10658 = EDGE_CURVE('',#10659,#10651,#10661,.T.);
#10659 = VERTEX_POINT('',#10660);
#10660 = CARTESIAN_POINT('',(82.714108547083,-1.,20.247495125421));
#10661 = B_SPLINE_CURVE_WITH_KNOTS('',2,(#10662,#10663,#10664),
  .UNSPECIFIED.,.F.,.F.,(3,3),(0.,1.),.PIECEWISE_BEZIER_KNOTS.);
#10662 = CARTESIAN_POINT('',(82.714108547083,-1.,20.247495125421));
#10663 = CARTESIAN_POINT('',(81.941069183896,-1.,19.675785192986));
#10664 = CARTESIAN_POINT('',(81.361152888796,-1.,18.9027458298));
#10665 = ORIENTED_EDGE('',*,*,#10666,.F.);
#10666 = EDGE_CURVE('',#10667,#10659,#10669,.T.);
#10667 = VERTEX_POINT('',#10668);
#10668 = CARTESIAN_POINT('',(84.596648142783,-1.,21.196697740515));
#10669 = B_SPLINE_CURVE_WITH_KNOTS('',2,(#10670,#10671,#10672),
  .UNSPECIFIED.,.F.,.F.,(3,3),(0.,1.),.PIECEWISE_BEZIER_KNOTS.);
#10670 = CARTESIAN_POINT('',(84.596648142783,-1.,21.196697740515));
#10671 = CARTESIAN_POINT('',(83.655651890355,-1.,20.936282498564));
#10672 = CARTESIAN_POINT('',(82.714108547083,-1.,20.247495125421));
#10673 = ORIENTED_EDGE('',*,*,#10674,.F.);
#10674 = EDGE_CURVE('',#10675,#10667,#10677,.T.);
#10675 = VERTEX_POINT('',#10676);
#10676 = CARTESIAN_POINT('',(86.344603390751,-1.,21.457112982466));
#10677 = B_SPLINE_CURVE_WITH_KNOTS('',2,(#10678,#10679,#10680),
  .UNSPECIFIED.,.F.,.F.,(3,3),(0.,1.),.PIECEWISE_BEZIER_KNOTS.);
#10678 = CARTESIAN_POINT('',(86.344603390751,-1.,21.457112982466));
#10679 = CARTESIAN_POINT('',(85.53764439521,-1.,21.457112982466));
#10680 = CARTESIAN_POINT('',(84.596648142783,-1.,21.196697740515));
#10681 = ORIENTED_EDGE('',*,*,#10682,.F.);
#10682 = EDGE_CURVE('',#10683,#10675,#10685,.T.);
#10683 = VERTEX_POINT('',#10684);
#10684 = CARTESIAN_POINT('',(88.260515527962,-1.,21.13815902016));
#10685 = B_SPLINE_CURVE_WITH_KNOTS('',2,(#10686,#10687,#10688),
  .UNSPECIFIED.,.F.,.F.,(3,3),(0.,1.),.PIECEWISE_BEZIER_KNOTS.);
#10686 = CARTESIAN_POINT('',(88.260515527962,-1.,21.13815902016));
#10687 = CARTESIAN_POINT('',(87.335932000867,-1.,21.457112982466));
#10688 = CARTESIAN_POINT('',(86.344603390751,-1.,21.457112982466));
#10689 = ORIENTED_EDGE('',*,*,#10690,.F.);
#10690 = EDGE_CURVE('',#10691,#10683,#10693,.T.);
#10691 = VERTEX_POINT('',#10692);
#10692 = CARTESIAN_POINT('',(91.285380806841,-1.,18.885786013623));
#10693 = B_SPLINE_CURVE_WITH_KNOTS('',2,(#10694,#10695,#10696),
  .UNSPECIFIED.,.F.,.F.,(3,3),(0.,1.),.PIECEWISE_BEZIER_KNOTS.);
#10694 = CARTESIAN_POINT('',(91.285380806841,-1.,18.885786013623));
#10695 = CARTESIAN_POINT('',(90.109135491307,-1.,20.482744188528));
#10696 = CARTESIAN_POINT('',(88.260515527962,-1.,21.13815902016));
#10697 = ORIENTED_EDGE('',*,*,#10698,.F.);
#10698 = EDGE_CURVE('',#10699,#10691,#10701,.T.);
#10699 = VERTEX_POINT('',#10700);
#10700 = CARTESIAN_POINT('',(92.159631976248,-1.,17.179956760675));
#10701 = B_SPLINE_CURVE_WITH_KNOTS('',2,(#10702,#10703,#10704),
  .UNSPECIFIED.,.F.,.F.,(3,3),(0.,1.),.PIECEWISE_BEZIER_KNOTS.);
#10702 = CARTESIAN_POINT('',(92.159631976248,-1.,17.179956760675));
#10703 = CARTESIAN_POINT('',(91.840130923098,-1.,18.129706466614));
#10704 = CARTESIAN_POINT('',(91.285380806841,-1.,18.885786013623));
#10705 = ORIENTED_EDGE('',*,*,#10706,.F.);
#10706 = EDGE_CURVE('',#10707,#10699,#10709,.T.);
#10707 = VERTEX_POINT('',#10708);
#10708 = CARTESIAN_POINT('',(92.479133029398,-1.,15.238878444621));
#10709 = B_SPLINE_CURVE_WITH_KNOTS('',2,(#10710,#10711,#10712),
  .UNSPECIFIED.,.F.,.F.,(3,3),(0.,1.),.PIECEWISE_BEZIER_KNOTS.);
#10710 = CARTESIAN_POINT('',(92.479133029398,-1.,15.238878444621));
#10711 = CARTESIAN_POINT('',(92.479133029398,-1.,16.230207054736));
#10712 = CARTESIAN_POINT('',(92.159631976248,-1.,17.179956760675));
#10713 = ORIENTED_EDGE('',*,*,#10714,.F.);
#10714 = EDGE_CURVE('',#10715,#10707,#10717,.T.);
#10715 = VERTEX_POINT('',#10716);
#10716 = CARTESIAN_POINT('',(92.394881039355,-1.,14.196670385973));
#10717 = B_SPLINE_CURVE_WITH_KNOTS('',2,(#10718,#10719,#10720),
  .UNSPECIFIED.,.F.,.F.,(3,3),(0.,1.),.PIECEWISE_BEZIER_KNOTS.);
#10718 = CARTESIAN_POINT('',(92.394881039355,-1.,14.196670385973));
#10719 = CARTESIAN_POINT('',(92.479133029398,-1.,14.701088144541));
#10720 = CARTESIAN_POINT('',(92.479133029398,-1.,15.238878444621));
#10721 = ORIENTED_EDGE('',*,*,#10722,.F.);
#10722 = EDGE_CURVE('',#10723,#10715,#10725,.T.);
#10723 = VERTEX_POINT('',#10724);
#10724 = CARTESIAN_POINT('',(92.159631976248,-1.,13.222301592034));
#10725 = B_SPLINE_CURVE_WITH_KNOTS('',2,(#10726,#10727,#10728),
  .UNSPECIFIED.,.F.,.F.,(3,3),(0.,1.),.PIECEWISE_BEZIER_KNOTS.);
#10726 = CARTESIAN_POINT('',(92.159631976248,-1.,13.222301592034));
#10727 = CARTESIAN_POINT('',(92.310629049312,-1.,13.692799718248));
#10728 = CARTESIAN_POINT('',(92.394881039355,-1.,14.196670385973));
#10729 = ORIENTED_EDGE('',*,*,#10730,.F.);
#10730 = EDGE_CURVE('',#10731,#10723,#10733,.T.);
#10731 = VERTEX_POINT('',#10732);
#10732 = CARTESIAN_POINT('',(91.285380806841,-1.,11.465592890554));
#10733 = B_SPLINE_CURVE_WITH_KNOTS('',2,(#10734,#10735,#10736),
  .UNSPECIFIED.,.F.,.F.,(3,3),(0.,1.),.PIECEWISE_BEZIER_KNOTS.);
#10734 = CARTESIAN_POINT('',(91.285380806841,-1.,11.465592890554));
#10735 = CARTESIAN_POINT('',(91.857090739276,-1.,12.264345523429));
#10736 = CARTESIAN_POINT('',(92.159631976248,-1.,13.222301592034));
#10737 = ORIENTED_EDGE('',*,*,#10738,.F.);
#10738 = EDGE_CURVE('',#10739,#10731,#10741,.T.);
#10739 = VERTEX_POINT('',#10740);
#10740 = CARTESIAN_POINT('',(89.958138418243,-1.,10.096224506934));
#10741 = B_SPLINE_CURVE_WITH_KNOTS('',2,(#10742,#10743,#10744),
  .UNSPECIFIED.,.F.,.F.,(3,3),(0.,1.),.PIECEWISE_BEZIER_KNOTS.);
#10742 = CARTESIAN_POINT('',(89.958138418243,-1.,10.096224506934));
#10743 = CARTESIAN_POINT('',(90.714217965252,-1.,10.667387348524));
#10744 = CARTESIAN_POINT('',(91.285380806841,-1.,11.465592890554));
#10745 = ORIENTED_EDGE('',*,*,#10746,.F.);
#10746 = EDGE_CURVE('',#10747,#10739,#10749,.T.);
#10747 = VERTEX_POINT('',#10748);
#10748 = CARTESIAN_POINT('',(88.276928253295,-1.,9.179847342506));
#10749 = B_SPLINE_CURVE_WITH_KNOTS('',2,(#10750,#10751,#10752),
  .UNSPECIFIED.,.F.,.F.,(3,3),(0.,1.),.PIECEWISE_BEZIER_KNOTS.);
#10750 = CARTESIAN_POINT('',(88.276928253295,-1.,9.179847342506));
#10751 = CARTESIAN_POINT('',(89.20151178039,-1.,9.507554758323));
#10752 = CARTESIAN_POINT('',(89.958138418243,-1.,10.096224506934));
#10753 = ORIENTED_EDGE('',*,*,#10754,.F.);
#10754 = EDGE_CURVE('',#10755,#10747,#10757,.T.);
#10755 = VERTEX_POINT('',#10756);
#10756 = CARTESIAN_POINT('',(86.344603390751,-1.,8.85213992669));
#10757 = B_SPLINE_CURVE_WITH_KNOTS('',2,(#10758,#10759,#10760),
  .UNSPECIFIED.,.F.,.F.,(3,3),(0.,1.),.PIECEWISE_BEZIER_KNOTS.);
#10758 = CARTESIAN_POINT('',(86.344603390751,-1.,8.85213992669));
#10759 = CARTESIAN_POINT('',(87.352891817045,-1.,8.85213992669));
#10760 = CARTESIAN_POINT('',(88.276928253295,-1.,9.179847342506));
#10761 = ORIENTED_EDGE('',*,*,#10762,.F.);
#10762 = EDGE_CURVE('',#10763,#10755,#10765,.T.);
#10763 = VERTEX_POINT('',#10764);
#10764 = CARTESIAN_POINT('',(84.394771621186,-1.,9.188600796017));
#10765 = B_SPLINE_CURVE_WITH_KNOTS('',2,(#10766,#10767,#10768),
  .UNSPECIFIED.,.F.,.F.,(3,3),(0.,1.),.PIECEWISE_BEZIER_KNOTS.);
#10766 = CARTESIAN_POINT('',(84.394771621186,-1.,9.188600796017));
#10767 = CARTESIAN_POINT('',(85.336314964458,-1.,8.85213992669));
#10768 = CARTESIAN_POINT('',(86.344603390751,-1.,8.85213992669));
#10769 = ORIENTED_EDGE('',*,*,#10770,.F.);
#10770 = EDGE_CURVE('',#10771,#10763,#10773,.T.);
#10771 = VERTEX_POINT('',#10772);
#10772 = CARTESIAN_POINT('',(82.73106836326,-1.,10.054098511913));
#10773 = B_SPLINE_CURVE_WITH_KNOTS('',2,(#10774,#10775,#10776),
  .UNSPECIFIED.,.F.,.F.,(3,3),(0.,1.),.PIECEWISE_BEZIER_KNOTS.);
#10774 = CARTESIAN_POINT('',(82.73106836326,-1.,10.054098511913));
#10775 = CARTESIAN_POINT('',(83.504107726446,-1.,9.474182216812));
#10776 = CARTESIAN_POINT('',(84.394771621186,-1.,9.188600796017));
#10777 = ORIENTED_EDGE('',*,*,#10778,.F.);
#10778 = EDGE_CURVE('',#10779,#10771,#10781,.T.);
#10779 = VERTEX_POINT('',#10780);
#10780 = CARTESIAN_POINT('',(81.352946526129,-1.,11.474346344065));
#10781 = B_SPLINE_CURVE_WITH_KNOTS('',2,(#10782,#10783,#10784),
  .UNSPECIFIED.,.F.,.F.,(3,3),(0.,1.),.PIECEWISE_BEZIER_KNOTS.);
#10782 = CARTESIAN_POINT('',(81.352946526129,-1.,11.474346344065));
#10783 = CARTESIAN_POINT('',(81.958029000074,-1.,10.634014807014));
#10784 = CARTESIAN_POINT('',(82.73106836326,-1.,10.054098511913));
#10785 = ORIENTED_EDGE('',*,*,#10786,.F.);
#10786 = EDGE_CURVE('',#10627,#10779,#10787,.T.);
#10787 = B_SPLINE_CURVE_WITH_KNOTS('',2,(#10788,#10789,#10790),
  .UNSPECIFIED.,.F.,.F.,(3,3),(0.,1.),.PIECEWISE_BEZIER_KNOTS.);
#10788 = CARTESIAN_POINT('',(80.478695356722,-1.,13.22175450119));
#10789 = CARTESIAN_POINT('',(80.798196409872,-1.,12.230425891074));
#10790 = CARTESIAN_POINT('',(81.352946526129,-1.,11.474346344065));
#10791 = PLANE('',#10792);
#10792 = AXIS2_PLACEMENT_3D('',#10793,#10794,#10795);
#10793 = CARTESIAN_POINT('',(86.319687990726,-1.,15.165216205155));
#10794 = DIRECTION('',(0.,-1.,0.));
#10795 = DIRECTION('',(1.,0.,0.));
#10796 = ADVANCED_FACE('',(#10797),#10803,.T.);
#10797 = FACE_BOUND('',#10798,.T.);
#10798 = EDGE_LOOP('',(#10799,#10800,#10801,#10802));
#10799 = ORIENTED_EDGE('',*,*,#5998,.F.);
#10800 = ORIENTED_EDGE('',*,*,#5974,.F.);
#10801 = ORIENTED_EDGE('',*,*,#5950,.F.);
#10802 = ORIENTED_EDGE('',*,*,#5926,.F.);
#10803 = PLANE('',#10804);
#10804 = AXIS2_PLACEMENT_3D('',#10805,#10806,#10807);
#10805 = CARTESIAN_POINT('',(114.89043592624,-1.,12.465948499603));
#10806 = DIRECTION('',(0.,-1.,0.));
#10807 = DIRECTION('',(1.,0.,0.));
#10808 = ADVANCED_FACE('',(#10809,#10812),#10823,.T.);
#10809 = FACE_BOUND('',#10810,.T.);
#10810 = EDGE_LOOP('',(#10811));
#10811 = ORIENTED_EDGE('',*,*,#6013,.T.);
#10812 = FACE_BOUND('',#10813,.T.);
#10813 = EDGE_LOOP('',(#10814));
#10814 = ORIENTED_EDGE('',*,*,#10815,.T.);
#10815 = EDGE_CURVE('',#10816,#10816,#10818,.T.);
#10816 = VERTEX_POINT('',#10817);
#10817 = CARTESIAN_POINT('',(194.1,2.5,9.));
#10818 = CIRCLE('',#10819,3.1);
#10819 = AXIS2_PLACEMENT_3D('',#10820,#10821,#10822);
#10820 = CARTESIAN_POINT('',(191.,2.5,9.));
#10821 = DIRECTION('',(-0.,1.,2.2E-16));
#10822 = DIRECTION('',(1.,0.,0.));
#10823 = PLANE('',#10824);
#10824 = AXIS2_PLACEMENT_3D('',#10825,#10826,#10827);
#10825 = CARTESIAN_POINT('',(191.,2.5,9.));
#10826 = DIRECTION('',(0.,-1.,0.));
#10827 = DIRECTION('',(1.,0.,0.));
#10828 = ADVANCED_FACE('',(#10829),#10870,.T.);
#10829 = FACE_BOUND('',#10830,.T.);
#10830 = EDGE_LOOP('',(#10831,#10832,#10833,#10834,#10835,#10836,#10837,
    #10838,#10839,#10840,#10841,#10842,#10843,#10844,#10845,#10846,
    #10847,#10848,#10849,#10850,#10851,#10852,#10853,#10854,#10855,
    #10856,#10857,#10858,#10859,#10860,#10861,#10862,#10863,#10864,
    #10865,#10866,#10867,#10868,#10869));
#10831 = ORIENTED_EDGE('',*,*,#7009,.F.);
#10832 = ORIENTED_EDGE('',*,*,#6985,.F.);
#10833 = ORIENTED_EDGE('',*,*,#6961,.F.);
#10834 = ORIENTED_EDGE('',*,*,#6937,.F.);
#10835 = ORIENTED_EDGE('',*,*,#6913,.F.);
#10836 = ORIENTED_EDGE('',*,*,#6889,.F.);
#10837 = ORIENTED_EDGE('',*,*,#6863,.F.);
#10838 = ORIENTED_EDGE('',*,*,#6837,.F.);
#10839 = ORIENTED_EDGE('',*,*,#6811,.F.);
#10840 = ORIENTED_EDGE('',*,*,#6785,.F.);
#10841 = ORIENTED_EDGE('',*,*,#6759,.F.);
#10842 = ORIENTED_EDGE('',*,*,#6733,.F.);
#10843 = ORIENTED_EDGE('',*,*,#6709,.F.);
#10844 = ORIENTED_EDGE('',*,*,#6683,.F.);
#10845 = ORIENTED_EDGE('',*,*,#6657,.F.);
#10846 = ORIENTED_EDGE('',*,*,#6631,.F.);
#10847 = ORIENTED_EDGE('',*,*,#6605,.F.);
#10848 = ORIENTED_EDGE('',*,*,#6579,.F.);
#10849 = ORIENTED_EDGE('',*,*,#6553,.F.);
#10850 = ORIENTED_EDGE('',*,*,#6527,.F.);
#10851 = ORIENTED_EDGE('',*,*,#6503,.F.);
#10852 = ORIENTED_EDGE('',*,*,#6479,.F.);
#10853 = ORIENTED_EDGE('',*,*,#6455,.F.);
#10854 = ORIENTED_EDGE('',*,*,#6431,.F.);
#10855 = ORIENTED_EDGE('',*,*,#6407,.F.);
#10856 = ORIENTED_EDGE('',*,*,#6383,.F.);
#10857 = ORIENTED_EDGE('',*,*,#6357,.F.);
#10858 = ORIENTED_EDGE('',*,*,#6331,.F.);
#10859 = ORIENTED_EDGE('',*,*,#6305,.F.);
#10860 = ORIENTED_EDGE('',*,*,#6279,.F.);
#10861 = ORIENTED_EDGE('',*,*,#6253,.F.);
#10862 = ORIENTED_EDGE('',*,*,#6229,.F.);
#10863 = ORIENTED_EDGE('',*,*,#6203,.F.);
#10864 = ORIENTED_EDGE('',*,*,#6177,.F.);
#10865 = ORIENTED_EDGE('',*,*,#6151,.F.);
#10866 = ORIENTED_EDGE('',*,*,#6125,.F.);
#10867 = ORIENTED_EDGE('',*,*,#6099,.F.);
#10868 = ORIENTED_EDGE('',*,*,#6073,.F.);
#10869 = ORIENTED_EDGE('',*,*,#6047,.F.);
#10870 = PLANE('',#10871);
#10871 = AXIS2_PLACEMENT_3D('',#10872,#10873,#10874);
#10872 = CARTESIAN_POINT('',(103.55212697337,-1.,15.126413976739));
#10873 = DIRECTION('',(0.,-1.,0.));
#10874 = DIRECTION('',(1.,0.,0.));
#10875 = ADVANCED_FACE('',(#10876),#10886,.T.);
#10876 = FACE_BOUND('',#10877,.T.);
#10877 = EDGE_LOOP('',(#10878,#10879,#10880,#10881,#10882,#10883,#10884,
    #10885));
#10878 = ORIENTED_EDGE('',*,*,#7201,.F.);
#10879 = ORIENTED_EDGE('',*,*,#7177,.F.);
#10880 = ORIENTED_EDGE('',*,*,#7153,.F.);
#10881 = ORIENTED_EDGE('',*,*,#7129,.F.);
#10882 = ORIENTED_EDGE('',*,*,#7105,.F.);
#10883 = ORIENTED_EDGE('',*,*,#7081,.F.);
#10884 = ORIENTED_EDGE('',*,*,#7057,.F.);
#10885 = ORIENTED_EDGE('',*,*,#7033,.F.);
#10886 = PLANE('',#10887);
#10887 = AXIS2_PLACEMENT_3D('',#10888,#10889,#10890);
#10888 = CARTESIAN_POINT('',(124.94924819202,-1.,16.835025428518));
#10889 = DIRECTION('',(0.,-1.,0.));
#10890 = DIRECTION('',(1.,0.,0.));
#10891 = ADVANCED_FACE('',(#10892),#10898,.T.);
#10892 = FACE_BOUND('',#10893,.T.);
#10893 = EDGE_LOOP('',(#10894,#10895,#10896,#10897));
#10894 = ORIENTED_EDGE('',*,*,#7297,.F.);
#10895 = ORIENTED_EDGE('',*,*,#7273,.F.);
#10896 = ORIENTED_EDGE('',*,*,#7249,.F.);
#10897 = ORIENTED_EDGE('',*,*,#7225,.F.);
#10898 = PLANE('',#10899);
#10899 = AXIS2_PLACEMENT_3D('',#10900,#10901,#10902);
#10900 = CARTESIAN_POINT('',(133.27542375347,-1.,15.1549));
#10901 = DIRECTION('',(0.,-1.,0.));
#10902 = DIRECTION('',(1.,0.,0.));
#10903 = ADVANCED_FACE('',(#10904),#10962,.T.);
#10904 = FACE_BOUND('',#10905,.T.);
#10905 = EDGE_LOOP('',(#10906,#10907,#10908,#10909,#10910,#10911,#10912,
    #10913,#10914,#10915,#10916,#10917,#10918,#10919,#10920,#10921,
    #10922,#10923,#10924,#10925,#10926,#10927,#10928,#10929,#10930,
    #10931,#10932,#10933,#10934,#10935,#10936,#10937,#10938,#10939,
    #10940,#10941,#10942,#10943,#10944,#10945,#10946,#10947,#10948,
    #10949,#10950,#10951,#10952,#10953,#10954,#10955,#10956,#10957,
    #10958,#10959,#10960,#10961));
#10906 = ORIENTED_EDGE('',*,*,#8719,.F.);
#10907 = ORIENTED_EDGE('',*,*,#8695,.F.);
#10908 = ORIENTED_EDGE('',*,*,#8671,.F.);
#10909 = ORIENTED_EDGE('',*,*,#8647,.F.);
#10910 = ORIENTED_EDGE('',*,*,#8623,.F.);
#10911 = ORIENTED_EDGE('',*,*,#8597,.F.);
#10912 = ORIENTED_EDGE('',*,*,#8571,.F.);
#10913 = ORIENTED_EDGE('',*,*,#8545,.F.);
#10914 = ORIENTED_EDGE('',*,*,#8519,.F.);
#10915 = ORIENTED_EDGE('',*,*,#8493,.F.);
#10916 = ORIENTED_EDGE('',*,*,#8467,.F.);
#10917 = ORIENTED_EDGE('',*,*,#8443,.F.);
#10918 = ORIENTED_EDGE('',*,*,#8417,.F.);
#10919 = ORIENTED_EDGE('',*,*,#8391,.F.);
#10920 = ORIENTED_EDGE('',*,*,#8365,.F.);
#10921 = ORIENTED_EDGE('',*,*,#8339,.F.);
#10922 = ORIENTED_EDGE('',*,*,#8313,.F.);
#10923 = ORIENTED_EDGE('',*,*,#8287,.F.);
#10924 = ORIENTED_EDGE('',*,*,#8261,.F.);
#10925 = ORIENTED_EDGE('',*,*,#8237,.F.);
#10926 = ORIENTED_EDGE('',*,*,#8213,.F.);
#10927 = ORIENTED_EDGE('',*,*,#8189,.F.);
#10928 = ORIENTED_EDGE('',*,*,#8163,.F.);
#10929 = ORIENTED_EDGE('',*,*,#8137,.F.);
#10930 = ORIENTED_EDGE('',*,*,#8111,.F.);
#10931 = ORIENTED_EDGE('',*,*,#8085,.F.);
#10932 = ORIENTED_EDGE('',*,*,#8059,.F.);
#10933 = ORIENTED_EDGE('',*,*,#8033,.F.);
#10934 = ORIENTED_EDGE('',*,*,#8007,.F.);
#10935 = ORIENTED_EDGE('',*,*,#7981,.F.);
#10936 = ORIENTED_EDGE('',*,*,#7957,.F.);
#10937 = ORIENTED_EDGE('',*,*,#7931,.F.);
#10938 = ORIENTED_EDGE('',*,*,#7905,.F.);
#10939 = ORIENTED_EDGE('',*,*,#7879,.F.);
#10940 = ORIENTED_EDGE('',*,*,#7853,.F.);
#10941 = ORIENTED_EDGE('',*,*,#7827,.F.);
#10942 = ORIENTED_EDGE('',*,*,#7801,.F.);
#10943 = ORIENTED_EDGE('',*,*,#7777,.F.);
#10944 = ORIENTED_EDGE('',*,*,#7753,.F.);
#10945 = ORIENTED_EDGE('',*,*,#7729,.F.);
#10946 = ORIENTED_EDGE('',*,*,#7705,.F.);
#10947 = ORIENTED_EDGE('',*,*,#7681,.F.);
#10948 = ORIENTED_EDGE('',*,*,#7655,.F.);
#10949 = ORIENTED_EDGE('',*,*,#7629,.F.);
#10950 = ORIENTED_EDGE('',*,*,#7603,.F.);
#10951 = ORIENTED_EDGE('',*,*,#7577,.F.);
#10952 = ORIENTED_EDGE('',*,*,#7551,.F.);
#10953 = ORIENTED_EDGE('',*,*,#7525,.F.);
#10954 = ORIENTED_EDGE('',*,*,#7501,.F.);
#10955 = ORIENTED_EDGE('',*,*,#7477,.F.);
#10956 = ORIENTED_EDGE('',*,*,#7451,.F.);
#10957 = ORIENTED_EDGE('',*,*,#7425,.F.);
#10958 = ORIENTED_EDGE('',*,*,#7399,.F.);
#10959 = ORIENTED_EDGE('',*,*,#7373,.F.);
#10960 = ORIENTED_EDGE('',*,*,#7347,.F.);
#10961 = ORIENTED_EDGE('',*,*,#7321,.F.);
#10962 = PLANE('',#10963);
#10963 = AXIS2_PLACEMENT_3D('',#10964,#10965,#10966);
#10964 = CARTESIAN_POINT('',(144.81720823334,-1.,14.919975196699));
#10965 = DIRECTION('',(0.,-1.,0.));
#10966 = DIRECTION('',(1.,0.,0.));
#10967 = ADVANCED_FACE('',(#10968),#10982,.T.);
#10968 = FACE_BOUND('',#10969,.T.);
#10969 = EDGE_LOOP('',(#10970,#10971,#10972,#10973,#10974,#10975,#10976,
    #10977,#10978,#10979,#10980,#10981));
#10970 = ORIENTED_EDGE('',*,*,#9007,.F.);
#10971 = ORIENTED_EDGE('',*,*,#8983,.F.);
#10972 = ORIENTED_EDGE('',*,*,#8959,.F.);
#10973 = ORIENTED_EDGE('',*,*,#8935,.F.);
#10974 = ORIENTED_EDGE('',*,*,#8911,.F.);
#10975 = ORIENTED_EDGE('',*,*,#8887,.F.);
#10976 = ORIENTED_EDGE('',*,*,#8863,.F.);
#10977 = ORIENTED_EDGE('',*,*,#8839,.F.);
#10978 = ORIENTED_EDGE('',*,*,#8815,.F.);
#10979 = ORIENTED_EDGE('',*,*,#8791,.F.);
#10980 = ORIENTED_EDGE('',*,*,#8767,.F.);
#10981 = ORIENTED_EDGE('',*,*,#8743,.F.);
#10982 = PLANE('',#10983);
#10983 = AXIS2_PLACEMENT_3D('',#10984,#10985,#10986);
#10984 = CARTESIAN_POINT('',(158.47010468221,-1.,15.206328393426));
#10985 = DIRECTION('',(0.,-1.,0.));
#10986 = DIRECTION('',(1.,0.,0.));
#10987 = ADVANCED_FACE('',(#10988,#10991),#11002,.F.);
#10988 = FACE_BOUND('',#10989,.F.);
#10989 = EDGE_LOOP('',(#10990));
#10990 = ORIENTED_EDGE('',*,*,#10174,.T.);
#10991 = FACE_BOUND('',#10992,.F.);
#10992 = EDGE_LOOP('',(#10993));
#10993 = ORIENTED_EDGE('',*,*,#10994,.F.);
#10994 = EDGE_CURVE('',#10995,#10995,#10997,.T.);
#10995 = VERTEX_POINT('',#10996);
#10996 = CARTESIAN_POINT('',(12.1,21.,9.));
#10997 = CIRCLE('',#10998,3.1);
#10998 = AXIS2_PLACEMENT_3D('',#10999,#11000,#11001);
#10999 = CARTESIAN_POINT('',(9.,21.,9.));
#11000 = DIRECTION('',(0.,-1.,0.));
#11001 = DIRECTION('',(1.,0.,0.));
#11002 = PLANE('',#11003);
#11003 = AXIS2_PLACEMENT_3D('',#11004,#11005,#11006);
#11004 = CARTESIAN_POINT('',(9.,21.,9.));
#11005 = DIRECTION('',(0.,-1.,0.));
#11006 = DIRECTION('',(1.,0.,0.));
#11007 = ADVANCED_FACE('',(#11008,#11011),#11022,.F.);
#11008 = FACE_BOUND('',#11009,.F.);
#11009 = EDGE_LOOP('',(#11010));
#11010 = ORIENTED_EDGE('',*,*,#10199,.T.);
#11011 = FACE_BOUND('',#11012,.F.);
#11012 = EDGE_LOOP('',(#11013));
#11013 = ORIENTED_EDGE('',*,*,#11014,.F.);
#11014 = EDGE_CURVE('',#11015,#11015,#11017,.T.);
#11015 = VERTEX_POINT('',#11016);
#11016 = CARTESIAN_POINT('',(194.1,21.,9.));
#11017 = CIRCLE('',#11018,3.1);
#11018 = AXIS2_PLACEMENT_3D('',#11019,#11020,#11021);
#11019 = CARTESIAN_POINT('',(191.,21.,9.));
#11020 = DIRECTION('',(0.,-1.,0.));
#11021 = DIRECTION('',(1.,0.,0.));
#11022 = PLANE('',#11023);
#11023 = AXIS2_PLACEMENT_3D('',#11024,#11025,#11026);
#11024 = CARTESIAN_POINT('',(191.,21.,9.));
#11025 = DIRECTION('',(0.,-1.,0.));
#11026 = DIRECTION('',(1.,0.,0.));
#11027 = ADVANCED_FACE('',(#11028),#11039,.F.);
#11028 = FACE_BOUND('',#11029,.T.);
#11029 = EDGE_LOOP('',(#11030,#11031,#11037,#11038));
#11030 = ORIENTED_EDGE('',*,*,#10371,.F.);
#11031 = ORIENTED_EDGE('',*,*,#11032,.T.);
#11032 = EDGE_CURVE('',#10372,#10228,#11033,.T.);
#11033 = LINE('',#11034,#11035);
#11034 = CARTESIAN_POINT('',(194.,43.7,122.));
#11035 = VECTOR('',#11036,1.);
#11036 = DIRECTION('',(0.,-0.961261695938,0.275637355817));
#11037 = ORIENTED_EDGE('',*,*,#10227,.F.);
#11038 = ORIENTED_EDGE('',*,*,#11032,.F.);
#11039 = CYLINDRICAL_SURFACE('',#11040,3.);
#11040 = AXIS2_PLACEMENT_3D('',#11041,#11042,#11043);
#11041 = CARTESIAN_POINT('',(191.,43.7,122.));
#11042 = DIRECTION('',(-0.,0.961261695938,-0.275637355817));
#11043 = DIRECTION('',(1.,0.,0.));
#11044 = ADVANCED_FACE('',(#11045),#11056,.F.);
#11045 = FACE_BOUND('',#11046,.T.);
#11046 = EDGE_LOOP('',(#11047,#11048,#11054,#11055));
#11047 = ORIENTED_EDGE('',*,*,#10351,.F.);
#11048 = ORIENTED_EDGE('',*,*,#11049,.T.);
#11049 = EDGE_CURVE('',#10352,#10248,#11050,.T.);
#11050 = LINE('',#11051,#11052);
#11051 = CARTESIAN_POINT('',(12.,43.7,122.));
#11052 = VECTOR('',#11053,1.);
#11053 = DIRECTION('',(0.,-0.961261695938,0.275637355817));
#11054 = ORIENTED_EDGE('',*,*,#10247,.F.);
#11055 = ORIENTED_EDGE('',*,*,#11049,.F.);
#11056 = CYLINDRICAL_SURFACE('',#11057,3.);
#11057 = AXIS2_PLACEMENT_3D('',#11058,#11059,#11060);
#11058 = CARTESIAN_POINT('',(9.,43.7,122.));
#11059 = DIRECTION('',(-0.,0.961261695938,-0.275637355817));
#11060 = DIRECTION('',(1.,0.,0.));
#11061 = ADVANCED_FACE('',(#11062),#11073,.F.);
#11062 = FACE_BOUND('',#11063,.T.);
#11063 = EDGE_LOOP('',(#11064,#11065,#11071,#11072));
#11064 = ORIENTED_EDGE('',*,*,#10994,.F.);
#11065 = ORIENTED_EDGE('',*,*,#11066,.T.);
#11066 = EDGE_CURVE('',#10995,#10392,#11067,.T.);
#11067 = LINE('',#11068,#11069);
#11068 = CARTESIAN_POINT('',(12.1,21.,9.));
#11069 = VECTOR('',#11070,1.);
#11070 = DIRECTION('',(0.,-1.,0.));
#11071 = ORIENTED_EDGE('',*,*,#10391,.F.);
#11072 = ORIENTED_EDGE('',*,*,#11066,.F.);
#11073 = CYLINDRICAL_SURFACE('',#11074,3.1);
#11074 = AXIS2_PLACEMENT_3D('',#11075,#11076,#11077);
#11075 = CARTESIAN_POINT('',(9.,21.,9.));
#11076 = DIRECTION('',(-0.,1.,-0.));
#11077 = DIRECTION('',(1.,0.,0.));
#11078 = ADVANCED_FACE('',(#11079),#11104,.T.);
#11079 = FACE_BOUND('',#11080,.T.);
#11080 = EDGE_LOOP('',(#11081,#11091,#11097,#11098));
#11081 = ORIENTED_EDGE('',*,*,#11082,.T.);
#11082 = EDGE_CURVE('',#11083,#11085,#11087,.T.);
#11083 = VERTEX_POINT('',#11084);
#11084 = CARTESIAN_POINT('',(70.544619803477,0.,13.440590838964));
#11085 = VERTEX_POINT('',#11086);
#11086 = CARTESIAN_POINT('',(68.662627298621,0.,13.440590838964));
#11087 = LINE('',#11088,#11089);
#11088 = CARTESIAN_POINT('',(34.331313649311,0.,13.440590838964));
#11089 = VECTOR('',#11090,1.);
#11090 = DIRECTION('',(-1.,0.,0.));
#11091 = ORIENTED_EDGE('',*,*,#11092,.T.);
#11092 = EDGE_CURVE('',#11085,#10488,#11093,.T.);
#11093 = LINE('',#11094,#11095);
#11094 = CARTESIAN_POINT('',(68.662627298621,4.,13.440590838964));
#11095 = VECTOR('',#11096,1.);
#11096 = DIRECTION('',(0.,-1.,2.2E-16));
#11097 = ORIENTED_EDGE('',*,*,#10487,.T.);
#11098 = ORIENTED_EDGE('',*,*,#11099,.F.);
#11099 = EDGE_CURVE('',#11083,#10490,#11100,.T.);
#11100 = LINE('',#11101,#11102);
#11101 = CARTESIAN_POINT('',(70.544619803477,4.,13.440590838964));
#11102 = VECTOR('',#11103,1.);
#11103 = DIRECTION('',(0.,-1.,2.2E-16));
#11104 = PLANE('',#11105);
#11105 = AXIS2_PLACEMENT_3D('',#11106,#11107,#11108);
#11106 = CARTESIAN_POINT('',(68.662627298621,4.,13.440590838964));
#11107 = DIRECTION('',(0.,2.2E-16,1.));
#11108 = DIRECTION('',(1.,0.,0.));
#11109 = ADVANCED_FACE('',(#11110),#11128,.T.);
#11110 = FACE_BOUND('',#11111,.T.);
#11111 = EDGE_LOOP('',(#11112,#11120,#11126,#11127));
#11112 = ORIENTED_EDGE('',*,*,#11113,.T.);
#11113 = EDGE_CURVE('',#11085,#11114,#11116,.T.);
#11114 = VERTEX_POINT('',#11115);
#11115 = CARTESIAN_POINT('',(69.335001946432,0.,19.709704825341));
#11116 = LINE('',#11117,#11118);
#11117 = CARTESIAN_POINT('',(67.895825174477,-4.4E-16,6.291050122475));
#11118 = VECTOR('',#11119,1.);
#11119 = DIRECTION('',(0.106640354565,0.,0.994297659043));
#11120 = ORIENTED_EDGE('',*,*,#11121,.T.);
#11121 = EDGE_CURVE('',#11114,#10498,#11122,.T.);
#11122 = LINE('',#11123,#11124);
#11123 = CARTESIAN_POINT('',(69.335001946432,4.,19.709704825341));
#11124 = VECTOR('',#11125,1.);
#11125 = DIRECTION('',(0.,-1.,2.2E-16));
#11126 = ORIENTED_EDGE('',*,*,#10497,.T.);
#11127 = ORIENTED_EDGE('',*,*,#11092,.F.);
#11128 = PLANE('',#11129);
#11129 = AXIS2_PLACEMENT_3D('',#11130,#11131,#11132);
#11130 = CARTESIAN_POINT('',(69.335001946432,4.,19.709704825341));
#11131 = DIRECTION('',(0.994297659043,-2.E-17,-0.106640354565));
#11132 = DIRECTION('',(-0.106640354565,2.2E-16,-0.994297659043));
#11133 = ADVANCED_FACE('',(#11134),#11155,.T.);
#11134 = FACE_BOUND('',#11135,.T.);
#11135 = EDGE_LOOP('',(#11136,#11147,#11153,#11154));
#11136 = ORIENTED_EDGE('',*,*,#11137,.T.);
#11137 = EDGE_CURVE('',#11114,#11138,#11140,.T.);
#11138 = VERTEX_POINT('',#11139);
#11139 = CARTESIAN_POINT('',(69.38533430412,0.,20.297827483109));
#11140 = B_SPLINE_CURVE_WITH_KNOTS('',5,(#11141,#11142,#11143,#11144,
    #11145,#11146),.UNSPECIFIED.,.F.,.F.,(6,6),(0.,1.),
  .PIECEWISE_BEZIER_KNOTS.);
#11141 = CARTESIAN_POINT('',(69.335001946432,0.,19.709704825341));
#11142 = CARTESIAN_POINT('',(69.355821539704,0.,19.813802791704));
#11143 = CARTESIAN_POINT('',(69.370937781308,0.,19.925365385544));
#11144 = CARTESIAN_POINT('',(69.380653282607,0.,20.043681123874));
#11145 = CARTESIAN_POINT('',(69.38533430412,0.,20.168039810397));
#11146 = CARTESIAN_POINT('',(69.38533430412,0.,20.297827483109));
#11147 = ORIENTED_EDGE('',*,*,#11148,.T.);
#11148 = EDGE_CURVE('',#11138,#10506,#11149,.T.);
#11149 = LINE('',#11150,#11151);
#11150 = CARTESIAN_POINT('',(69.38533430412,4.,20.297827483109));
#11151 = VECTOR('',#11152,1.);
#11152 = DIRECTION('',(0.,-1.,2.2E-16));
#11153 = ORIENTED_EDGE('',*,*,#10505,.T.);
#11154 = ORIENTED_EDGE('',*,*,#11121,.F.);
#11155 = SURFACE_OF_LINEAR_EXTRUSION('',#11156,#11160);
#11156 = B_SPLINE_CURVE_WITH_KNOTS('',2,(#11157,#11158,#11159),
  .UNSPECIFIED.,.F.,.F.,(3,3),(0.,1.),.PIECEWISE_BEZIER_KNOTS.);
#11157 = CARTESIAN_POINT('',(69.38533430412,4.,20.297827483109));
#11158 = CARTESIAN_POINT('',(69.38533430412,4.,19.961366613781));
#11159 = CARTESIAN_POINT('',(69.335001946432,4.,19.709704825341));
#11160 = VECTOR('',#11161,1.);
#11161 = DIRECTION('',(0.,1.,-2.2E-16));
#11162 = ADVANCED_FACE('',(#11163),#11183,.T.);
#11163 = FACE_BOUND('',#11164,.T.);
#11164 = EDGE_LOOP('',(#11165,#11175,#11181,#11182));
#11165 = ORIENTED_EDGE('',*,*,#11166,.T.);
#11166 = EDGE_CURVE('',#11138,#11167,#11169,.T.);
#11167 = VERTEX_POINT('',#11168);
#11168 = CARTESIAN_POINT('',(69.401747029453,0.,20.641947624258));
#11169 = B_SPLINE_CURVE_WITH_KNOTS('',4,(#11170,#11171,#11172,#11173,
    #11174),.UNSPECIFIED.,.F.,.F.,(5,5),(0.,1.),
  .PIECEWISE_BEZIER_KNOTS.);
#11170 = CARTESIAN_POINT('',(69.38533430412,0.,20.297827483109));
#11171 = CARTESIAN_POINT('',(69.38533430412,0.,20.382030483652));
#11172 = CARTESIAN_POINT('',(69.388084417607,0.,20.467469119544));
#11173 = CARTESIAN_POINT('',(69.393564089656,0.,20.554117403777));
#11174 = CARTESIAN_POINT('',(69.401747029453,0.,20.641947624258));
#11175 = ORIENTED_EDGE('',*,*,#11176,.T.);
#11176 = EDGE_CURVE('',#11167,#10514,#11177,.T.);
#11177 = LINE('',#11178,#11179);
#11178 = CARTESIAN_POINT('',(69.401747029453,4.,20.641947624258));
#11179 = VECTOR('',#11180,1.);
#11180 = DIRECTION('',(0.,-1.,2.2E-16));
#11181 = ORIENTED_EDGE('',*,*,#10513,.T.);
#11182 = ORIENTED_EDGE('',*,*,#11148,.F.);
#11183 = SURFACE_OF_LINEAR_EXTRUSION('',#11184,#11188);
#11184 = B_SPLINE_CURVE_WITH_KNOTS('',2,(#11185,#11186,#11187),
  .UNSPECIFIED.,.F.,.F.,(3,3),(0.,1.),.PIECEWISE_BEZIER_KNOTS.);
#11185 = CARTESIAN_POINT('',(69.401747029453,4.,20.641947624258));
#11186 = CARTESIAN_POINT('',(69.38533430412,4.,20.46578437235));
#11187 = CARTESIAN_POINT('',(69.38533430412,4.,20.297827483109));
#11188 = VECTOR('',#11189,1.);
#11189 = DIRECTION('',(0.,1.,-2.2E-16));
#11190 = ADVANCED_FACE('',(#11191),#11211,.T.);
#11191 = FACE_BOUND('',#11192,.T.);
#11192 = EDGE_LOOP('',(#11193,#11203,#11209,#11210));
#11193 = ORIENTED_EDGE('',*,*,#11194,.T.);
#11194 = EDGE_CURVE('',#11167,#11195,#11197,.T.);
#11195 = VERTEX_POINT('',#11196);
#11196 = CARTESIAN_POINT('',(69.41870684563,0.,20.986614856252));
#11197 = B_SPLINE_CURVE_WITH_KNOTS('',4,(#11198,#11199,#11200,#11201,
    #11202),.UNSPECIFIED.,.F.,.F.,(5,5),(0.,1.),
  .PIECEWISE_BEZIER_KNOTS.);
#11198 = CARTESIAN_POINT('',(69.401747029453,0.,20.641947624258));
#11199 = CARTESIAN_POINT('',(69.410201085225,0.,20.730033431173));
#11200 = CARTESIAN_POINT('',(69.415864034218,0.,20.816859974538));
#11201 = CARTESIAN_POINT('',(69.41870684563,0.,20.902396659369));
#11202 = CARTESIAN_POINT('',(69.41870684563,0.,20.986614856252));
#11203 = ORIENTED_EDGE('',*,*,#11204,.T.);
#11204 = EDGE_CURVE('',#11195,#10522,#11205,.T.);
#11205 = LINE('',#11206,#11207);
#11206 = CARTESIAN_POINT('',(69.41870684563,4.,20.986614856252));
#11207 = VECTOR('',#11208,1.);
#11208 = DIRECTION('',(0.,-1.,2.2E-16));
#11209 = ORIENTED_EDGE('',*,*,#10521,.T.);
#11210 = ORIENTED_EDGE('',*,*,#11176,.F.);
#11211 = SURFACE_OF_LINEAR_EXTRUSION('',#11212,#11216);
#11212 = B_SPLINE_CURVE_WITH_KNOTS('',2,(#11213,#11214,#11215),
  .UNSPECIFIED.,.F.,.F.,(3,3),(0.,1.),.PIECEWISE_BEZIER_KNOTS.);
#11213 = CARTESIAN_POINT('',(69.41870684563,4.,20.986614856252));
#11214 = CARTESIAN_POINT('',(69.41870684563,4.,20.81865796701));
#11215 = CARTESIAN_POINT('',(69.401747029453,4.,20.641947624258));
#11216 = VECTOR('',#11217,1.);
#11217 = DIRECTION('',(0.,1.,-2.2E-16));
#11218 = ADVANCED_FACE('',(#11219),#11239,.T.);
#11219 = FACE_BOUND('',#11220,.T.);
#11220 = EDGE_LOOP('',(#11221,#11231,#11237,#11238));
#11221 = ORIENTED_EDGE('',*,*,#11222,.T.);
#11222 = EDGE_CURVE('',#11195,#11223,#11225,.T.);
#11223 = VERTEX_POINT('',#11224);
#11224 = CARTESIAN_POINT('',(69.435666661808,0.,21.238823735536));
#11225 = B_SPLINE_CURVE_WITH_KNOTS('',4,(#11226,#11227,#11228,#11229,
    #11230),.UNSPECIFIED.,.F.,.F.,(5,5),(0.,1.),
  .PIECEWISE_BEZIER_KNOTS.);
#11226 = CARTESIAN_POINT('',(69.41870684563,0.,20.986614856252));
#11227 = CARTESIAN_POINT('',(69.41870684563,0.,21.045670152051));
#11228 = CARTESIAN_POINT('',(69.42155692093,0.,21.10742607451));
#11229 = CARTESIAN_POINT('',(69.427224435469,0.,21.171830584589));
#11230 = CARTESIAN_POINT('',(69.435666661808,0.,21.238823735536));
#11231 = ORIENTED_EDGE('',*,*,#11232,.T.);
#11232 = EDGE_CURVE('',#11223,#10530,#11233,.T.);
#11233 = LINE('',#11234,#11235);
#11234 = CARTESIAN_POINT('',(69.435666661808,4.,21.238823735536));
#11235 = VECTOR('',#11236,1.);
#11236 = DIRECTION('',(0.,-1.,2.2E-16));
#11237 = ORIENTED_EDGE('',*,*,#10529,.T.);
#11238 = ORIENTED_EDGE('',*,*,#11204,.F.);
#11239 = SURFACE_OF_LINEAR_EXTRUSION('',#11240,#11244);
#11240 = B_SPLINE_CURVE_WITH_KNOTS('',2,(#11241,#11242,#11243),
  .UNSPECIFIED.,.F.,.F.,(3,3),(0.,1.),.PIECEWISE_BEZIER_KNOTS.);
#11241 = CARTESIAN_POINT('',(69.435666661808,4.,21.238823735536));
#11242 = CARTESIAN_POINT('',(69.41870684563,4.,21.104239387805));
#11243 = CARTESIAN_POINT('',(69.41870684563,4.,20.986614856252));
#11244 = VECTOR('',#11245,1.);
#11245 = DIRECTION('',(0.,1.,-2.2E-16));
#11246 = ADVANCED_FACE('',(#11247),#11267,.T.);
#11247 = FACE_BOUND('',#11248,.T.);
#11248 = EDGE_LOOP('',(#11249,#11259,#11265,#11266));
#11249 = ORIENTED_EDGE('',*,*,#11250,.T.);
#11250 = EDGE_CURVE('',#11223,#11251,#11253,.T.);
#11251 = VERTEX_POINT('',#11252);
#11252 = CARTESIAN_POINT('',(69.435666661808,0.,21.474072798643));
#11253 = B_SPLINE_CURVE_WITH_KNOTS('',4,(#11254,#11255,#11256,#11257,
    #11258),.UNSPECIFIED.,.F.,.F.,(5,5),(0.,1.),
  .PIECEWISE_BEZIER_KNOTS.);
#11254 = CARTESIAN_POINT('',(69.435666661808,0.,21.238823735536));
#11255 = CARTESIAN_POINT('',(69.435666661808,0.,21.297636001313));
#11256 = CARTESIAN_POINT('',(69.435666661808,0.,21.35644826709));
#11257 = CARTESIAN_POINT('',(69.435666661808,0.,21.415260532866));
#11258 = CARTESIAN_POINT('',(69.435666661808,0.,21.474072798643));
#11259 = ORIENTED_EDGE('',*,*,#11260,.T.);
#11260 = EDGE_CURVE('',#11251,#10538,#11261,.T.);
#11261 = LINE('',#11262,#11263);
#11262 = CARTESIAN_POINT('',(69.435666661808,4.,21.474072798643));
#11263 = VECTOR('',#11264,1.);
#11264 = DIRECTION('',(0.,-1.,2.2E-16));
#11265 = ORIENTED_EDGE('',*,*,#10537,.T.);
#11266 = ORIENTED_EDGE('',*,*,#11232,.F.);
#11267 = SURFACE_OF_LINEAR_EXTRUSION('',#11268,#11272);
#11268 = B_SPLINE_CURVE_WITH_KNOTS('',2,(#11269,#11270,#11271),
  .UNSPECIFIED.,.F.,.F.,(3,3),(0.,1.),.PIECEWISE_BEZIER_KNOTS.);
#11269 = CARTESIAN_POINT('',(69.435666661808,4.,21.474072798643));
#11270 = CARTESIAN_POINT('',(69.435666661808,4.,21.35644826709));
#11271 = CARTESIAN_POINT('',(69.435666661808,4.,21.238823735536));
#11272 = VECTOR('',#11273,1.);
#11273 = DIRECTION('',(0.,1.,-2.2E-16));
#11274 = ADVANCED_FACE('',(#11275),#11293,.T.);
#11275 = FACE_BOUND('',#11276,.T.);
#11276 = EDGE_LOOP('',(#11277,#11285,#11291,#11292));
#11277 = ORIENTED_EDGE('',*,*,#11278,.T.);
#11278 = EDGE_CURVE('',#11251,#11279,#11281,.T.);
#11279 = VERTEX_POINT('',#11280);
#11280 = CARTESIAN_POINT('',(69.435666661808,0.,21.961530741035));
#11281 = LINE('',#11282,#11283);
#11282 = CARTESIAN_POINT('',(69.435666661808,0.,10.980765370517));
#11283 = VECTOR('',#11284,1.);
#11284 = DIRECTION('',(0.,0.,1.));
#11285 = ORIENTED_EDGE('',*,*,#11286,.T.);
#11286 = EDGE_CURVE('',#11279,#10546,#11287,.T.);
#11287 = LINE('',#11288,#11289);
#11288 = CARTESIAN_POINT('',(69.435666661808,4.,21.961530741035));
#11289 = VECTOR('',#11290,1.);
#11290 = DIRECTION('',(0.,-1.,2.2E-16));
#11291 = ORIENTED_EDGE('',*,*,#10545,.T.);
#11292 = ORIENTED_EDGE('',*,*,#11260,.F.);
#11293 = PLANE('',#11294);
#11294 = AXIS2_PLACEMENT_3D('',#11295,#11296,#11297);
#11295 = CARTESIAN_POINT('',(69.435666661808,4.,21.961530741035));
#11296 = DIRECTION('',(1.,0.,0.));
#11297 = DIRECTION('',(0.,2.2E-16,-1.));
#11298 = ADVANCED_FACE('',(#11299),#11317,.T.);
#11299 = FACE_BOUND('',#11300,.T.);
#11300 = EDGE_LOOP('',(#11301,#11309,#11315,#11316));
#11301 = ORIENTED_EDGE('',*,*,#11302,.T.);
#11302 = EDGE_CURVE('',#11279,#11303,#11305,.T.);
#11303 = VERTEX_POINT('',#11304);
#11304 = CARTESIAN_POINT('',(69.771580440291,0.,21.961530741035));
#11305 = LINE('',#11306,#11307);
#11306 = CARTESIAN_POINT('',(34.885790220145,0.,21.961530741035));
#11307 = VECTOR('',#11308,1.);
#11308 = DIRECTION('',(1.,0.,0.));
#11309 = ORIENTED_EDGE('',*,*,#11310,.T.);
#11310 = EDGE_CURVE('',#11303,#10554,#11311,.T.);
#11311 = LINE('',#11312,#11313);
#11312 = CARTESIAN_POINT('',(69.771580440291,4.,21.961530741035));
#11313 = VECTOR('',#11314,1.);
#11314 = DIRECTION('',(0.,-1.,2.2E-16));
#11315 = ORIENTED_EDGE('',*,*,#10553,.T.);
#11316 = ORIENTED_EDGE('',*,*,#11286,.F.);
#11317 = PLANE('',#11318);
#11318 = AXIS2_PLACEMENT_3D('',#11319,#11320,#11321);
#11319 = CARTESIAN_POINT('',(69.771580440291,4.,21.961530741035));
#11320 = DIRECTION('',(0.,-2.2E-16,-1.));
#11321 = DIRECTION('',(-1.,0.,0.));
#11322 = ADVANCED_FACE('',(#11323),#11344,.T.);
#11323 = FACE_BOUND('',#11324,.T.);
#11324 = EDGE_LOOP('',(#11325,#11336,#11342,#11343));
#11325 = ORIENTED_EDGE('',*,*,#11326,.T.);
#11326 = EDGE_CURVE('',#11303,#11327,#11329,.T.);
#11327 = VERTEX_POINT('',#11328);
#11328 = CARTESIAN_POINT('',(69.788540256468,0.,21.079073208961));
#11329 = B_SPLINE_CURVE_WITH_KNOTS('',5,(#11330,#11331,#11332,#11333,
    #11334,#11335),.UNSPECIFIED.,.F.,.F.,(6,6),(0.,1.),
  .PIECEWISE_BEZIER_KNOTS.);
#11330 = CARTESIAN_POINT('',(69.771580440291,0.,21.961530741035));
#11331 = CARTESIAN_POINT('',(69.771580440291,0.,21.768822918333));
#11332 = CARTESIAN_POINT('',(69.773031557089,0.,21.582680740994));
#11333 = CARTESIAN_POINT('',(69.776146427362,0.,21.404301125157));
#11334 = CARTESIAN_POINT('',(69.78120094715,0.,21.235566223764));
#11335 = CARTESIAN_POINT('',(69.788540256468,0.,21.079073208961));
#11336 = ORIENTED_EDGE('',*,*,#11337,.T.);
#11337 = EDGE_CURVE('',#11327,#10562,#11338,.T.);
#11338 = LINE('',#11339,#11340);
#11339 = CARTESIAN_POINT('',(69.788540256468,4.,21.079073208961));
#11340 = VECTOR('',#11341,1.);
#11341 = DIRECTION('',(0.,-1.,2.2E-16));
#11342 = ORIENTED_EDGE('',*,*,#10561,.T.);
#11343 = ORIENTED_EDGE('',*,*,#11310,.F.);
#11344 = SURFACE_OF_LINEAR_EXTRUSION('',#11345,#11349);
#11345 = B_SPLINE_CURVE_WITH_KNOTS('',2,(#11346,#11347,#11348),
  .UNSPECIFIED.,.F.,.F.,(3,3),(0.,1.),.PIECEWISE_BEZIER_KNOTS.);
#11346 = CARTESIAN_POINT('',(69.788540256468,4.,21.079073208961));
#11347 = CARTESIAN_POINT('',(69.771580440291,4.,21.440700257133));
#11348 = CARTESIAN_POINT('',(69.771580440291,4.,21.961530741035));
#11349 = VECTOR('',#11350,1.);
#11350 = DIRECTION('',(0.,1.,-2.2E-16));
#11351 = ADVANCED_FACE('',(#11352),#11372,.T.);
#11352 = FACE_BOUND('',#11353,.T.);
#11353 = EDGE_LOOP('',(#11354,#11364,#11370,#11371));
#11354 = ORIENTED_EDGE('',*,*,#11355,.T.);
#11355 = EDGE_CURVE('',#11327,#11356,#11358,.T.);
#11356 = VERTEX_POINT('',#11357);
#11357 = CARTESIAN_POINT('',(69.821912797979,0.,20.406698561151));
#11358 = B_SPLINE_CURVE_WITH_KNOTS('',4,(#11359,#11360,#11361,#11362,
    #11363),.UNSPECIFIED.,.F.,.F.,(5,5),(0.,1.),
  .PIECEWISE_BEZIER_KNOTS.);
#11359 = CARTESIAN_POINT('',(69.788540256468,0.,21.079073208961));
#11360 = CARTESIAN_POINT('',(69.796826104527,0.,20.902664830923));
#11361 = CARTESIAN_POINT('',(69.805152387076,0.,20.731463939206));
#11362 = CARTESIAN_POINT('',(69.813516353965,0.,20.56595111595));
#11363 = CARTESIAN_POINT('',(69.821912797979,0.,20.406698561151));
#11364 = ORIENTED_EDGE('',*,*,#11365,.T.);
#11365 = EDGE_CURVE('',#11356,#10570,#11366,.T.);
#11366 = LINE('',#11367,#11368);
#11367 = CARTESIAN_POINT('',(69.821912797979,4.,20.406698561151));
#11368 = VECTOR('',#11369,1.);
#11369 = DIRECTION('',(0.,-1.,2.2E-16));
#11370 = ORIENTED_EDGE('',*,*,#10569,.T.);
#11371 = ORIENTED_EDGE('',*,*,#11337,.F.);
#11372 = SURFACE_OF_LINEAR_EXTRUSION('',#11373,#11377);
#11373 = B_SPLINE_CURVE_WITH_KNOTS('',2,(#11374,#11375,#11376),
  .UNSPECIFIED.,.F.,.F.,(3,3),(0.,1.),.PIECEWISE_BEZIER_KNOTS.);
#11374 = CARTESIAN_POINT('',(69.821912797979,4.,20.406698561151));
#11375 = CARTESIAN_POINT('',(69.805500072645,4.,20.717993251634));
#11376 = CARTESIAN_POINT('',(69.788540256468,4.,21.079073208961));
#11377 = VECTOR('',#11378,1.);
#11378 = DIRECTION('',(0.,1.,-2.2E-16));
#11379 = ADVANCED_FACE('',(#11380),#11401,.T.);
#11380 = FACE_BOUND('',#11381,.T.);
#11381 = EDGE_LOOP('',(#11382,#11393,#11399,#11400));
#11382 = ORIENTED_EDGE('',*,*,#11383,.T.);
#11383 = EDGE_CURVE('',#11356,#11384,#11386,.T.);
#11384 = VERTEX_POINT('',#11385);
#11385 = CARTESIAN_POINT('',(69.872792246511,0.,19.709704825341));
#11386 = B_SPLINE_CURVE_WITH_KNOTS('',5,(#11387,#11388,#11389,#11390,
    #11391,#11392),.UNSPECIFIED.,.F.,.F.,(6,6),(0.,1.),
  .PIECEWISE_BEZIER_KNOTS.);
#11387 = CARTESIAN_POINT('',(69.821912797979,0.,20.406698561151));
#11388 = CARTESIAN_POINT('',(69.828942489936,0.,20.277896463347));
#11389 = CARTESIAN_POINT('',(69.837668518347,0.,20.143273582589));
#11390 = CARTESIAN_POINT('',(69.847962676072,0.,20.003384394424));
#11391 = CARTESIAN_POINT('',(69.859705690444,0.,19.858722705713));
#11392 = CARTESIAN_POINT('',(69.872792246511,0.,19.709704825341));
#11393 = ORIENTED_EDGE('',*,*,#11394,.T.);
#11394 = EDGE_CURVE('',#11384,#10578,#11395,.T.);
#11395 = LINE('',#11396,#11397);
#11396 = CARTESIAN_POINT('',(69.872792246511,4.,19.709704825341));
#11397 = VECTOR('',#11398,1.);
#11398 = DIRECTION('',(0.,-1.,2.2E-16));
#11399 = ORIENTED_EDGE('',*,*,#10577,.T.);
#11400 = ORIENTED_EDGE('',*,*,#11365,.F.);
#11401 = SURFACE_OF_LINEAR_EXTRUSION('',#11402,#11406);
#11402 = B_SPLINE_CURVE_WITH_KNOTS('',2,(#11403,#11404,#11405),
  .UNSPECIFIED.,.F.,.F.,(3,3),(0.,1.),.PIECEWISE_BEZIER_KNOTS.);
#11403 = CARTESIAN_POINT('',(69.872792246511,4.,19.709704825341));
#11404 = CARTESIAN_POINT('',(69.838872614156,4.,20.095950961512));
#11405 = CARTESIAN_POINT('',(69.821912797979,4.,20.406698561151));
#11406 = VECTOR('',#11407,1.);
#11407 = DIRECTION('',(0.,1.,-2.2E-16));
#11408 = ADVANCED_FACE('',(#11409),#11420,.T.);
#11409 = FACE_BOUND('',#11410,.T.);
#11410 = EDGE_LOOP('',(#11411,#11417,#11418,#11419));
#11411 = ORIENTED_EDGE('',*,*,#11412,.T.);
#11412 = EDGE_CURVE('',#11384,#11083,#11413,.T.);
#11413 = LINE('',#11414,#11415);
#11414 = CARTESIAN_POINT('',(70.856143809183,-4.4E-16,10.533625381812));
#11415 = VECTOR('',#11416,1.);
#11416 = DIRECTION('',(0.106554570118,0.,-0.994306855848));
#11417 = ORIENTED_EDGE('',*,*,#11099,.T.);
#11418 = ORIENTED_EDGE('',*,*,#10585,.T.);
#11419 = ORIENTED_EDGE('',*,*,#11394,.F.);
#11420 = PLANE('',#11421);
#11421 = AXIS2_PLACEMENT_3D('',#11422,#11423,#11424);
#11422 = CARTESIAN_POINT('',(70.544619803477,4.,13.440590838964));
#11423 = DIRECTION('',(-0.994306855848,-2.E-17,-0.106554570118));
#11424 = DIRECTION('',(-0.106554570118,-2.2E-16,0.994306855848));
#11425 = ADVANCED_FACE('',(#11426),#11458,.T.);
#11426 = FACE_BOUND('',#11427,.T.);
#11427 = EDGE_LOOP('',(#11428,#11445,#11451,#11452));
#11428 = ORIENTED_EDGE('',*,*,#11429,.T.);
#11429 = EDGE_CURVE('',#11430,#11432,#11434,.T.);
#11430 = VERTEX_POINT('',#11431);
#11431 = CARTESIAN_POINT('',(80.478695356722,0.,13.22175450119));
#11432 = VERTEX_POINT('',#11433);
#11433 = CARTESIAN_POINT('',(80.159741394417,0.,15.238878444621));
#11434 = B_SPLINE_CURVE_WITH_KNOTS('',5,(#11435,#11436,#11437,#11438,
    #11439,#11440,#11441,#11442,#11443,#11444),.UNSPECIFIED.,.F.,.F.,(6,
    4,6),(0.,0.668971672324,1.),.UNSPECIFIED.);
#11435 = CARTESIAN_POINT('',(80.478695356722,0.,13.22175450119));
#11436 = CARTESIAN_POINT('',(80.394453291764,0.,13.48372853853));
#11437 = CARTESIAN_POINT('',(80.323398697519,0.,13.749392726189));
#11438 = CARTESIAN_POINT('',(80.26622072402,0.,14.018130195842));
#11439 = CARTESIAN_POINT('',(80.223358456114,0.,14.289214988596));
#11440 = CARTESIAN_POINT('',(80.180814531859,0.,14.696671820203));
#11441 = CARTESIAN_POINT('',(80.170257384086,0.,14.831920288542));
#11442 = CARTESIAN_POINT('',(80.163236453519,0.,14.967437193538));
#11443 = CARTESIAN_POINT('',(80.159741394417,0.,15.103122905793));
#11444 = CARTESIAN_POINT('',(80.159741394417,0.,15.238878444621));
#11445 = ORIENTED_EDGE('',*,*,#11446,.T.);
#11446 = EDGE_CURVE('',#11432,#10625,#11447,.T.);
#11447 = LINE('',#11448,#11449);
#11448 = CARTESIAN_POINT('',(80.159741394417,4.,15.238878444621));
#11449 = VECTOR('',#11450,1.);
#11450 = DIRECTION('',(0.,-1.,2.2E-16));
#11451 = ORIENTED_EDGE('',*,*,#10624,.T.);
#11452 = ORIENTED_EDGE('',*,*,#11453,.F.);
#11453 = EDGE_CURVE('',#11430,#10627,#11454,.T.);
#11454 = LINE('',#11455,#11456);
#11455 = CARTESIAN_POINT('',(80.478695356722,4.,13.22175450119));
#11456 = VECTOR('',#11457,1.);
#11457 = DIRECTION('',(0.,-1.,2.2E-16));
#11458 = SURFACE_OF_LINEAR_EXTRUSION('',#11459,#11463);
#11459 = B_SPLINE_CURVE_WITH_KNOTS('',2,(#11460,#11461,#11462),
  .UNSPECIFIED.,.F.,.F.,(3,3),(0.,1.),.PIECEWISE_BEZIER_KNOTS.);
#11460 = CARTESIAN_POINT('',(80.159741394417,4.,15.238878444621));
#11461 = CARTESIAN_POINT('',(80.159741394417,4.,14.21363020215));
#11462 = CARTESIAN_POINT('',(80.478695356722,4.,13.22175450119));
#11463 = VECTOR('',#11464,1.);
#11464 = DIRECTION('',(0.,1.,-2.2E-16));
#11465 = ADVANCED_FACE('',(#11466),#11489,.T.);
#11466 = FACE_BOUND('',#11467,.T.);
#11467 = EDGE_LOOP('',(#11468,#11481,#11487,#11488));
#11468 = ORIENTED_EDGE('',*,*,#11469,.T.);
#11469 = EDGE_CURVE('',#11432,#11470,#11472,.T.);
#11470 = VERTEX_POINT('',#11471);
#11471 = CARTESIAN_POINT('',(80.243446293615,0.,16.238960508247));
#11472 = B_SPLINE_CURVE_WITH_KNOTS('',4,(#11473,#11474,#11475,#11476,
    #11477,#11478,#11479,#11480),.UNSPECIFIED.,.F.,.F.,(5,3,5),(0.,
    0.624135574855,1.),.UNSPECIFIED.);
#11473 = CARTESIAN_POINT('',(80.159741394417,0.,15.238878444621));
#11474 = CARTESIAN_POINT('',(80.159741394417,0.,15.395970042243));
#11475 = CARTESIAN_POINT('',(80.165153679536,0.,15.552781395513));
#11476 = CARTESIAN_POINT('',(80.176022864124,0.,15.709167228323));
#11477 = CARTESIAN_POINT('',(80.202156944251,0.,15.958818426804));
#11478 = CARTESIAN_POINT('',(80.21395343796,0.,16.052446953029));
#11479 = CARTESIAN_POINT('',(80.227720253017,0.,16.145837679608));
#11480 = CARTESIAN_POINT('',(80.243446293615,0.,16.238960508247));
#11481 = ORIENTED_EDGE('',*,*,#11482,.T.);
#11482 = EDGE_CURVE('',#11470,#10635,#11483,.T.);
#11483 = LINE('',#11484,#11485);
#11484 = CARTESIAN_POINT('',(80.243446293615,4.,16.238960508247));
#11485 = VECTOR('',#11486,1.);
#11486 = DIRECTION('',(0.,-1.,2.2E-16));
#11487 = ORIENTED_EDGE('',*,*,#10634,.T.);
#11488 = ORIENTED_EDGE('',*,*,#11446,.F.);
#11489 = SURFACE_OF_LINEAR_EXTRUSION('',#11490,#11494);
#11490 = B_SPLINE_CURVE_WITH_KNOTS('',2,(#11491,#11492,#11493),
  .UNSPECIFIED.,.F.,.F.,(3,3),(0.,1.),.PIECEWISE_BEZIER_KNOTS.);
#11491 = CARTESIAN_POINT('',(80.243446293615,4.,16.238960508247));
#11492 = CARTESIAN_POINT('',(80.159741394417,4.,15.74329620319));
#11493 = CARTESIAN_POINT('',(80.159741394417,4.,15.238878444621));
#11494 = VECTOR('',#11495,1.);
#11495 = DIRECTION('',(0.,1.,-2.2E-16));
#11496 = ADVANCED_FACE('',(#11497),#11518,.T.);
#11497 = FACE_BOUND('',#11498,.T.);
#11498 = EDGE_LOOP('',(#11499,#11510,#11516,#11517));
#11499 = ORIENTED_EDGE('',*,*,#11500,.T.);
#11500 = EDGE_CURVE('',#11470,#11501,#11503,.T.);
#11501 = VERTEX_POINT('',#11502);
#11502 = CARTESIAN_POINT('',(80.478695356722,0.,17.205122939519));
#11503 = B_SPLINE_CURVE_WITH_KNOTS('',5,(#11504,#11505,#11506,#11507,
    #11508,#11509),.UNSPECIFIED.,.F.,.F.,(6,6),(0.,1.),
  .PIECEWISE_BEZIER_KNOTS.);
#11504 = CARTESIAN_POINT('',(80.243446293615,0.,16.238960508247));
#11505 = CARTESIAN_POINT('',(80.27697375656,0.,16.436206491544));
#11506 = CARTESIAN_POINT('',(80.317221000149,0.,16.631630916566));
#11507 = CARTESIAN_POINT('',(80.364251379258,0.,16.825045175863));
#11508 = CARTESIAN_POINT('',(80.418085790486,0.,17.016267044726));
#11509 = CARTESIAN_POINT('',(80.478695356722,0.,17.205122939519));
#11510 = ORIENTED_EDGE('',*,*,#11511,.T.);
#11511 = EDGE_CURVE('',#11501,#10643,#11512,.T.);
#11512 = LINE('',#11513,#11514);
#11513 = CARTESIAN_POINT('',(80.478695356722,4.,17.205122939519));
#11514 = VECTOR('',#11515,1.);
#11515 = DIRECTION('',(0.,-1.,2.2E-16));
#11516 = ORIENTED_EDGE('',*,*,#10642,.T.);
#11517 = ORIENTED_EDGE('',*,*,#11482,.F.);
#11518 = SURFACE_OF_LINEAR_EXTRUSION('',#11519,#11523);
#11519 = B_SPLINE_CURVE_WITH_KNOTS('',2,(#11520,#11521,#11522),
  .UNSPECIFIED.,.F.,.F.,(3,3),(0.,1.),.PIECEWISE_BEZIER_KNOTS.);
#11520 = CARTESIAN_POINT('',(80.478695356722,4.,17.205122939519));
#11521 = CARTESIAN_POINT('',(80.327698283658,4.,16.734624813305));
#11522 = CARTESIAN_POINT('',(80.243446293615,4.,16.238960508247));
#11523 = VECTOR('',#11524,1.);
#11524 = DIRECTION('',(0.,1.,-2.2E-16));
#11525 = ADVANCED_FACE('',(#11526),#11551,.T.);
#11526 = FACE_BOUND('',#11527,.T.);
#11527 = EDGE_LOOP('',(#11528,#11543,#11549,#11550));
#11528 = ORIENTED_EDGE('',*,*,#11529,.T.);
#11529 = EDGE_CURVE('',#11501,#11530,#11532,.T.);
#11530 = VERTEX_POINT('',#11531);
#11531 = CARTESIAN_POINT('',(81.361152888796,0.,18.9027458298));
#11532 = B_SPLINE_CURVE_WITH_KNOTS('',5,(#11533,#11534,#11535,#11536,
    #11537,#11538,#11539,#11540,#11541,#11542),.UNSPECIFIED.,.F.,.F.,(6,
    4,6),(0.,0.562436598659,1.),.UNSPECIFIED.);
#11533 = CARTESIAN_POINT('',(80.478695356722,0.,17.205122939519));
#11534 = CARTESIAN_POINT('',(80.54610421807,0.,17.411128320493));
#11535 = CARTESIAN_POINT('',(80.622562155271,0.,17.61378515991));
#11536 = CARTESIAN_POINT('',(80.708160052882,0.,17.812556010868));
#11537 = CARTESIAN_POINT('',(80.802840639178,0.,18.00693996768));
#11538 = CARTESIAN_POINT('',(80.986893945822,0.,18.343956694259));
#11539 = CARTESIAN_POINT('',(81.072780452013,0.,18.488501978053));
#11540 = CARTESIAN_POINT('',(81.163905354947,0.,18.629918359129));
#11541 = CARTESIAN_POINT('',(81.260100861839,0.,18.768041571225));
#11542 = CARTESIAN_POINT('',(81.361152888796,0.,18.9027458298));
#11543 = ORIENTED_EDGE('',*,*,#11544,.T.);
#11544 = EDGE_CURVE('',#11530,#10651,#11545,.T.);
#11545 = LINE('',#11546,#11547);
#11546 = CARTESIAN_POINT('',(81.361152888796,4.,18.9027458298));
#11547 = VECTOR('',#11548,1.);
#11548 = DIRECTION('',(0.,-1.,2.2E-16));
#11549 = ORIENTED_EDGE('',*,*,#10650,.T.);
#11550 = ORIENTED_EDGE('',*,*,#11511,.F.);
#11551 = SURFACE_OF_LINEAR_EXTRUSION('',#11552,#11556);
#11552 = B_SPLINE_CURVE_WITH_KNOTS('',2,(#11553,#11554,#11555),
  .UNSPECIFIED.,.F.,.F.,(3,3),(0.,1.),.PIECEWISE_BEZIER_KNOTS.);
#11553 = CARTESIAN_POINT('',(81.361152888796,4.,18.9027458298));
#11554 = CARTESIAN_POINT('',(80.781236593695,4.,18.129706466614));
#11555 = CARTESIAN_POINT('',(80.478695356722,4.,17.205122939519));
#11556 = VECTOR('',#11557,1.);
#11557 = DIRECTION('',(0.,1.,-2.2E-16));
#11558 = ADVANCED_FACE('',(#11559),#11584,.T.);
#11559 = FACE_BOUND('',#11560,.T.);
#11560 = EDGE_LOOP('',(#11561,#11576,#11582,#11583));
#11561 = ORIENTED_EDGE('',*,*,#11562,.T.);
#11562 = EDGE_CURVE('',#11530,#11563,#11565,.T.);
#11563 = VERTEX_POINT('',#11564);
#11564 = CARTESIAN_POINT('',(82.714108547083,0.,20.247495125421));
#11565 = B_SPLINE_CURVE_WITH_KNOTS('',5,(#11566,#11567,#11568,#11569,
    #11570,#11571,#11572,#11573,#11574,#11575),.UNSPECIFIED.,.F.,.F.,(6,
    4,6),(0.,0.560333499979,1.),.UNSPECIFIED.);
#11566 = CARTESIAN_POINT('',(81.361152888796,0.,18.9027458298));
#11567 = CARTESIAN_POINT('',(81.490155483788,0.,19.074708722936));
#11568 = CARTESIAN_POINT('',(81.62579429474,0.,19.241329303263));
#11569 = CARTESIAN_POINT('',(81.767985537087,0.,19.402203880766));
#11570 = CARTESIAN_POINT('',(81.916555335845,0.,19.556988181894));
#11571 = CARTESIAN_POINT('',(82.192582376207,0.,19.821874763182));
#11572 = CARTESIAN_POINT('',(82.317698741144,0.,19.934423132212));
#11573 = CARTESIAN_POINT('',(82.446436839405,0.,20.042929897552));
#11574 = CARTESIAN_POINT('',(82.578635775454,0.,20.147304717528));
#11575 = CARTESIAN_POINT('',(82.714108547083,0.,20.247495125421));
#11576 = ORIENTED_EDGE('',*,*,#11577,.T.);
#11577 = EDGE_CURVE('',#11563,#10659,#11578,.T.);
#11578 = LINE('',#11579,#11580);
#11579 = CARTESIAN_POINT('',(82.714108547083,4.,20.247495125421));
#11580 = VECTOR('',#11581,1.);
#11581 = DIRECTION('',(0.,-1.,2.2E-16));
#11582 = ORIENTED_EDGE('',*,*,#10658,.T.);
#11583 = ORIENTED_EDGE('',*,*,#11544,.F.);
#11584 = SURFACE_OF_LINEAR_EXTRUSION('',#11585,#11589);
#11585 = B_SPLINE_CURVE_WITH_KNOTS('',2,(#11586,#11587,#11588),
  .UNSPECIFIED.,.F.,.F.,(3,3),(0.,1.),.PIECEWISE_BEZIER_KNOTS.);
#11586 = CARTESIAN_POINT('',(82.714108547083,4.,20.247495125421));
#11587 = CARTESIAN_POINT('',(81.941069183896,4.,19.675785192986));
#11588 = CARTESIAN_POINT('',(81.361152888796,4.,18.9027458298));
#11589 = VECTOR('',#11590,1.);
#11590 = DIRECTION('',(0.,1.,-2.2E-16));
#11591 = ADVANCED_FACE('',(#11592),#11617,.T.);
#11592 = FACE_BOUND('',#11593,.T.);
#11593 = EDGE_LOOP('',(#11594,#11609,#11615,#11616));
#11594 = ORIENTED_EDGE('',*,*,#11595,.T.);
#11595 = EDGE_CURVE('',#11563,#11596,#11598,.T.);
#11596 = VERTEX_POINT('',#11597);
#11597 = CARTESIAN_POINT('',(84.596648142783,0.,21.196697740515));
#11598 = B_SPLINE_CURVE_WITH_KNOTS('',5,(#11599,#11600,#11601,#11602,
    #11603,#11604,#11605,#11606,#11607,#11608),.UNSPECIFIED.,.F.,.F.,(6,
    4,6),(0.,0.518503049543,1.),.UNSPECIFIED.);
#11599 = CARTESIAN_POINT('',(82.714108547083,0.,20.247495125421));
#11600 = CARTESIAN_POINT('',(82.894454117089,0.,20.379427183897));
#11601 = CARTESIAN_POINT('',(83.078745270368,0.,20.504431664857));
#11602 = CARTESIAN_POINT('',(83.267062453223,0.,20.621708657032));
#11603 = CARTESIAN_POINT('',(83.459381028242,0.,20.73029593333));
#11604 = CARTESIAN_POINT('',(83.837650914165,0.,20.921024864477));
#11605 = CARTESIAN_POINT('',(84.023075039496,0.,21.004499806926));
#11606 = CARTESIAN_POINT('',(84.211621538863,0.,21.078806958242));
#11607 = CARTESIAN_POINT('',(84.402982000444,0.,21.143101761589));
#11608 = CARTESIAN_POINT('',(84.596648142783,0.,21.196697740515));
#11609 = ORIENTED_EDGE('',*,*,#11610,.T.);
#11610 = EDGE_CURVE('',#11596,#10667,#11611,.T.);
#11611 = LINE('',#11612,#11613);
#11612 = CARTESIAN_POINT('',(84.596648142783,4.,21.196697740515));
#11613 = VECTOR('',#11614,1.);
#11614 = DIRECTION('',(0.,-1.,2.2E-16));
#11615 = ORIENTED_EDGE('',*,*,#10666,.T.);
#11616 = ORIENTED_EDGE('',*,*,#11577,.F.);
#11617 = SURFACE_OF_LINEAR_EXTRUSION('',#11618,#11622);
#11618 = B_SPLINE_CURVE_WITH_KNOTS('',2,(#11619,#11620,#11621),
  .UNSPECIFIED.,.F.,.F.,(3,3),(0.,1.),.PIECEWISE_BEZIER_KNOTS.);
#11619 = CARTESIAN_POINT('',(84.596648142783,4.,21.196697740515));
#11620 = CARTESIAN_POINT('',(83.655651890355,4.,20.936282498564));
#11621 = CARTESIAN_POINT('',(82.714108547083,4.,20.247495125421));
#11622 = VECTOR('',#11623,1.);
#11623 = DIRECTION('',(0.,1.,-2.2E-16));
#11624 = ADVANCED_FACE('',(#11625),#11650,.T.);
#11625 = FACE_BOUND('',#11626,.T.);
#11626 = EDGE_LOOP('',(#11627,#11642,#11648,#11649));
#11627 = ORIENTED_EDGE('',*,*,#11628,.T.);
#11628 = EDGE_CURVE('',#11596,#11629,#11631,.T.);
#11629 = VERTEX_POINT('',#11630);
#11630 = CARTESIAN_POINT('',(86.344603390751,0.,21.457112982466));
#11631 = B_SPLINE_CURVE_WITH_KNOTS('',5,(#11632,#11633,#11634,#11635,
    #11636,#11637,#11638,#11639,#11640,#11641),.UNSPECIFIED.,.F.,.F.,(6,
    4,6),(0.,0.518201066898,1.),.UNSPECIFIED.);
#11632 = CARTESIAN_POINT('',(84.596648142783,0.,21.196697740515));
#11633 = CARTESIAN_POINT('',(84.777642012919,0.,21.246786741785));
#11634 = CARTESIAN_POINT('',(84.959041149458,0.,21.291824116674));
#11635 = CARTESIAN_POINT('',(85.140726249139,0.,21.33137735699));
#11636 = CARTESIAN_POINT('',(85.322509710052,0.,21.36495011828));
#11637 = CARTESIAN_POINT('',(85.673001792255,0.,21.417167405018));
#11638 = CARTESIAN_POINT('',(85.841728187696,0.,21.43669431973));
#11639 = CARTESIAN_POINT('',(86.010105957572,0.,21.450162709992));
#11640 = CARTESIAN_POINT('',(86.177849913739,0.,21.457112982466));
#11641 = CARTESIAN_POINT('',(86.344603390751,0.,21.457112982466));
#11642 = ORIENTED_EDGE('',*,*,#11643,.T.);
#11643 = EDGE_CURVE('',#11629,#10675,#11644,.T.);
#11644 = LINE('',#11645,#11646);
#11645 = CARTESIAN_POINT('',(86.344603390751,4.,21.457112982466));
#11646 = VECTOR('',#11647,1.);
#11647 = DIRECTION('',(0.,-1.,2.2E-16));
#11648 = ORIENTED_EDGE('',*,*,#10674,.T.);
#11649 = ORIENTED_EDGE('',*,*,#11610,.F.);
#11650 = SURFACE_OF_LINEAR_EXTRUSION('',#11651,#11655);
#11651 = B_SPLINE_CURVE_WITH_KNOTS('',2,(#11652,#11653,#11654),
  .UNSPECIFIED.,.F.,.F.,(3,3),(0.,1.),.PIECEWISE_BEZIER_KNOTS.);
#11652 = CARTESIAN_POINT('',(86.344603390751,4.,21.457112982466));
#11653 = CARTESIAN_POINT('',(85.53764439521,4.,21.457112982466));
#11654 = CARTESIAN_POINT('',(84.596648142783,4.,21.196697740515));
#11655 = VECTOR('',#11656,1.);
#11656 = DIRECTION('',(0.,1.,-2.2E-16));
#11657 = ADVANCED_FACE('',(#11658),#11683,.T.);
#11658 = FACE_BOUND('',#11659,.T.);
#11659 = EDGE_LOOP('',(#11660,#11675,#11681,#11682));
#11660 = ORIENTED_EDGE('',*,*,#11661,.T.);
#11661 = EDGE_CURVE('',#11629,#11662,#11664,.T.);
#11662 = VERTEX_POINT('',#11663);
#11663 = CARTESIAN_POINT('',(88.260515527962,0.,21.13815902016));
#11664 = B_SPLINE_CURVE_WITH_KNOTS('',5,(#11665,#11666,#11667,#11668,
    #11669,#11670,#11671,#11672,#11673,#11674),.UNSPECIFIED.,.F.,.F.,(6,
    4,6),(0.,0.624843602654,1.),.UNSPECIFIED.);
#11665 = CARTESIAN_POINT('',(86.344603390751,0.,21.457112982466));
#11666 = CARTESIAN_POINT('',(86.589257055894,0.,21.457112982466));
#11667 = CARTESIAN_POINT('',(86.833406896822,0.,21.444971407383));
#11668 = CARTESIAN_POINT('',(87.076358753913,0.,21.420283702958));
#11669 = CARTESIAN_POINT('',(87.317396463234,0.,21.382881363567));
#11670 = CARTESIAN_POINT('',(87.698925694682,0.,21.30292311655));
#11671 = CARTESIAN_POINT('',(87.841110936991,0.,21.26839781849));
#11672 = CARTESIAN_POINT('',(87.982195085471,0.,21.229377088962));
#11673 = CARTESIAN_POINT('',(88.122038584689,0.,21.185929468639));
#11674 = CARTESIAN_POINT('',(88.260515527962,0.,21.13815902016));
#11675 = ORIENTED_EDGE('',*,*,#11676,.T.);
#11676 = EDGE_CURVE('',#11662,#10683,#11677,.T.);
#11677 = LINE('',#11678,#11679);
#11678 = CARTESIAN_POINT('',(88.260515527962,4.,21.13815902016));
#11679 = VECTOR('',#11680,1.);
#11680 = DIRECTION('',(0.,-1.,2.2E-16));
#11681 = ORIENTED_EDGE('',*,*,#10682,.T.);
#11682 = ORIENTED_EDGE('',*,*,#11643,.F.);
#11683 = SURFACE_OF_LINEAR_EXTRUSION('',#11684,#11688);
#11684 = B_SPLINE_CURVE_WITH_KNOTS('',2,(#11685,#11686,#11687),
  .UNSPECIFIED.,.F.,.F.,(3,3),(0.,1.),.PIECEWISE_BEZIER_KNOTS.);
#11685 = CARTESIAN_POINT('',(88.260515527962,4.,21.13815902016));
#11686 = CARTESIAN_POINT('',(87.335932000867,4.,21.457112982466));
#11687 = CARTESIAN_POINT('',(86.344603390751,4.,21.457112982466));
#11688 = VECTOR('',#11689,1.);
#11689 = DIRECTION('',(0.,1.,-2.2E-16));
#11690 = ADVANCED_FACE('',(#11691),#11724,.T.);
#11691 = FACE_BOUND('',#11692,.T.);
#11692 = EDGE_LOOP('',(#11693,#11716,#11722,#11723));
#11693 = ORIENTED_EDGE('',*,*,#11694,.T.);
#11694 = EDGE_CURVE('',#11662,#11695,#11697,.T.);
#11695 = VERTEX_POINT('',#11696);
#11696 = CARTESIAN_POINT('',(91.285380806841,0.,18.885786013623));
#11697 = B_SPLINE_CURVE_WITH_KNOTS('',5,(#11698,#11699,#11700,#11701,
    #11702,#11703,#11704,#11705,#11706,#11707,#11708,#11709,#11710,
    #11711,#11712,#11713,#11714,#11715),.UNSPECIFIED.,.F.,.F.,(6,4,4,4,6
    ),(0.,0.235728385881,0.467083682521,0.73033144581,1.),
  .UNSPECIFIED.);
#11698 = CARTESIAN_POINT('',(88.260515527962,0.,21.13815902016));
#11699 = CARTESIAN_POINT('',(88.430944300322,0.,21.07773473212));
#11700 = CARTESIAN_POINT('',(88.599303182234,0.,21.011776322029));
#11701 = CARTESIAN_POINT('',(88.765285963841,0.,20.940171566481));
#11702 = CARTESIAN_POINT('',(88.928574491953,0.,20.862860961932));
#11703 = CARTESIAN_POINT('',(89.246158365795,0.,20.698418104058));
#11704 = CARTESIAN_POINT('',(89.400567901243,0.,20.611492858344));
#11705 = CARTESIAN_POINT('',(89.55178068901,0.,20.519118663571));
#11706 = CARTESIAN_POINT('',(89.699523370871,0.,20.421387397837));
#11707 = CARTESIAN_POINT('',(90.007447095705,0.,20.201365694581));
#11708 = CARTESIAN_POINT('',(90.166541514293,0.,20.077542458637));
#11709 = CARTESIAN_POINT('',(90.320486567294,0.,19.947252978356));
#11710 = CARTESIAN_POINT('',(90.469038322304,0.,19.810846913357));
#11711 = CARTESIAN_POINT('',(90.758537193747,0.,19.523183039933));
#11712 = CARTESIAN_POINT('',(90.899215571328,0.,19.371638938021));
#11713 = CARTESIAN_POINT('',(91.033918630925,0.,19.214565584235));
#11714 = CARTESIAN_POINT('',(91.162621322071,0.,19.052453425737));
#11715 = CARTESIAN_POINT('',(91.285380806841,0.,18.885786013623));
#11716 = ORIENTED_EDGE('',*,*,#11717,.T.);
#11717 = EDGE_CURVE('',#11695,#10691,#11718,.T.);
#11718 = LINE('',#11719,#11720);
#11719 = CARTESIAN_POINT('',(91.285380806841,4.,18.885786013623));
#11720 = VECTOR('',#11721,1.);
#11721 = DIRECTION('',(0.,-1.,2.2E-16));
#11722 = ORIENTED_EDGE('',*,*,#10690,.T.);
#11723 = ORIENTED_EDGE('',*,*,#11676,.F.);
#11724 = SURFACE_OF_LINEAR_EXTRUSION('',#11725,#11729);
#11725 = B_SPLINE_CURVE_WITH_KNOTS('',2,(#11726,#11727,#11728),
  .UNSPECIFIED.,.F.,.F.,(3,3),(0.,1.),.PIECEWISE_BEZIER_KNOTS.);
#11726 = CARTESIAN_POINT('',(91.285380806841,4.,18.885786013623));
#11727 = CARTESIAN_POINT('',(90.109135491307,4.,20.482744188528));
#11728 = CARTESIAN_POINT('',(88.260515527962,4.,21.13815902016));
#11729 = VECTOR('',#11730,1.);
#11730 = DIRECTION('',(0.,1.,-2.2E-16));
#11731 = ADVANCED_FACE('',(#11732),#11757,.T.);
#11732 = FACE_BOUND('',#11733,.T.);
#11733 = EDGE_LOOP('',(#11734,#11749,#11755,#11756));
#11734 = ORIENTED_EDGE('',*,*,#11735,.T.);
#11735 = EDGE_CURVE('',#11695,#11736,#11738,.T.);
#11736 = VERTEX_POINT('',#11737);
#11737 = CARTESIAN_POINT('',(92.159631976248,0.,17.179956760675));
#11738 = B_SPLINE_CURVE_WITH_KNOTS('',5,(#11739,#11740,#11741,#11742,
    #11743,#11744,#11745,#11746,#11747,#11748),.UNSPECIFIED.,.F.,.F.,(6,
    4,6),(0.,0.495376025644,1.),.UNSPECIFIED.);
#11739 = CARTESIAN_POINT('',(91.285380806841,0.,18.885786013623));
#11740 = CARTESIAN_POINT('',(91.397549091907,0.,18.732909711886));
#11741 = CARTESIAN_POINT('',(91.503507970361,0.,18.575355034712));
#11742 = CARTESIAN_POINT('',(91.603100615662,0.,18.413428648766));
#11743 = CARTESIAN_POINT('',(91.696276785093,0.,18.247478535762));
#11744 = CARTESIAN_POINT('',(91.871475884521,0.,17.905108228586));
#11745 = CARTESIAN_POINT('',(91.953259980347,0.,17.728546680857));
#11746 = CARTESIAN_POINT('',(92.028451748609,0.,17.54858060511));
#11747 = CARTESIAN_POINT('',(92.097181682251,0.,17.365596675706));
#11748 = CARTESIAN_POINT('',(92.159631976248,0.,17.179956760675));
#11749 = ORIENTED_EDGE('',*,*,#11750,.T.);
#11750 = EDGE_CURVE('',#11736,#10699,#11751,.T.);
#11751 = LINE('',#11752,#11753);
#11752 = CARTESIAN_POINT('',(92.159631976248,4.,17.179956760675));
#11753 = VECTOR('',#11754,1.);
#11754 = DIRECTION('',(0.,-1.,2.2E-16));
#11755 = ORIENTED_EDGE('',*,*,#10698,.T.);
#11756 = ORIENTED_EDGE('',*,*,#11717,.F.);
#11757 = SURFACE_OF_LINEAR_EXTRUSION('',#11758,#11762);
#11758 = B_SPLINE_CURVE_WITH_KNOTS('',2,(#11759,#11760,#11761),
  .UNSPECIFIED.,.F.,.F.,(3,3),(0.,1.),.PIECEWISE_BEZIER_KNOTS.);
#11759 = CARTESIAN_POINT('',(92.159631976248,4.,17.179956760675));
#11760 = CARTESIAN_POINT('',(91.840130923098,4.,18.129706466614));
#11761 = CARTESIAN_POINT('',(91.285380806841,4.,18.885786013623));
#11762 = VECTOR('',#11763,1.);
#11763 = DIRECTION('',(0.,1.,-2.2E-16));
#11764 = ADVANCED_FACE('',(#11765),#11790,.T.);
#11765 = FACE_BOUND('',#11766,.T.);
#11766 = EDGE_LOOP('',(#11767,#11782,#11788,#11789));
#11767 = ORIENTED_EDGE('',*,*,#11768,.T.);
#11768 = EDGE_CURVE('',#11736,#11769,#11771,.T.);
#11769 = VERTEX_POINT('',#11770);
#11770 = CARTESIAN_POINT('',(92.479133029398,0.,15.238878444621));
#11771 = B_SPLINE_CURVE_WITH_KNOTS('',5,(#11772,#11773,#11774,#11775,
    #11776,#11777,#11778,#11779,#11780,#11781),.UNSPECIFIED.,.F.,.F.,(6,
    4,6),(0.,0.602696124836,1.),.UNSPECIFIED.);
#11772 = CARTESIAN_POINT('',(92.159631976248,0.,17.179956760675));
#11773 = CARTESIAN_POINT('',(92.235791333556,0.,16.953565246485));
#11774 = CARTESIAN_POINT('',(92.301173546081,0.,16.724005373905));
#11775 = CARTESIAN_POINT('',(92.355267558568,0.,16.491743455562));
#11776 = CARTESIAN_POINT('',(92.397744673328,0.,16.257325258418));
#11777 = CARTESIAN_POINT('',(92.448812052026,0.,15.86585848908));
#11778 = CARTESIAN_POINT('',(92.464017708816,0.,15.709663353018));
#11779 = CARTESIAN_POINT('',(92.474117173019,0.,15.552983522206));
#11780 = CARTESIAN_POINT('',(92.479133029398,0.,15.395996565674));
#11781 = CARTESIAN_POINT('',(92.479133029398,0.,15.238878444621));
#11782 = ORIENTED_EDGE('',*,*,#11783,.T.);
#11783 = EDGE_CURVE('',#11769,#10707,#11784,.T.);
#11784 = LINE('',#11785,#11786);
#11785 = CARTESIAN_POINT('',(92.479133029398,4.,15.238878444621));
#11786 = VECTOR('',#11787,1.);
#11787 = DIRECTION('',(0.,-1.,2.2E-16));
#11788 = ORIENTED_EDGE('',*,*,#10706,.T.);
#11789 = ORIENTED_EDGE('',*,*,#11750,.F.);
#11790 = SURFACE_OF_LINEAR_EXTRUSION('',#11791,#11795);
#11791 = B_SPLINE_CURVE_WITH_KNOTS('',2,(#11792,#11793,#11794),
  .UNSPECIFIED.,.F.,.F.,(3,3),(0.,1.),.PIECEWISE_BEZIER_KNOTS.);
#11792 = CARTESIAN_POINT('',(92.479133029398,4.,15.238878444621));
#11793 = CARTESIAN_POINT('',(92.479133029398,4.,16.230207054736));
#11794 = CARTESIAN_POINT('',(92.159631976248,4.,17.179956760675));
#11795 = VECTOR('',#11796,1.);
#11796 = DIRECTION('',(0.,1.,-2.2E-16));
#11797 = ADVANCED_FACE('',(#11798),#11819,.T.);
#11798 = FACE_BOUND('',#11799,.T.);
#11799 = EDGE_LOOP('',(#11800,#11811,#11817,#11818));
#11800 = ORIENTED_EDGE('',*,*,#11801,.T.);
#11801 = EDGE_CURVE('',#11769,#11802,#11804,.T.);
#11802 = VERTEX_POINT('',#11803);
#11803 = CARTESIAN_POINT('',(92.394881039355,0.,14.196670385973));
#11804 = B_SPLINE_CURVE_WITH_KNOTS('',5,(#11805,#11806,#11807,#11808,
    #11809,#11810),.UNSPECIFIED.,.F.,.F.,(6,6),(0.,1.),
  .PIECEWISE_BEZIER_KNOTS.);
#11805 = CARTESIAN_POINT('',(92.479133029398,0.,15.238878444621));
#11806 = CARTESIAN_POINT('',(92.479133029398,0.,15.026824548703));
#11807 = CARTESIAN_POINT('',(92.470945967236,0.,14.816272699081));
#11808 = CARTESIAN_POINT('',(92.454303153759,0.,14.607518492956));
#11809 = CARTESIAN_POINT('',(92.428989190761,0.,14.400876331405));
#11810 = CARTESIAN_POINT('',(92.394881039355,0.,14.196670385973));
#11811 = ORIENTED_EDGE('',*,*,#11812,.T.);
#11812 = EDGE_CURVE('',#11802,#10715,#11813,.T.);
#11813 = LINE('',#11814,#11815);
#11814 = CARTESIAN_POINT('',(92.394881039355,4.,14.196670385973));
#11815 = VECTOR('',#11816,1.);
#11816 = DIRECTION('',(0.,-1.,2.2E-16));
#11817 = ORIENTED_EDGE('',*,*,#10714,.T.);
#11818 = ORIENTED_EDGE('',*,*,#11783,.F.);
#11819 = SURFACE_OF_LINEAR_EXTRUSION('',#11820,#11824);
#11820 = B_SPLINE_CURVE_WITH_KNOTS('',2,(#11821,#11822,#11823),
  .UNSPECIFIED.,.F.,.F.,(3,3),(0.,1.),.PIECEWISE_BEZIER_KNOTS.);
#11821 = CARTESIAN_POINT('',(92.394881039355,4.,14.196670385973));
#11822 = CARTESIAN_POINT('',(92.479133029398,4.,14.701088144541));
#11823 = CARTESIAN_POINT('',(92.479133029398,4.,15.238878444621));
#11824 = VECTOR('',#11825,1.);
#11825 = DIRECTION('',(0.,1.,-2.2E-16));
#11826 = ADVANCED_FACE('',(#11827),#11848,.T.);
#11827 = FACE_BOUND('',#11828,.T.);
#11828 = EDGE_LOOP('',(#11829,#11840,#11846,#11847));
#11829 = ORIENTED_EDGE('',*,*,#11830,.T.);
#11830 = EDGE_CURVE('',#11802,#11831,#11833,.T.);
#11831 = VERTEX_POINT('',#11832);
#11832 = CARTESIAN_POINT('',(92.159631976248,0.,13.222301592034));
#11833 = B_SPLINE_CURVE_WITH_KNOTS('',5,(#11834,#11835,#11836,#11837,
    #11838,#11839),.UNSPECIFIED.,.F.,.F.,(6,6),(0.,1.),
  .PIECEWISE_BEZIER_KNOTS.);
#11834 = CARTESIAN_POINT('',(92.394881039355,0.,14.196670385973));
#11835 = CARTESIAN_POINT('',(92.36148995097,0.,13.996974331408));
#11836 = CARTESIAN_POINT('',(92.321365163162,0.,13.799470208794));
#11837 = CARTESIAN_POINT('',(92.274389293268,0.,13.604378069627));
#11838 = CARTESIAN_POINT('',(92.220485418042,0.,13.41191738893));
#11839 = CARTESIAN_POINT('',(92.159631976248,0.,13.222301592034));
#11840 = ORIENTED_EDGE('',*,*,#11841,.T.);
#11841 = EDGE_CURVE('',#11831,#10723,#11842,.T.);
#11842 = LINE('',#11843,#11844);
#11843 = CARTESIAN_POINT('',(92.159631976248,4.,13.222301592034));
#11844 = VECTOR('',#11845,1.);
#11845 = DIRECTION('',(0.,-1.,2.2E-16));
#11846 = ORIENTED_EDGE('',*,*,#10722,.T.);
#11847 = ORIENTED_EDGE('',*,*,#11812,.F.);
#11848 = SURFACE_OF_LINEAR_EXTRUSION('',#11849,#11853);
#11849 = B_SPLINE_CURVE_WITH_KNOTS('',2,(#11850,#11851,#11852),
  .UNSPECIFIED.,.F.,.F.,(3,3),(0.,1.),.PIECEWISE_BEZIER_KNOTS.);
#11850 = CARTESIAN_POINT('',(92.159631976248,4.,13.222301592034));
#11851 = CARTESIAN_POINT('',(92.310629049312,4.,13.692799718248));
#11852 = CARTESIAN_POINT('',(92.394881039355,4.,14.196670385973));
#11853 = VECTOR('',#11854,1.);
#11854 = DIRECTION('',(0.,1.,-2.2E-16));
#11855 = ADVANCED_FACE('',(#11856),#11881,.T.);
#11856 = FACE_BOUND('',#11857,.T.);
#11857 = EDGE_LOOP('',(#11858,#11873,#11879,#11880));
#11858 = ORIENTED_EDGE('',*,*,#11859,.T.);
#11859 = EDGE_CURVE('',#11831,#11860,#11862,.T.);
#11860 = VERTEX_POINT('',#11861);
#11861 = CARTESIAN_POINT('',(91.285380806841,0.,11.465592890554));
#11862 = B_SPLINE_CURVE_WITH_KNOTS('',5,(#11863,#11864,#11865,#11866,
    #11867,#11868,#11869,#11870,#11871,#11872),.UNSPECIFIED.,.F.,.F.,(6,
    4,6),(0.,0.72720210022,1.),.UNSPECIFIED.);
#11863 = CARTESIAN_POINT('',(92.159631976248,0.,13.222301592034));
#11864 = CARTESIAN_POINT('',(92.072986217295,0.,12.947949469201));
#11865 = CARTESIAN_POINT('',(91.971660583321,0.,12.67896755381));
#11866 = CARTESIAN_POINT('',(91.855349489675,0.,12.416498985837));
#11867 = CARTESIAN_POINT('',(91.724100399314,0.,12.161619026439));
#11868 = CARTESIAN_POINT('',(91.523838796061,0.,11.822844790427));
#11869 = CARTESIAN_POINT('',(91.467182651255,0.,11.731625018835));
#11870 = CARTESIAN_POINT('',(91.408529314196,0.,11.64164965766));
#11871 = CARTESIAN_POINT('',(91.347914335143,0.,11.552960308086));
#11872 = CARTESIAN_POINT('',(91.285380806841,0.,11.465592890554));
#11873 = ORIENTED_EDGE('',*,*,#11874,.T.);
#11874 = EDGE_CURVE('',#11860,#10731,#11875,.T.);
#11875 = LINE('',#11876,#11877);
#11876 = CARTESIAN_POINT('',(91.285380806841,4.,11.465592890554));
#11877 = VECTOR('',#11878,1.);
#11878 = DIRECTION('',(0.,-1.,2.2E-16));
#11879 = ORIENTED_EDGE('',*,*,#10730,.T.);
#11880 = ORIENTED_EDGE('',*,*,#11841,.F.);
#11881 = SURFACE_OF_LINEAR_EXTRUSION('',#11882,#11886);
#11882 = B_SPLINE_CURVE_WITH_KNOTS('',2,(#11883,#11884,#11885),
  .UNSPECIFIED.,.F.,.F.,(3,3),(0.,1.),.PIECEWISE_BEZIER_KNOTS.);
#11883 = CARTESIAN_POINT('',(91.285380806841,4.,11.465592890554));
#11884 = CARTESIAN_POINT('',(91.857090739276,4.,12.264345523429));
#11885 = CARTESIAN_POINT('',(92.159631976248,4.,13.222301592034));
#11886 = VECTOR('',#11887,1.);
#11887 = DIRECTION('',(0.,1.,-2.2E-16));
#11888 = ADVANCED_FACE('',(#11889),#11914,.T.);
#11889 = FACE_BOUND('',#11890,.T.);
#11890 = EDGE_LOOP('',(#11891,#11906,#11912,#11913));
#11891 = ORIENTED_EDGE('',*,*,#11892,.T.);
#11892 = EDGE_CURVE('',#11860,#11893,#11895,.T.);
#11893 = VERTEX_POINT('',#11894);
#11894 = CARTESIAN_POINT('',(89.958138418243,0.,10.096224506934));
#11895 = B_SPLINE_CURVE_WITH_KNOTS('',5,(#11896,#11897,#11898,#11899,
    #11900,#11901,#11902,#11903,#11904,#11905),.UNSPECIFIED.,.F.,.F.,(6,
    4,6),(0.,0.882971276447,1.),.UNSPECIFIED.);
#11896 = CARTESIAN_POINT('',(91.285380806841,0.,11.465592890554));
#11897 = CARTESIAN_POINT('',(91.087613628349,0.,11.18921136429));
#11898 = CARTESIAN_POINT('',(90.873298155852,0.,10.926080478107));
#11899 = CARTESIAN_POINT('',(90.642424133554,0.,10.678166273859));
#11900 = CARTESIAN_POINT('',(90.395528281281,0.,10.447160605342));
#11901 = CARTESIAN_POINT('',(90.099335327867,0.,10.205951937617));
#11902 = CARTESIAN_POINT('',(90.064414689278,0.,10.178039849915));
#11903 = CARTESIAN_POINT('',(90.029239508981,0.,10.150446469732));
#11904 = CARTESIAN_POINT('',(89.993812968695,0.,10.123174022616));
#11905 = CARTESIAN_POINT('',(89.958138418243,0.,10.096224506934));
#11906 = ORIENTED_EDGE('',*,*,#11907,.T.);
#11907 = EDGE_CURVE('',#11893,#10739,#11908,.T.);
#11908 = LINE('',#11909,#11910);
#11909 = CARTESIAN_POINT('',(89.958138418243,4.,10.096224506934));
#11910 = VECTOR('',#11911,1.);
#11911 = DIRECTION('',(0.,-1.,2.2E-16));
#11912 = ORIENTED_EDGE('',*,*,#10738,.T.);
#11913 = ORIENTED_EDGE('',*,*,#11874,.F.);
#11914 = SURFACE_OF_LINEAR_EXTRUSION('',#11915,#11919);
#11915 = B_SPLINE_CURVE_WITH_KNOTS('',2,(#11916,#11917,#11918),
  .UNSPECIFIED.,.F.,.F.,(3,3),(0.,1.),.PIECEWISE_BEZIER_KNOTS.);
#11916 = CARTESIAN_POINT('',(89.958138418243,4.,10.096224506934));
#11917 = CARTESIAN_POINT('',(90.714217965252,4.,10.667387348524));
#11918 = CARTESIAN_POINT('',(91.285380806841,4.,11.465592890554));
#11919 = VECTOR('',#11920,1.);
#11920 = DIRECTION('',(0.,1.,-2.2E-16));
#11921 = ADVANCED_FACE('',(#11922),#11947,.T.);
#11922 = FACE_BOUND('',#11923,.T.);
#11923 = EDGE_LOOP('',(#11924,#11939,#11945,#11946));
#11924 = ORIENTED_EDGE('',*,*,#11925,.T.);
#11925 = EDGE_CURVE('',#11893,#11926,#11928,.T.);
#11926 = VERTEX_POINT('',#11927);
#11927 = CARTESIAN_POINT('',(88.276928253295,0.,9.179847342506));
#11928 = B_SPLINE_CURVE_WITH_KNOTS('',5,(#11929,#11930,#11931,#11932,
    #11933,#11934,#11935,#11936,#11937,#11938),.UNSPECIFIED.,.F.,.F.,(6,
    4,6),(0.,0.274777739174,1.),.UNSPECIFIED.);
#11929 = CARTESIAN_POINT('',(89.958138418243,0.,10.096224506934));
#11930 = CARTESIAN_POINT('',(89.874781419196,0.,10.031371194588));
#11931 = CARTESIAN_POINT('',(89.790019908589,0.,9.968395977365));
#11932 = CARTESIAN_POINT('',(89.703888555782,0.,9.907344574916));
#11933 = CARTESIAN_POINT('',(89.616428275964,0.,9.848255062775));
#11934 = CARTESIAN_POINT('',(89.293468904956,0.,9.640460972238));
#11935 = CARTESIAN_POINT('',(89.0503073883,0.,9.503632174665));
#11936 = CARTESIAN_POINT('',(88.799106228503,0.,9.381258341886));
#11937 = CARTESIAN_POINT('',(88.540931146423,0.,9.273419965573));
#11938 = CARTESIAN_POINT('',(88.276928253295,0.,9.179847342506));
#11939 = ORIENTED_EDGE('',*,*,#11940,.T.);
#11940 = EDGE_CURVE('',#11926,#10747,#11941,.T.);
#11941 = LINE('',#11942,#11943);
#11942 = CARTESIAN_POINT('',(88.276928253295,4.,9.179847342506));
#11943 = VECTOR('',#11944,1.);
#11944 = DIRECTION('',(0.,-1.,2.2E-16));
#11945 = ORIENTED_EDGE('',*,*,#10746,.T.);
#11946 = ORIENTED_EDGE('',*,*,#11907,.F.);
#11947 = SURFACE_OF_LINEAR_EXTRUSION('',#11948,#11952);
#11948 = B_SPLINE_CURVE_WITH_KNOTS('',2,(#11949,#11950,#11951),
  .UNSPECIFIED.,.F.,.F.,(3,3),(0.,1.),.PIECEWISE_BEZIER_KNOTS.);
#11949 = CARTESIAN_POINT('',(88.276928253295,4.,9.179847342506));
#11950 = CARTESIAN_POINT('',(89.20151178039,4.,9.507554758323));
#11951 = CARTESIAN_POINT('',(89.958138418243,4.,10.096224506934));
#11952 = VECTOR('',#11953,1.);
#11953 = DIRECTION('',(0.,1.,-2.2E-16));
#11954 = ADVANCED_FACE('',(#11955),#11980,.T.);
#11955 = FACE_BOUND('',#11956,.T.);
#11956 = EDGE_LOOP('',(#11957,#11972,#11978,#11979));
#11957 = ORIENTED_EDGE('',*,*,#11958,.T.);
#11958 = EDGE_CURVE('',#11926,#11959,#11961,.T.);
#11959 = VERTEX_POINT('',#11960);
#11960 = CARTESIAN_POINT('',(86.344603390751,0.,8.85213992669));
#11961 = B_SPLINE_CURVE_WITH_KNOTS('',5,(#11962,#11963,#11964,#11965,
    #11966,#11967,#11968,#11969,#11970,#11971),.UNSPECIFIED.,.F.,.F.,(6,
    4,6),(0.,0.256556758869,1.),.UNSPECIFIED.);
#11962 = CARTESIAN_POINT('',(88.276928253295,0.,9.179847342506));
#11963 = CARTESIAN_POINT('',(88.181767997503,0.,9.146098974703));
#11964 = CARTESIAN_POINT('',(88.085899752827,0.,9.114469744862));
#11965 = CARTESIAN_POINT('',(87.989368854202,0.,9.084990750287));
#11966 = CARTESIAN_POINT('',(87.89222401014,0.,9.057684283525));
#11967 = CARTESIAN_POINT('',(87.511385446985,0.,8.959770468022));
#11968 = CARTESIAN_POINT('',(87.223509672507,0.,8.905326318892));
#11969 = CARTESIAN_POINT('',(86.93222475609,0.,8.869581820893));
#11970 = CARTESIAN_POINT('',(86.638841324185,0.,8.85213992669));
#11971 = CARTESIAN_POINT('',(86.344603390751,0.,8.85213992669));
#11972 = ORIENTED_EDGE('',*,*,#11973,.T.);
#11973 = EDGE_CURVE('',#11959,#10755,#11974,.T.);
#11974 = LINE('',#11975,#11976);
#11975 = CARTESIAN_POINT('',(86.344603390751,4.,8.85213992669));
#11976 = VECTOR('',#11977,1.);
#11977 = DIRECTION('',(0.,-1.,2.2E-16));
#11978 = ORIENTED_EDGE('',*,*,#10754,.T.);
#11979 = ORIENTED_EDGE('',*,*,#11940,.F.);
#11980 = SURFACE_OF_LINEAR_EXTRUSION('',#11981,#11985);
#11981 = B_SPLINE_CURVE_WITH_KNOTS('',2,(#11982,#11983,#11984),
  .UNSPECIFIED.,.F.,.F.,(3,3),(0.,1.),.PIECEWISE_BEZIER_KNOTS.);
#11982 = CARTESIAN_POINT('',(86.344603390751,4.,8.85213992669));
#11983 = CARTESIAN_POINT('',(87.352891817045,4.,8.85213992669));
#11984 = CARTESIAN_POINT('',(88.276928253295,4.,9.179847342506));
#11985 = VECTOR('',#11986,1.);
#11986 = DIRECTION('',(0.,1.,-2.2E-16));
#11987 = ADVANCED_FACE('',(#11988),#12013,.T.);
#11988 = FACE_BOUND('',#11989,.T.);
#11989 = EDGE_LOOP('',(#11990,#12005,#12011,#12012));
#11990 = ORIENTED_EDGE('',*,*,#11991,.T.);
#11991 = EDGE_CURVE('',#11959,#11992,#11994,.T.);
#11992 = VERTEX_POINT('',#11993);
#11993 = CARTESIAN_POINT('',(84.394771621186,0.,9.188600796017));
#11994 = B_SPLINE_CURVE_WITH_KNOTS('',5,(#11995,#11996,#11997,#11998,
    #11999,#12000,#12001,#12002,#12003,#12004),.UNSPECIFIED.,.F.,.F.,(6,
    4,6),(0.,0.572554969451,1.),.UNSPECIFIED.);
#11995 = CARTESIAN_POINT('',(86.344603390751,0.,8.85213992669));
#11996 = CARTESIAN_POINT('',(86.116260433478,0.,8.85213992669));
#11997 = CARTESIAN_POINT('',(85.88833098847,0.,8.862924902151));
#11998 = CARTESIAN_POINT('',(85.661400928347,0.,8.88482109712));
#11999 = CARTESIAN_POINT('',(85.436072975467,0.,8.917962075599));
#12000 = CARTESIAN_POINT('',(85.046392275698,0.,8.995269000737));
#12001 = CARTESIAN_POINT('',(84.881053127271,0.,9.034513240012));
#12002 = CARTESIAN_POINT('',(84.717192749779,0.,9.079907840052));
#12003 = CARTESIAN_POINT('',(84.555033378781,0.,9.131331196412));
#12004 = CARTESIAN_POINT('',(84.394771621186,0.,9.188600796017));
#12005 = ORIENTED_EDGE('',*,*,#12006,.T.);
#12006 = EDGE_CURVE('',#11992,#10763,#12007,.T.);
#12007 = LINE('',#12008,#12009);
#12008 = CARTESIAN_POINT('',(84.394771621186,4.,9.188600796017));
#12009 = VECTOR('',#12010,1.);
#12010 = DIRECTION('',(0.,-1.,2.2E-16));
#12011 = ORIENTED_EDGE('',*,*,#10762,.T.);
#12012 = ORIENTED_EDGE('',*,*,#11973,.F.);
#12013 = SURFACE_OF_LINEAR_EXTRUSION('',#12014,#12018);
#12014 = B_SPLINE_CURVE_WITH_KNOTS('',2,(#12015,#12016,#12017),
  .UNSPECIFIED.,.F.,.F.,(3,3),(0.,1.),.PIECEWISE_BEZIER_KNOTS.);
#12015 = CARTESIAN_POINT('',(84.394771621186,4.,9.188600796017));
#12016 = CARTESIAN_POINT('',(85.336314964458,4.,8.85213992669));
#12017 = CARTESIAN_POINT('',(86.344603390751,4.,8.85213992669));
#12018 = VECTOR('',#12019,1.);
#12019 = DIRECTION('',(0.,1.,-2.2E-16));
#12020 = ADVANCED_FACE('',(#12021),#12046,.T.);
#12021 = FACE_BOUND('',#12022,.T.);
#12022 = EDGE_LOOP('',(#12023,#12038,#12044,#12045));
#12023 = ORIENTED_EDGE('',*,*,#12024,.T.);
#12024 = EDGE_CURVE('',#11992,#12025,#12027,.T.);
#12025 = VERTEX_POINT('',#12026);
#12026 = CARTESIAN_POINT('',(82.73106836326,0.,10.054098511913));
#12027 = B_SPLINE_CURVE_WITH_KNOTS('',5,(#12028,#12029,#12030,#12031,
    #12032,#12033,#12034,#12035,#12036,#12037),.UNSPECIFIED.,.F.,.F.,(6,
    4,6),(0.,0.2045901221,1.),.UNSPECIFIED.);
#12028 = CARTESIAN_POINT('',(84.394771621186,0.,9.188600796017));
#12029 = CARTESIAN_POINT('',(84.321473793793,0.,9.212102924948));
#12030 = CARTESIAN_POINT('',(84.248604406001,0.,9.236873195674));
#12031 = CARTESIAN_POINT('',(84.176188219732,0.,9.262909021348));
#12032 = CARTESIAN_POINT('',(84.104249019251,0.,9.290204564315));
#12033 = CARTESIAN_POINT('',(83.755065943629,0.,9.429733156911));
#12034 = CARTESIAN_POINT('',(83.484848380109,0.,9.559630206563));
#12035 = CARTESIAN_POINT('',(83.223582629016,0.,9.707881484162));
#12036 = CARTESIAN_POINT('',(82.972152990324,0.,9.873242386869));
#12037 = CARTESIAN_POINT('',(82.73106836326,0.,10.054098511913));
#12038 = ORIENTED_EDGE('',*,*,#12039,.T.);
#12039 = EDGE_CURVE('',#12025,#10771,#12040,.T.);
#12040 = LINE('',#12041,#12042);
#12041 = CARTESIAN_POINT('',(82.73106836326,4.,10.054098511913));
#12042 = VECTOR('',#12043,1.);
#12043 = DIRECTION('',(0.,-1.,2.2E-16));
#12044 = ORIENTED_EDGE('',*,*,#10770,.T.);
#12045 = ORIENTED_EDGE('',*,*,#12006,.F.);
#12046 = SURFACE_OF_LINEAR_EXTRUSION('',#12047,#12051);
#12047 = B_SPLINE_CURVE_WITH_KNOTS('',2,(#12048,#12049,#12050),
  .UNSPECIFIED.,.F.,.F.,(3,3),(0.,1.),.PIECEWISE_BEZIER_KNOTS.);
#12048 = CARTESIAN_POINT('',(82.73106836326,4.,10.054098511913));
#12049 = CARTESIAN_POINT('',(83.504107726446,4.,9.474182216812));
#12050 = CARTESIAN_POINT('',(84.394771621186,4.,9.188600796017));
#12051 = VECTOR('',#12052,1.);
#12052 = DIRECTION('',(0.,1.,-2.2E-16));
#12053 = ADVANCED_FACE('',(#12054),#12079,.T.);
#12054 = FACE_BOUND('',#12055,.T.);
#12055 = EDGE_LOOP('',(#12056,#12071,#12077,#12078));
#12056 = ORIENTED_EDGE('',*,*,#12057,.T.);
#12057 = EDGE_CURVE('',#12025,#12058,#12060,.T.);
#12058 = VERTEX_POINT('',#12059);
#12059 = CARTESIAN_POINT('',(81.352946526129,0.,11.474346344065));
#12060 = B_SPLINE_CURVE_WITH_KNOTS('',5,(#12061,#12062,#12063,#12064,
    #12065,#12066,#12067,#12068,#12069,#12070),.UNSPECIFIED.,.F.,.F.,(6,
    4,6),(0.,0.495010373052,1.),.UNSPECIFIED.);
#12061 = CARTESIAN_POINT('',(82.73106836326,0.,10.054098511913));
#12062 = CARTESIAN_POINT('',(82.574623743023,0.,10.171459656606));
#12063 = CARTESIAN_POINT('',(82.42283041317,0.,10.295222723845));
#12064 = CARTESIAN_POINT('',(82.275922467579,0.,10.425123054342));
#12065 = CARTESIAN_POINT('',(82.134042282408,0.,10.56082729897));
#12066 = CARTESIAN_POINT('',(81.85772558418,0.,10.845938204801));
#12067 = CARTESIAN_POINT('',(81.723494073265,0.,10.995568827148));
#12068 = CARTESIAN_POINT('',(81.594642261178,0.,11.15045714194));
#12069 = CARTESIAN_POINT('',(81.471151266732,0.,11.310184968327));
#12070 = CARTESIAN_POINT('',(81.352946526129,0.,11.474346344065));
#12071 = ORIENTED_EDGE('',*,*,#12072,.T.);
#12072 = EDGE_CURVE('',#12058,#10779,#12073,.T.);
#12073 = LINE('',#12074,#12075);
#12074 = CARTESIAN_POINT('',(81.352946526129,4.,11.474346344065));
#12075 = VECTOR('',#12076,1.);
#12076 = DIRECTION('',(0.,-1.,2.2E-16));
#12077 = ORIENTED_EDGE('',*,*,#10778,.T.);
#12078 = ORIENTED_EDGE('',*,*,#12039,.F.);
#12079 = SURFACE_OF_LINEAR_EXTRUSION('',#12080,#12084);
#12080 = B_SPLINE_CURVE_WITH_KNOTS('',2,(#12081,#12082,#12083),
  .UNSPECIFIED.,.F.,.F.,(3,3),(0.,1.),.PIECEWISE_BEZIER_KNOTS.);
#12081 = CARTESIAN_POINT('',(81.352946526129,4.,11.474346344065));
#12082 = CARTESIAN_POINT('',(81.958029000074,4.,10.634014807014));
#12083 = CARTESIAN_POINT('',(82.73106836326,4.,10.054098511913));
#12084 = VECTOR('',#12085,1.);
#12085 = DIRECTION('',(0.,1.,-2.2E-16));
#12086 = ADVANCED_FACE('',(#12087),#12105,.T.);
#12087 = FACE_BOUND('',#12088,.T.);
#12088 = EDGE_LOOP('',(#12089,#12102,#12103,#12104));
#12089 = ORIENTED_EDGE('',*,*,#12090,.T.);
#12090 = EDGE_CURVE('',#12058,#11430,#12091,.T.);
#12091 = B_SPLINE_CURVE_WITH_KNOTS('',5,(#12092,#12093,#12094,#12095,
    #12096,#12097,#12098,#12099,#12100,#12101),.UNSPECIFIED.,.F.,.F.,(6,
    4,6),(0.,0.491425899594,1.),.UNSPECIFIED.);
#12092 = CARTESIAN_POINT('',(81.352946526129,0.,11.474346344065));
#12093 = CARTESIAN_POINT('',(81.239938674885,0.,11.628366906609));
#12094 = CARTESIAN_POINT('',(81.133634226983,0.,11.787668503836));
#12095 = CARTESIAN_POINT('',(81.034130068952,0.,11.951811349129));
#12096 = CARTESIAN_POINT('',(80.941381736759,0.,12.12032218465));
#12097 = CARTESIAN_POINT('',(80.766135331301,0.,12.471161913801));
#12098 = CARTESIAN_POINT('',(80.684106479464,0.,12.653770729814));
#12099 = CARTESIAN_POINT('',(80.609028316635,0.,12.840049734988));
#12100 = CARTESIAN_POINT('',(80.540652620404,0.,13.02951723785));
#12101 = CARTESIAN_POINT('',(80.478695356722,0.,13.22175450119));
#12102 = ORIENTED_EDGE('',*,*,#11453,.T.);
#12103 = ORIENTED_EDGE('',*,*,#10786,.T.);
#12104 = ORIENTED_EDGE('',*,*,#12072,.F.);
#12105 = SURFACE_OF_LINEAR_EXTRUSION('',#12106,#12110);
#12106 = B_SPLINE_CURVE_WITH_KNOTS('',2,(#12107,#12108,#12109),
  .UNSPECIFIED.,.F.,.F.,(3,3),(0.,1.),.PIECEWISE_BEZIER_KNOTS.);
#12107 = CARTESIAN_POINT('',(80.478695356722,4.,13.22175450119));
#12108 = CARTESIAN_POINT('',(80.798196409872,4.,12.230425891074));
#12109 = CARTESIAN_POINT('',(81.352946526129,4.,11.474346344065));
#12110 = VECTOR('',#12111,1.);
#12111 = DIRECTION('',(0.,1.,-2.2E-16));
#12112 = ADVANCED_FACE('',(#12113),#12124,.F.);
#12113 = FACE_BOUND('',#12114,.T.);
#12114 = EDGE_LOOP('',(#12115,#12116,#12122,#12123));
#12115 = ORIENTED_EDGE('',*,*,#11014,.F.);
#12116 = ORIENTED_EDGE('',*,*,#12117,.T.);
#12117 = EDGE_CURVE('',#11015,#10816,#12118,.T.);
#12118 = LINE('',#12119,#12120);
#12119 = CARTESIAN_POINT('',(194.1,21.,9.));
#12120 = VECTOR('',#12121,1.);
#12121 = DIRECTION('',(0.,-1.,0.));
#12122 = ORIENTED_EDGE('',*,*,#10815,.F.);
#12123 = ORIENTED_EDGE('',*,*,#12117,.F.);
#12124 = CYLINDRICAL_SURFACE('',#12125,3.1);
#12125 = AXIS2_PLACEMENT_3D('',#12126,#12127,#12128);
#12126 = CARTESIAN_POINT('',(191.,21.,9.));
#12127 = DIRECTION('',(-0.,1.,-0.));
#12128 = DIRECTION('',(1.,0.,0.));
#12129 = ADVANCED_FACE('',(#12130),#12145,.F.);
#12130 = FACE_BOUND('',#12131,.F.);
#12131 = EDGE_LOOP('',(#12132,#12133,#12134,#12135,#12136,#12137,#12138,
    #12139,#12140,#12141,#12142,#12143,#12144));
#12132 = ORIENTED_EDGE('',*,*,#11412,.T.);
#12133 = ORIENTED_EDGE('',*,*,#11082,.T.);
#12134 = ORIENTED_EDGE('',*,*,#11113,.T.);
#12135 = ORIENTED_EDGE('',*,*,#11137,.T.);
#12136 = ORIENTED_EDGE('',*,*,#11166,.T.);
#12137 = ORIENTED_EDGE('',*,*,#11194,.T.);
#12138 = ORIENTED_EDGE('',*,*,#11222,.T.);
#12139 = ORIENTED_EDGE('',*,*,#11250,.T.);
#12140 = ORIENTED_EDGE('',*,*,#11278,.T.);
#12141 = ORIENTED_EDGE('',*,*,#11302,.T.);
#12142 = ORIENTED_EDGE('',*,*,#11326,.T.);
#12143 = ORIENTED_EDGE('',*,*,#11355,.T.);
#12144 = ORIENTED_EDGE('',*,*,#11383,.T.);
#12145 = PLANE('',#12146);
#12146 = AXIS2_PLACEMENT_3D('',#12147,#12148,#12149);
#12147 = CARTESIAN_POINT('',(0.,0.,0.));
#12148 = DIRECTION('',(0.,1.,0.));
#12149 = DIRECTION('',(0.,0.,1.));
#12150 = ADVANCED_FACE('',(#12151),#12174,.F.);
#12151 = FACE_BOUND('',#12152,.F.);
#12152 = EDGE_LOOP('',(#12153,#12154,#12155,#12156,#12157,#12158,#12159,
    #12160,#12161,#12162,#12163,#12164,#12165,#12166,#12167,#12168,
    #12169,#12170,#12171,#12172,#12173));
#12153 = ORIENTED_EDGE('',*,*,#12090,.T.);
#12154 = ORIENTED_EDGE('',*,*,#11429,.T.);
#12155 = ORIENTED_EDGE('',*,*,#11469,.T.);
#12156 = ORIENTED_EDGE('',*,*,#11500,.T.);
#12157 = ORIENTED_EDGE('',*,*,#11529,.T.);
#12158 = ORIENTED_EDGE('',*,*,#11562,.T.);
#12159 = ORIENTED_EDGE('',*,*,#11595,.T.);
#12160 = ORIENTED_EDGE('',*,*,#11628,.T.);
#12161 = ORIENTED_EDGE('',*,*,#11661,.T.);
#12162 = ORIENTED_EDGE('',*,*,#11694,.T.);
#12163 = ORIENTED_EDGE('',*,*,#11735,.T.);
#12164 = ORIENTED_EDGE('',*,*,#11768,.T.);
#12165 = ORIENTED_EDGE('',*,*,#11801,.T.);
#12166 = ORIENTED_EDGE('',*,*,#11830,.T.);
#12167 = ORIENTED_EDGE('',*,*,#11859,.T.);
#12168 = ORIENTED_EDGE('',*,*,#11892,.T.);
#12169 = ORIENTED_EDGE('',*,*,#11925,.T.);
#12170 = ORIENTED_EDGE('',*,*,#11958,.T.);
#12171 = ORIENTED_EDGE('',*,*,#11991,.T.);
#12172 = ORIENTED_EDGE('',*,*,#12024,.T.);
#12173 = ORIENTED_EDGE('',*,*,#12057,.T.);
#12174 = PLANE('',#12175);
#12175 = AXIS2_PLACEMENT_3D('',#12176,#12177,#12178);
#12176 = CARTESIAN_POINT('',(0.,0.,0.));
#12177 = DIRECTION('',(0.,1.,0.));
#12178 = DIRECTION('',(0.,0.,1.));
#12179 = ( GEOMETRIC_REPRESENTATION_CONTEXT(3) 
GLOBAL_UNCERTAINTY_ASSIGNED_CONTEXT((#12183)) 
GLOBAL_UNIT_ASSIGNED_CONTEXT((#12180,#12181,#12182)) 
REPRESENTATION_CONTEXT('Context #1',
  '3D Context with UNIT and UNCERTAINTY') );
#12180 = ( LENGTH_UNIT() NAMED_UNIT(*) SI_UNIT(.MILLI.,.METRE.) );
#12181 = ( NAMED_UNIT(*) PLANE_ANGLE_UNIT() SI_UNIT($,.RADIAN.) );
#12182 = ( NAMED_UNIT(*) SI_UNIT($,.STERADIAN.) SOLID_ANGLE_UNIT() );
#12183 = UNCERTAINTY_MEASURE_WITH_UNIT(LENGTH_MEASURE(5.E-05),#12180,
  'distance_accuracy_value','confusion accuracy');
#12184 = PRODUCT_RELATED_PRODUCT_CATEGORY('part',$,(#7));
#12185 = MECHANICAL_DESIGN_GEOMETRIC_PRESENTATION_REPRESENTATION('',(
    #12186),#12179);
#12186 = STYLED_ITEM('color',(#12187),#15);
#12187 = PRESENTATION_STYLE_ASSIGNMENT((#12188,#12194));
#12188 = SURFACE_STYLE_USAGE(.BOTH.,#12189);
#12189 = SURFACE_SIDE_STYLE('',(#12190));
#12190 = SURFACE_STYLE_FILL_AREA(#12191);
#12191 = FILL_AREA_STYLE('',(#12192));
#12192 = FILL_AREA_STYLE_COLOUR('',#12193);
#12193 = COLOUR_RGB('',0.447058818107,0.474509808674,0.501960817233);
#12194 = CURVE_STYLE('',#12195,POSITIVE_LENGTH_MEASURE(0.1),#12196);
#12195 = DRAUGHTING_PRE_DEFINED_CURVE_FONT('continuous');
#12196 = COLOUR_RGB('',9.803921802644E-02,9.803921802644E-02,
  9.803921802644E-02);
ENDSEC;
END-ISO-10303-21;
